http://dbpedia.org/ontology/Village,Village,http://dbpedia.org/ontology/minimumElevation
"http://dbpedia.org/resource/Agia_Triada,_Thessaloniki","Agia Triada, Thessaloniki",1.0
"http://dbpedia.org/resource/Agridi,_Achaea","Agridi, Achaea",1118.0
"http://dbpedia.org/resource/Brody,_Lesser_Poland_Voivodeship","Brody, Lesser Poland Voivodeship",290.0
"http://dbpedia.org/resource/Agioi_Theodoroi,_Kozani","Agioi Theodoroi, Kozani",755.0
"http://dbpedia.org/resource/Agios_Dimitrios,_Pieria","Agios Dimitrios, Pieria",780.0
"http://dbpedia.org/resource/Poros,_Grevena","Poros, Grevena",595.0
"http://dbpedia.org/resource/Stefani,_Trikala","Stefani, Trikala",1350.0
"http://dbpedia.org/resource/Stomio,_Larissa","Stomio, Larissa",0.0
"http://dbpedia.org/resource/Grzybowo,_West_Pomeranian_Voivodeship","Grzybowo, West Pomeranian Voivodeship",0.3
http://dbpedia.org/resource/Borkovany,Borkovany,255.0
"http://dbpedia.org/resource/Brzozowiec,_Podkarpackie_Voivodeship","Brzozowiec, Podkarpackie Voivodeship",460.0
"http://dbpedia.org/resource/Griva,_Kilkis","Griva, Kilkis",470.0
http://dbpedia.org/resource/Jejkowice,Jejkowice,260.0
http://dbpedia.org/resource/Josefův_Důl_(Jablonec_nad_Nisou_District),Josefův Důl (Jablonec nad Nisou District),600.0
"http://dbpedia.org/resource/Lasowice_Małe,_Opole_Voivodeship","Lasowice Małe, Opole Voivodeship",200.0
http://dbpedia.org/resource/Miye_ou_Miye,Miye ou Miye,28.956
http://dbpedia.org/resource/Miye_ou_Miye,Miye ou Miye,29.0
http://dbpedia.org/resource/Niemysłowice,Niemysłowice,255.0
http://dbpedia.org/resource/Semice,Semice,171.0
"http://dbpedia.org/resource/Solec,_Piaseczno_County","Solec, Piaseczno County",100.0
http://dbpedia.org/resource/Wieszowa,Wieszowa,240.0
http://dbpedia.org/resource/Łąka_Prudnicka,Łąka Prudnicka,265.0
"http://dbpedia.org/resource/Łękawica,_Silesian_Voivodeship","Łękawica, Silesian Voivodeship",370.0
"http://dbpedia.org/resource/Łętownia,_Lesser_Poland_Voivodeship","Łętownia, Lesser Poland Voivodeship",450.0
http://dbpedia.org/resource/Chastanier,Chastanier,952.0
http://dbpedia.org/resource/Dłużyce,Dłużyce,102.0
http://dbpedia.org/resource/Estables,Estables,1090.0
http://dbpedia.org/resource/Gierczyn,Gierczyn,420.0
http://dbpedia.org/resource/Grandrieu,Grandrieu,867.0
http://dbpedia.org/resource/Gunsbach,Gunsbach,326.0
http://dbpedia.org/resource/Jegłowa,Jegłowa,175.0
http://dbpedia.org/resource/Krobica,Krobica,400.0
http://dbpedia.org/resource/Médan,Médan,18.0
http://dbpedia.org/resource/Proszowa,Proszowa,455.0
http://dbpedia.org/resource/Przecznica,Przecznica,430.0
http://dbpedia.org/resource/Pławna_Dolna,Pławna Dolna,255.0
http://dbpedia.org/resource/Saint-André-sur-Orne,Saint-André-sur-Orne,3.0
http://dbpedia.org/resource/Saint-Jean-la-Fouillouse,Saint-Jean-la-Fouillouse,1086.0
http://dbpedia.org/resource/Stronia,Stronia,175.0
http://dbpedia.org/resource/Wakken,Wakken,16.0
http://dbpedia.org/resource/Yarze,Yarze,600.0
"http://dbpedia.org/resource/Alpochori,_Achaea","Alpochori, Achaea",0.0
"http://dbpedia.org/resource/Asprochoma,_Larissa","Asprochoma, Larissa",575.0
"http://dbpedia.org/resource/Lofos,_Elassona","Lofos, Elassona",540.0
"http://dbpedia.org/resource/Orah,_Macedonia","Orah, Macedonia",550.0
"http://dbpedia.org/resource/Sopotnica,_Macedonia","Sopotnica, Macedonia",2000.0
http://dbpedia.org/resource/Cucuron,Cucuron,235.0
"http://dbpedia.org/resource/Gardiki,_Trikala","Gardiki, Trikala",1000.0
http://dbpedia.org/resource/Gravia,Gravia,400.0
http://dbpedia.org/resource/Lefktro,Lefktro,0.0
http://dbpedia.org/resource/Leontio,Leontio,772.0
"http://dbpedia.org/resource/Port_Williams,_Nova_Scotia","Port Williams, Nova Scotia",0.0
http://dbpedia.org/resource/Zaros,Zaros,300.0
"http://dbpedia.org/resource/Olympiada,_Kozani","Olympiada, Kozani",655.0
http://dbpedia.org/resource/Daychounieh,Daychounieh,200.0
http://dbpedia.org/resource/Ghabat,Ghabat,1000.0
http://dbpedia.org/resource/Ano_Scholari,Ano Scholari,160.0
http://dbpedia.org/resource/Graikas,Graikas,200.0
"http://dbpedia.org/resource/Kalloni,_Grevena","Kalloni, Grevena",970.0
http://dbpedia.org/resource/Metaxochori,Metaxochori,230.0
http://dbpedia.org/resource/Hochelaga_(village),Hochelaga (village),6.0
"http://dbpedia.org/resource/Kastro,_Grevena","Kastro, Grevena",800.0
"http://dbpedia.org/resource/Monodendri,_Achaea","Monodendri, Achaea",0.0
"http://dbpedia.org/resource/Neochori,_Grevena","Neochori, Grevena",550.0
"http://dbpedia.org/resource/Paralia,_Pieria","Paralia, Pieria",1.0
"http://dbpedia.org/resource/Petra,_Boeotia","Petra, Boeotia",120.0
"http://dbpedia.org/resource/Piece,_Pomeranian_Voivodeship","Piece, Pomeranian Voivodeship",110.0
"http://dbpedia.org/resource/Rama,_Saskatchewan","Rama, Saskatchewan",549.0
"http://dbpedia.org/resource/Saint-Aubin,_Jura","Saint-Aubin, Jura",180.0
http://dbpedia.org/resource/Saint-Pierre-d'Irube,Saint-Pierre-d'Irube,0.0
http://dbpedia.org/resource/San_Antonio_Palopó,San Antonio Palopó,1562.0
http://dbpedia.org/resource/San_Marcos_La_Laguna,San Marcos La Laguna,1562.0
"http://dbpedia.org/resource/Dębowiec,_Opole_Voivodeship","Dębowiec, Opole Voivodeship",305.0
"http://dbpedia.org/resource/Kokkinia,_Grevena","Kokkinia, Grevena",650.0
"http://dbpedia.org/resource/Agios_Thomas,_Boeotia","Agios Thomas, Boeotia",0.0
http://dbpedia.org/resource/Ampelonas,Ampelonas,65.0
"http://dbpedia.org/resource/Anavryta,_Grevena","Anavryta, Grevena",850.0
"http://dbpedia.org/resource/Drymos,_Larissa","Drymos, Larissa",415.0
"http://dbpedia.org/resource/Drymos,_Thessaloniki","Drymos, Thessaloniki",170.0
"http://dbpedia.org/resource/Emporio,_Kozani","Emporio, Kozani",670.0
"http://dbpedia.org/resource/Flampouro,_Larissa","Flampouro, Larissa",505.0
"http://dbpedia.org/resource/Gefyra,_Thessaloniki","Gefyra, Thessaloniki",7.0
"http://dbpedia.org/resource/Gerakari,_Larissa","Gerakari, Larissa",80.0
"http://dbpedia.org/resource/Isoma,_Achaea","Isoma, Achaea",100.0
"http://dbpedia.org/resource/Kalochori,_Thessaloniki","Kalochori, Thessaloniki",0.0
"http://dbpedia.org/resource/Kalyvia,_Larissa","Kalyvia, Larissa",580.0
http://dbpedia.org/resource/Kalyvia_Analipseos,Kalyvia Analipseos,250.0
"http://dbpedia.org/resource/Kastri,_Preveza","Kastri, Preveza",10.0
"http://dbpedia.org/resource/Kryovrysi,_Larissa","Kryovrysi, Larissa",1015.0
"http://dbpedia.org/resource/Krzyżowa,_Silesian_Voivodeship","Krzyżowa, Silesian Voivodeship",480.0
"http://dbpedia.org/resource/Kydonies,_Grevena","Kydonies, Grevena",870.0
http://dbpedia.org/resource/Milies,Milies,100.0
"http://dbpedia.org/resource/Moschochori,_Pieria","Moschochori, Pieria",100.0
"http://dbpedia.org/resource/Namata,_Kozani","Namata, Kozani",1120.0
"http://dbpedia.org/resource/Pierrefiche,_Lozère","Pierrefiche, Lozère",1074.0
"http://dbpedia.org/resource/Stratos,_Greece","Stratos, Greece",50.0
"http://dbpedia.org/resource/Vathylakkos,_Kozani","Vathylakkos, Kozani",395.0
"http://dbpedia.org/resource/Vathylakkos,_Thessaloniki","Vathylakkos, Thessaloniki",85.0
"http://dbpedia.org/resource/Velanidia,_Kozani","Velanidia, Kozani",700.0
"http://dbpedia.org/resource/Zawady,_Gmina_Troszyn","Zawady, Gmina Troszyn",100.0
"http://dbpedia.org/resource/Łęg,_Śrem_County","Łęg, Śrem County",60.0
http://dbpedia.org/resource/Bojewo,Bojewo,119.0
"http://dbpedia.org/resource/Borowce,_Masovian_Voivodeship","Borowce, Masovian Voivodeship",100.0
"http://dbpedia.org/resource/Bożydar,_Świętokrzyskie_Voivodeship","Bożydar, Świętokrzyskie Voivodeship",140.0
"http://dbpedia.org/resource/Budne,_Masovian_Voivodeship","Budne, Masovian Voivodeship",100.0
http://dbpedia.org/resource/Choromany,Choromany,100.0
"http://dbpedia.org/resource/Chrzczony,_Ostrołęka_County","Chrzczony, Ostrołęka County",100.0
http://dbpedia.org/resource/Czerwin,Czerwin,100.0
"http://dbpedia.org/resource/Dzbenin,_Gmina_Troszyn","Dzbenin, Gmina Troszyn",100.0
http://dbpedia.org/resource/Dęborzyce,Dęborzyce,95.0
http://dbpedia.org/resource/Grodzewo,Grodzewo,70.0
http://dbpedia.org/resource/Grucele,Grucele,100.0
http://dbpedia.org/resource/Janochy,Janochy,100.0
"http://dbpedia.org/resource/Jarosławki,_Greater_Poland_Voivodeship","Jarosławki, Greater Poland Voivodeship",80.0
"http://dbpedia.org/resource/Kaleje,_Greater_Poland_Voivodeship","Kaleje, Greater Poland Voivodeship",70.0
http://dbpedia.org/resource/Kamionowo,Kamionowo,100.0
"http://dbpedia.org/resource/Kuków,_Lesser_Poland_Voivodeship","Kuków, Lesser Poland Voivodeship",420.0
http://dbpedia.org/resource/Kurpie_Dworskie,Kurpie Dworskie,100.0
http://dbpedia.org/resource/Kurpie_Szlacheckie,Kurpie Szlacheckie,100.0
http://dbpedia.org/resource/Lachowice,Lachowice,390.0
"http://dbpedia.org/resource/Meszna,_Silesian_Voivodeship","Meszna, Silesian Voivodeship",620.0
http://dbpedia.org/resource/Mieczki-Abramy,Mieczki-Abramy,100.0
http://dbpedia.org/resource/Mieczki-Poziemaki,Mieczki-Poziemaki,100.0
http://dbpedia.org/resource/Mieczki-Ziemaki,Mieczki-Ziemaki,100.0
http://dbpedia.org/resource/Milewo-Tosie,Milewo-Tosie,100.0
http://dbpedia.org/resource/Milewo-Łosie,Milewo-Łosie,100.0
http://dbpedia.org/resource/Milewo_Wielkie,Milewo Wielkie,100.0
http://dbpedia.org/resource/Niesłabin,Niesłabin,60.0
http://dbpedia.org/resource/Ogony,Ogony,90.0
http://dbpedia.org/resource/Ojcewo,Ojcewo,100.0
http://dbpedia.org/resource/Opęchowo,Opęchowo,100.0
http://dbpedia.org/resource/Orkowo,Orkowo,60.0
http://dbpedia.org/resource/Parzymiechy,Parzymiechy,219.0
"http://dbpedia.org/resource/Rabędy,_Ostrołęka_County","Rabędy, Ostrołęka County",100.0
http://dbpedia.org/resource/Radoszkowo,Radoszkowo,90.0
"http://dbpedia.org/resource/Repki,_Ostrołęka_County","Repki, Ostrołęka County",100.0
"http://dbpedia.org/resource/Rogaszyce,_Ostrzeszów_County","Rogaszyce, Ostrzeszów County",200.0
http://dbpedia.org/resource/Sawały,Sawały,100.0
http://dbpedia.org/resource/Sebastianowo,Sebastianowo,90.0
"http://dbpedia.org/resource/Siemiątkowo,_Ostrołęka_County","Siemiątkowo, Ostrołęka County",100.0
"http://dbpedia.org/resource/Skarboszewo,_Greater_Poland_Voivodeship","Skarboszewo, Greater Poland Voivodeship",90.0
http://dbpedia.org/resource/Sroczewo,Sroczewo,60.0
http://dbpedia.org/resource/Stare_Janki,Stare Janki,100.0
http://dbpedia.org/resource/Targoszów,Targoszów,500.0
http://dbpedia.org/resource/Wyrzeka,Wyrzeka,80.0
http://dbpedia.org/resource/Wysocarz,Wysocarz,100.0
http://dbpedia.org/resource/Włościejewki,Włościejewki,90.0
"http://dbpedia.org/resource/Zaorze,_Gmina_Czerwin","Zaorze, Gmina Czerwin",100.0
http://dbpedia.org/resource/Zapieczne,Zapieczne,100.0
"http://dbpedia.org/resource/Zawory,_Greater_Poland_Voivodeship","Zawory, Greater Poland Voivodeship",80.0
http://dbpedia.org/resource/Łuszkowo,Łuszkowo,70.0
http://dbpedia.org/resource/Żmijewo-Zagroby,Żmijewo-Zagroby,100.0
http://dbpedia.org/resource/Żmijówek-Mans,Żmijówek-Mans,100.0
http://dbpedia.org/resource/Żmijówek_Włościański,Żmijówek Włościański,100.0
http://dbpedia.org/resource/Żyźniewo,Żyźniewo,100.0
http://dbpedia.org/resource/Anatoliko,Anatoliko,625.0
"http://dbpedia.org/resource/Anatoliko,_Thessaloniki","Anatoliko, Thessaloniki",3.0
http://dbpedia.org/resource/Ano_Komi,Ano Komi,435.0
http://dbpedia.org/resource/Ano_Stavros,Ano Stavros,25.0
http://dbpedia.org/resource/Argyropouli,Argyropouli,100.0
http://dbpedia.org/resource/Assiros,Assiros,175.0
"http://dbpedia.org/resource/Damasi,_Larissa","Damasi, Larissa",120.0
http://dbpedia.org/resource/Deleria,Deleria,70.0
http://dbpedia.org/resource/Diavata,Diavata,15.0
http://dbpedia.org/resource/Echinos,Echinos,305.0
http://dbpedia.org/resource/Eratyra,Eratyra,750.0
http://dbpedia.org/resource/Galatini,Galatini,1000.0
http://dbpedia.org/resource/Gerakarou,Gerakarou,115.0
http://dbpedia.org/resource/Kalamoto,Kalamoto,205.0
"http://dbpedia.org/resource/Kardia,_Thessaloniki","Kardia, Thessaloniki",150.0
"http://dbpedia.org/resource/Kavallari,_Thessaloniki","Kavallari, Thessaloniki",80.0
http://dbpedia.org/resource/Thesprotiko,Thesprotiko,30.0
http://dbpedia.org/resource/Verdikousa,Verdikousa,810.0
http://dbpedia.org/resource/Vlachogianni,Vlachogianni,150.0
http://dbpedia.org/resource/Zagliveri,Zagliveri,200.0
"http://dbpedia.org/resource/Agios_Georgios,_Grevena","Agios Georgios, Grevena",725.0
http://dbpedia.org/resource/Beaulieu-sur-Mer,Beaulieu-sur-Mer,0.0
"http://dbpedia.org/resource/Dimitra,_Grevena","Dimitra, Grevena",460.0
"http://dbpedia.org/resource/Kaminia,_Achaea","Kaminia, Achaea",0.0
http://dbpedia.org/resource/Le_Bonhomme,Le Bonhomme,644.0
http://dbpedia.org/resource/Murzasichle,Murzasichle,820.0
http://dbpedia.org/resource/Châteauneuf-de-Randon,Châteauneuf-de-Randon,1116.0
http://dbpedia.org/resource/Pimelles,Pimelles,183.0
http://dbpedia.org/resource/Ahetze,Ahetze,7.0
http://dbpedia.org/resource/Ain_Ebel,Ain Ebel,750.0
"http://dbpedia.org/resource/Bible_Hill,_Nova_Scotia","Bible Hill, Nova Scotia",11.0
http://dbpedia.org/resource/Biriatou,Biriatou,0.0
http://dbpedia.org/resource/Itxassou,Itxassou,31.0
http://dbpedia.org/resource/Jatxou,Jatxou,7.0
http://dbpedia.org/resource/Klobuky,Klobuky,235.0
http://dbpedia.org/resource/Lahonce,Lahonce,0.0
http://dbpedia.org/resource/Louhossoa,Louhossoa,71.0
http://dbpedia.org/resource/Mendionde,Mendionde,58.0
http://dbpedia.org/resource/Mouguerre,Mouguerre,0.0
http://dbpedia.org/resource/Saint-Pée-sur-Nivelle,Saint-Pée-sur-Nivelle,10.0
http://dbpedia.org/resource/Sare,Sare,27.0
http://dbpedia.org/resource/Sokołowsko,Sokołowsko,540.0
http://dbpedia.org/resource/Souraïde,Souraïde,40.0
http://dbpedia.org/resource/Urcuit,Urcuit,0.0
http://dbpedia.org/resource/Urrugne,Urrugne,0.0
http://dbpedia.org/resource/Urt,Urt,0.0
"http://dbpedia.org/resource/Agios_Vlasios,_Magnesia","Agios Vlasios, Magnesia",251.0
"http://dbpedia.org/resource/Anchialos,_Thessaloniki","Anchialos, Thessaloniki",15.0
"http://dbpedia.org/resource/Exochi,_Kozani","Exochi, Kozani",660.0
"http://dbpedia.org/resource/Exochi,_Pieria","Exochi, Pieria",240.0
"http://dbpedia.org/resource/Exochi,_Thessaloniki","Exochi, Thessaloniki",460.0
http://dbpedia.org/resource/Fanar_(Matn),Fanar (Matn),200.0
"http://dbpedia.org/resource/Gaj,_Śrem_County","Gaj, Śrem County",80.0
"http://dbpedia.org/resource/Kamienica,_Limanowa_County","Kamienica, Limanowa County",450.0
"http://dbpedia.org/resource/Karitsa,_Larissa","Karitsa, Larissa",245.0
"http://dbpedia.org/resource/Karya,_Larissa","Karya, Larissa",870.0
"http://dbpedia.org/resource/Kryoneri,_Thessaloniki","Kryoneri, Thessaloniki",570.0
http://dbpedia.org/resource/Laganas,Laganas,0.0
http://dbpedia.org/resource/Le_Marigot,Le Marigot,0.0
"http://dbpedia.org/resource/Lefki,_Larissa","Lefki, Larissa",425.0
"http://dbpedia.org/resource/Loutro,_Elassona","Loutro, Elassona",700.0
"http://dbpedia.org/resource/Lubomierz,_Limanowa_County","Lubomierz, Limanowa County",550.0
"http://dbpedia.org/resource/Magoula,_Larissa","Magoula, Larissa",175.0
"http://dbpedia.org/resource/Milea,_Grevena","Milea, Grevena",645.0
"http://dbpedia.org/resource/Milea,_Ioannina","Milea, Ioannina",1150.0
"http://dbpedia.org/resource/Milea,_Larissa","Milea, Larissa",565.0
"http://dbpedia.org/resource/Ostrowo,_Śrem_County","Ostrowo, Śrem County",80.0
http://dbpedia.org/resource/Palaio_Loutro,Palaio Loutro,0.0
"http://dbpedia.org/resource/Palaiochori,_Grevena","Palaiochori, Grevena",775.0
"http://dbpedia.org/resource/Pentalofos,_Thessaloniki","Pentalofos, Thessaloniki",85.0
http://dbpedia.org/resource/Petrovo_Polje_(Skender_Vakuf),Petrovo Polje (Skender Vakuf),1120.0
"http://dbpedia.org/resource/Rodia,_Grevena","Rodia, Grevena",840.0
"http://dbpedia.org/resource/Rodia,_Larissa","Rodia, Larissa",65.0
"http://dbpedia.org/resource/Sokolniki,_Września_County","Sokolniki, Września County",90.0
"http://dbpedia.org/resource/Trikorfo,_Grevena","Trikorfo, Grevena",960.0
"http://dbpedia.org/resource/Agios_Antonios,_Thessaloniki","Agios Antonios, Thessaloniki",200.0
"http://dbpedia.org/resource/Bobrowa,_Opole_Voivodeship","Bobrowa, Opole Voivodeship",219.0
"http://dbpedia.org/resource/Bodzanów,_Opole_Voivodeship","Bodzanów, Opole Voivodeship",280.0
"http://dbpedia.org/resource/Budzyń,_Greater_Poland_Voivodeship","Budzyń, Greater Poland Voivodeship",100.0
"http://dbpedia.org/resource/Bugaj,_Wadowice_County","Bugaj, Wadowice County",300.0
"http://dbpedia.org/resource/Chomętowo,_Kuyavian-Pomeranian_Voivodeship","Chomętowo, Kuyavian-Pomeranian Voivodeship",95.0
"http://dbpedia.org/resource/Chrostowo,_Masovian_Voivodeship","Chrostowo, Masovian Voivodeship",100.0
"http://dbpedia.org/resource/Chrząstowo,_Greater_Poland_Voivodeship","Chrząstowo, Greater Poland Voivodeship",70.0
"http://dbpedia.org/resource/Dąbek,_Gmina_Troszyn","Dąbek, Gmina Troszyn",100.0
"http://dbpedia.org/resource/Golejewo,_Masovian_Voivodeship","Golejewo, Masovian Voivodeship",119.0
"http://dbpedia.org/resource/Głogowiec,_Łódź_East_County","Głogowiec, Łódź East County",200.0
"http://dbpedia.org/resource/Kaliska,_Gmina_Kaliska","Kaliska, Gmina Kaliska",145.0
"http://dbpedia.org/resource/Kołacin,_Greater_Poland_Voivodeship","Kołacin, Greater Poland Voivodeship",90.0
"http://dbpedia.org/resource/Leopoldów,_Hrubieszów_County","Leopoldów, Hrubieszów County",150.0
"http://dbpedia.org/resource/Leszczyny,_Tatra_County","Leszczyny, Tatra County",920.0
"http://dbpedia.org/resource/Maciejowice,_Opole_Voivodeship","Maciejowice, Opole Voivodeship",220.0
"http://dbpedia.org/resource/Moszczanka,_Opole_Voivodeship","Moszczanka, Opole Voivodeship",290.0
"http://dbpedia.org/resource/Nisi,_Grevena","Nisi, Grevena",605.0
"http://dbpedia.org/resource/Pokrzywna,_Opole_Voivodeship","Pokrzywna, Opole Voivodeship",340.0
"http://dbpedia.org/resource/Ponikiew,_Lesser_Poland_Voivodeship","Ponikiew, Lesser Poland Voivodeship",450.0
"http://dbpedia.org/resource/Puchały,_Ostrołęka_County","Puchały, Ostrołęka County",100.0
"http://dbpedia.org/resource/Półwieś,_Lesser_Poland_Voivodeship","Półwieś, Lesser Poland Voivodeship",235.0
"http://dbpedia.org/resource/Radgoszcz,_Masovian_Voivodeship","Radgoszcz, Masovian Voivodeship",100.0
"http://dbpedia.org/resource/Sosnowiec,_Greater_Poland_Voivodeship","Sosnowiec, Greater Poland Voivodeship",60.0
"http://dbpedia.org/resource/Trzaski,_Ostrołęka_County","Trzaski, Ostrołęka County",100.0
"http://dbpedia.org/resource/Trzciana,_Lesser_Poland_Voivodeship","Trzciana, Lesser Poland Voivodeship",227.0
"http://dbpedia.org/resource/Zamość,_Ostrołęka_County","Zamość, Ostrołęka County",100.0
"http://dbpedia.org/resource/Łękawica,_Wadowice_County","Łękawica, Wadowice County",325.0
"http://dbpedia.org/resource/Świerkocin,_Lubusz_Voivodeship","Świerkocin, Lubusz Voivodeship",15.0
http://dbpedia.org/resource/Okrajnik,Okrajnik,430.0
"http://dbpedia.org/resource/Agia_Varvara,_Akrata","Agia Varvara, Akrata",600.0
"http://dbpedia.org/resource/Budhabare,_Mechi","Budhabare, Mechi",149.0
"http://dbpedia.org/resource/Chocim,_Opole_Voivodeship","Chocim, Opole Voivodeship",300.0
"http://dbpedia.org/resource/Drepano,_Achaea","Drepano, Achaea",40.0
"http://dbpedia.org/resource/Stary_Las,_Opole_Voivodeship","Stary Las, Opole Voivodeship",258.0
"http://dbpedia.org/resource/Troszyn,_Masovian_Voivodeship","Troszyn, Masovian Voivodeship",100.0
"http://dbpedia.org/resource/Wieprz,_Lesser_Poland_Voivodeship","Wieprz, Lesser Poland Voivodeship",270.0
"http://dbpedia.org/resource/Marcoux,_Alpes-de-Haute-Provence","Marcoux, Alpes-de-Haute-Provence",604.0
http://dbpedia.org/resource/Accolans,Accolans,360.0
http://dbpedia.org/resource/Fonds-Saint-Denis,Fonds-Saint-Denis,129.0
http://dbpedia.org/resource/Grand'Rivière,Grand'Rivière,0.0
http://dbpedia.org/resource/Le_Carbet,Le Carbet,0.0
http://dbpedia.org/resource/Le_Prêcheur,Le Prêcheur,0.0
http://dbpedia.org/resource/Le_Tallud,Le Tallud,132.0
http://dbpedia.org/resource/Macouba,Macouba,0.0
http://dbpedia.org/resource/Nahuja,Nahuja,1196.0
http://dbpedia.org/resource/Pompaire,Pompaire,133.0
http://dbpedia.org/resource/Sari-Solenzara,Sari-Solenzara,0.0
http://dbpedia.org/resource/Waly,Waly,194.0
http://dbpedia.org/resource/Bangesal,Bangesal,323.0
http://dbpedia.org/resource/Kleczkowo,Kleczkowo,100.0
http://dbpedia.org/resource/Kousba,Kousba,450.0
http://dbpedia.org/resource/Krużlowa_Niżna,Krużlowa Niżna,300.0
http://dbpedia.org/resource/Pisarzowa,Pisarzowa,450.0
http://dbpedia.org/resource/Stare_Rybie,Stare Rybie,315.0
http://dbpedia.org/resource/Syaulibang,Syaulibang,1500.0
http://dbpedia.org/resource/Łuszczów_Pierwszy,Łuszczów Pierwszy,172.0
"http://dbpedia.org/resource/Śliwnica,_Gmina_Dubiecko","Śliwnica, Gmina Dubiecko",290.0
http://dbpedia.org/resource/Arachovitika,Arachovitika,0.0
http://dbpedia.org/resource/Araxos,Araxos,0.0
http://dbpedia.org/resource/Aroania,Aroania,100.0
http://dbpedia.org/resource/Kondariotissa,Kondariotissa,40.0
http://dbpedia.org/resource/Pythio,Pythio,55.0
http://dbpedia.org/resource/Kato_Scholari,Kato Scholari,160.0
http://dbpedia.org/resource/Kitros,Kitros,65.0
http://dbpedia.org/resource/Kolchiko,Kolchiko,125.0
"http://dbpedia.org/resource/Krithia,_Thessaloniki","Krithia, Thessaloniki",185.0
http://dbpedia.org/resource/Kymina,Kymina,1.0
http://dbpedia.org/resource/Lagyna,Lagyna,95.0
http://dbpedia.org/resource/Lianovergi,Lianovergi,3.0
"http://dbpedia.org/resource/Loudias,_Thessaloniki","Loudias, Thessaloniki",2.0
"http://dbpedia.org/resource/Makrygialos,_Pieria","Makrygialos, Pieria",1.0
"http://dbpedia.org/resource/Melissochori,_Thessaloniki","Melissochori, Thessaloniki",190.0
http://dbpedia.org/resource/Meliti,Meliti,680.0
"http://dbpedia.org/resource/Mesimeri,_Thessaloniki","Mesimeri, Thessaloniki",100.0
http://dbpedia.org/resource/Nea_Apollonia,Nea Apollonia,85.0
"http://dbpedia.org/resource/Nea_Filadelfeia,_Thessaloniki","Nea Filadelfeia, Thessaloniki",55.0
http://dbpedia.org/resource/Nea_Karvali,Nea Karvali,1.0
http://dbpedia.org/resource/Nea_Kerasia,Nea Kerasia,30.0
http://dbpedia.org/resource/Nea_Madytos,Nea Madytos,50.0
http://dbpedia.org/resource/Nea_Malgara,Nea Malgara,1.0
http://dbpedia.org/resource/Nea_Raidestos,Nea Raidestos,30.0
http://dbpedia.org/resource/Nea_Vrasna,Nea Vrasna,2.0
http://dbpedia.org/resource/Neo_Rysio,Neo Rysio,25.0
"http://dbpedia.org/resource/Perdikkas,_Kozani","Perdikkas, Kozani",585.0
"http://dbpedia.org/resource/Peristera,_Thessaloniki","Peristera, Thessaloniki",505.0
"http://dbpedia.org/resource/Plagiari,_Thessaloniki","Plagiari, Thessaloniki",110.0
http://dbpedia.org/resource/Prochoma,Prochoma,65.0
http://dbpedia.org/resource/Profitis,Profitis,90.0
http://dbpedia.org/resource/Ritini,Ritini,490.0
http://dbpedia.org/resource/Sfendami,Sfendami,90.0
http://dbpedia.org/resource/Steiri,Steiri,440.0
http://dbpedia.org/resource/Tagarades,Tagarades,55.0
http://dbpedia.org/resource/Temeni,Temeni,0.0
"http://dbpedia.org/resource/Trilofo,_Thessaloniki","Trilofo, Thessaloniki",120.0
http://dbpedia.org/resource/Xylopoli,Xylopoli,530.0
http://dbpedia.org/resource/Sevasti,Sevasti,125.0
"http://dbpedia.org/resource/Koumaria,_Imathia","Koumaria, Imathia",720.0
http://dbpedia.org/resource/Mesaio,Mesaio,85.0
"http://dbpedia.org/resource/Adam,_Thessaloniki","Adam, Thessaloniki",220.0
"http://dbpedia.org/resource/Agia_Varvara,_Pieria","Agia Varvara, Pieria",50.0
"http://dbpedia.org/resource/Agiannis,_Pieria","Agiannis, Pieria",10.0
"http://dbpedia.org/resource/Agios_Charalambos,_Thessaloniki","Agios Charalambos, Thessaloniki",230.0
"http://dbpedia.org/resource/Agios_Dimitrios,_Dio-Olympos","Agios Dimitrios, Dio-Olympos",40.0
"http://dbpedia.org/resource/Agios_Vasileios,_Thessaloniki","Agios Vasileios, Thessaloniki",80.0
"http://dbpedia.org/resource/Agrampela,_Aetolia-Acarnania","Agrampela, Aetolia-Acarnania",190.0
"http://dbpedia.org/resource/Alyki,_Pieria","Alyki, Pieria",5.0
"http://dbpedia.org/resource/Analipsi,_Thessaloniki","Analipsi, Thessaloniki",95.0
http://dbpedia.org/resource/Andromachi,Andromachi,40.0
"http://dbpedia.org/resource/Ano_Milia,_Pieria","Ano Milia, Pieria",910.0
"http://dbpedia.org/resource/Apollonia,_Madytos","Apollonia, Madytos",45.0
"http://dbpedia.org/resource/Avgi,_Thessaloniki","Avgi, Thessaloniki",600.0
"http://dbpedia.org/resource/Chrysavgi,_Thessaloniki","Chrysavgi, Thessaloniki",105.0
http://dbpedia.org/resource/Dilakko,Dilakko,990.0
http://dbpedia.org/resource/Doliani,Doliani,900.0
http://dbpedia.org/resource/Dolichi,Dolichi,580.0
http://dbpedia.org/resource/Drakontio,Drakontio,120.0
"http://dbpedia.org/resource/Elatochori,_Ioannina","Elatochori, Ioannina",980.0
http://dbpedia.org/resource/Filadelfio,Filadelfio,395.0
"http://dbpedia.org/resource/Filothei,_Thessaloniki","Filothei, Thessaloniki",90.0
http://dbpedia.org/resource/Flambourari,Flambourari,970.0
"http://dbpedia.org/resource/Fteri,_Pieria","Fteri, Pieria",1200.0
http://dbpedia.org/resource/Gouriotissa,Gouriotissa,80.0
http://dbpedia.org/resource/Greveniti,Greveniti,910.0
"http://dbpedia.org/resource/Irakleio,_Thessaloniki","Irakleio, Thessaloniki",97.0
"http://dbpedia.org/resource/Kaisareia,_Kozani","Kaisareia, Kozani",320.0
http://dbpedia.org/resource/Karteres,Karteres,595.0
"http://dbpedia.org/resource/Karyes,_Pieria","Karyes, Pieria",445.0
http://dbpedia.org/resource/Kastanonas,Kastanonas,980.0
http://dbpedia.org/resource/Kato_Komi,Kato Komi,385.0
http://dbpedia.org/resource/Kato_Milia,Kato Milia,150.0
"http://dbpedia.org/resource/Kavallari,_Ioannina","Kavallari, Ioannina",625.0
"http://dbpedia.org/resource/Kleitos,_Kozani","Kleitos, Kozani",695.0
"http://dbpedia.org/resource/Koilada,_Kozani","Koilada, Kozani",660.0
http://dbpedia.org/resource/Kontovouni,Kontovouni,345.0
"http://dbpedia.org/resource/Lakkia,_Thessaloniki","Lakkia, Thessaloniki",100.0
"http://dbpedia.org/resource/Lefkara,_Kozani","Lefkara, Kozani",450.0
"http://dbpedia.org/resource/Lefkochori,_Thessaloniki","Lefkochori, Thessaloniki",560.0
http://dbpedia.org/resource/Limenas_Litochorou_(Gritsa),Limenas Litochorou (Gritsa),1.0
"http://dbpedia.org/resource/Livera,_Kozani","Livera, Kozani",940.0
"http://dbpedia.org/resource/Lofiskos,_Thessaloniki","Lofiskos, Thessaloniki",440.0
http://dbpedia.org/resource/Makrino,Makrino,960.0
http://dbpedia.org/resource/Mavrouda,Mavrouda,355.0
http://dbpedia.org/resource/Megali_Gefyra,Megali Gefyra,5.0
http://dbpedia.org/resource/Melissourgos,Melissourgos,100.0
http://dbpedia.org/resource/Mesokomo,Mesokomo,225.0
"http://dbpedia.org/resource/Mikri_Milia,_Pieria","Mikri Milia, Pieria",373.0
"http://dbpedia.org/resource/Milea,_Kozani","Milea, Kozani",415.0
"http://dbpedia.org/resource/Modi,_Thessaloniki","Modi, Thessaloniki",105.0
http://dbpedia.org/resource/Monopigado,Monopigado,385.0
http://dbpedia.org/resource/Nea_Chrani,Nea Chrani,40.0
http://dbpedia.org/resource/Nikomidino,Nikomidino,120.0
"http://dbpedia.org/resource/Nikopoli,_Thessaloniki","Nikopoli, Thessaloniki",550.0
http://dbpedia.org/resource/Nymfopetra,Nymfopetra,45.0
"http://dbpedia.org/resource/Ochthia,_Aetolia-Acarnania","Ochthia, Aetolia-Acarnania",40.0
http://dbpedia.org/resource/Palaiomanina,Palaiomanina,100.0
http://dbpedia.org/resource/Palioi_Poroi,Palioi Poroi,495.0
http://dbpedia.org/resource/Paralia_Korinou,Paralia Korinou,0.0
http://dbpedia.org/resource/Pente_Vryses,Pente Vryses,400.0
"http://dbpedia.org/resource/Peristerona,_Thessaloniki","Peristerona, Thessaloniki",55.0
"http://dbpedia.org/resource/Perivolaki,_Thessaloniki","Perivolaki, Thessaloniki",91.0
http://dbpedia.org/resource/Petrokerasa,Petrokerasa,495.0
"http://dbpedia.org/resource/Polydendri,_Thessaloniki","Polydendri, Thessaloniki",375.0
http://dbpedia.org/resource/Polymylos,Polymylos,855.0
"http://dbpedia.org/resource/Polythea,_Trikala","Polythea, Trikala",1025.0
"http://dbpedia.org/resource/Prosilio,_Pieria","Prosilio, Pieria",40.0
"http://dbpedia.org/resource/Rachi,_Pieria","Rachi, Pieria",230.0
"http://dbpedia.org/resource/Ryaki,_Kozani","Ryaki, Kozani",750.0
http://dbpedia.org/resource/Scholari,Scholari,75.0
http://dbpedia.org/resource/Sideras,Sideras,915.0
"http://dbpedia.org/resource/Skepasto,_Thessaloniki","Skepasto, Thessaloniki",400.0
http://dbpedia.org/resource/Skoteina,Skoteina,620.0
"http://dbpedia.org/resource/Sparto,_Kozani","Sparto, Kozani",335.0
"http://dbpedia.org/resource/Stefanina,_Thessaloniki","Stefanina, Thessaloniki",440.0
http://dbpedia.org/resource/Stivos,Stivos,110.0
http://dbpedia.org/resource/Strongylovouni,Strongylovouni,100.0
http://dbpedia.org/resource/Tetralofo,Tetralofo,720.0
"http://dbpedia.org/resource/Toxo,_Pieria","Toxo, Pieria",265.0
http://dbpedia.org/resource/Trapezitsa,Trapezitsa,535.0
http://dbpedia.org/resource/Tristeno,Tristeno,880.0
http://dbpedia.org/resource/Vasiloudi,Vasiloudi,105.0
http://dbpedia.org/resource/Voskochori,Voskochori,740.0
http://dbpedia.org/resource/Vrachia,Vrachia,2.0
"http://dbpedia.org/resource/Agioi_Theodoroi,_Grevena","Agioi Theodoroi, Grevena",770.0
"http://dbpedia.org/resource/Aimilianos,_Grevena","Aimilianos, Grevena",830.0
http://dbpedia.org/resource/Anthrakia,Anthrakia,700.0
"http://dbpedia.org/resource/Asprokampos,_Grevena","Asprokampos, Grevena",565.0
"http://dbpedia.org/resource/Despotis,_Grevena","Despotis, Grevena",665.0
"http://dbpedia.org/resource/Elatos,_Grevena","Elatos, Grevena",670.0
"http://dbpedia.org/resource/Eptalofos,_Phocis","Eptalofos, Phocis",785.0
"http://dbpedia.org/resource/Myrsina,_Grevena","Myrsina, Grevena",600.0
"http://dbpedia.org/resource/Briarcliff_Manor,_New_York","Briarcliff Manor, New York",0.0
"http://dbpedia.org/resource/Fleischmanns,_New_York","Fleischmanns, New York",451.104
"http://dbpedia.org/resource/Hoosick_Falls,_New_York","Hoosick Falls, New York",115.824
"http://dbpedia.org/resource/Margaretville,_New_York","Margaretville, New York",390.144
"http://dbpedia.org/resource/Maybrook,_New_York","Maybrook, New York",109.728
"http://dbpedia.org/resource/Medina,_New_York","Medina, New York",138.074
"http://dbpedia.org/resource/Menands,_New_York","Menands, New York",0.0
"http://dbpedia.org/resource/Millbrook,_New_York","Millbrook, New York",137.16
"http://dbpedia.org/resource/Tivoli,_New_York","Tivoli, New York",0.0
"http://dbpedia.org/resource/Woodridge,_New_York","Woodridge, New York",323.088
"http://dbpedia.org/resource/Albion_(village),_New_York","Albion (village), New York",134.112
http://dbpedia.org/resource/Baddeck,Baddeck,0.0
http://dbpedia.org/resource/Brienz,Brienz,564.0
http://dbpedia.org/resource/Coboconk,Coboconk,256.3
"http://dbpedia.org/resource/Cohocton_(village),_New_York","Cohocton (village), New York",384.048
"http://dbpedia.org/resource/Croisilles,_Pas-de-Calais","Croisilles, Pas-de-Calais",64.0
"http://dbpedia.org/resource/Kingsburg,_Nova_Scotia","Kingsburg, Nova Scotia",0.0
"http://dbpedia.org/resource/Le_Roy_(village),_New_York","Le Roy (village), New York",249.936
http://dbpedia.org/resource/Mahone_Bay_(town),Mahone Bay (town),0.0
http://dbpedia.org/resource/Mielno,Mielno,1.0
"http://dbpedia.org/resource/Montgomery_(village),_New_York","Montgomery (village), New York",103.632
http://dbpedia.org/resource/Perth-Andover,Perth-Andover,74.9808
http://dbpedia.org/resource/Perth-Andover,Perth-Andover,130.0
http://dbpedia.org/resource/Stopan,Stopan,660.0
"http://dbpedia.org/resource/Thredbo,_New_South_Wales","Thredbo, New South Wales",1365.0
http://dbpedia.org/resource/Wolfenschiessen,Wolfenschiessen,488.0
http://dbpedia.org/resource/Baskinta,Baskinta,1200.0
http://dbpedia.org/resource/Howth,Howth,0.0
"http://dbpedia.org/resource/St._Peter's,_Nova_Scotia","St. Peter's, Nova Scotia",0.0
http://dbpedia.org/resource/Wipperfeld,Wipperfeld,250.0
"http://dbpedia.org/resource/Rougemont,_Doubs","Rougemont, Doubs",245.0
"http://dbpedia.org/resource/Sienna,_Silesian_Voivodeship","Sienna, Silesian Voivodeship",394.0
"http://dbpedia.org/resource/Stavros,_Grevena","Stavros, Grevena",735.0
"http://dbpedia.org/resource/Stavros,_Thessaloniki","Stavros, Thessaloniki",0.0
"http://dbpedia.org/resource/Valira,_Greece","Valira, Greece",25.0
"http://dbpedia.org/resource/Zalesie,_Limanowa_County","Zalesie, Limanowa County",650.0
http://dbpedia.org/resource/Bzoummar,Bzoummar,920.0
"http://dbpedia.org/resource/Grimaud,_Var","Grimaud, Var",0.0
http://dbpedia.org/resource/Le_Barroux,Le Barroux,218.0
http://dbpedia.org/resource/Roumieh,Roumieh,550.0
http://dbpedia.org/resource/Brzóza_Królewska,Brzóza Królewska,184.0
http://dbpedia.org/resource/Cargèse,Cargèse,0.0
"http://dbpedia.org/resource/Middle_LaHave,_Nova_Scotia","Middle LaHave, Nova Scotia",0.0
http://dbpedia.org/resource/Sauveterre-de-Béarn,Sauveterre-de-Béarn,44.0
http://dbpedia.org/resource/Dziećmorowice,Dziećmorowice,400.0
http://dbpedia.org/resource/Jasná,Jasná,943.0
http://dbpedia.org/resource/Krahule,Krahule,872.0
http://dbpedia.org/resource/Orłowice,Orłowice,390.0
http://dbpedia.org/resource/Ouiatenon,Ouiatenon,152.4
"http://dbpedia.org/resource/Tiverton,_Nova_Scotia","Tiverton, Nova Scotia",0.0
"http://dbpedia.org/resource/Biały_Kościół,_Lower_Silesian_Voivodeship","Biały Kościół, Lower Silesian Voivodeship",180.0
http://dbpedia.org/resource/Kalousi,Kalousi,765.0
http://dbpedia.org/resource/Miłoszów,Miłoszów,190.0
http://dbpedia.org/resource/Mszana,Mszana,230.0
http://dbpedia.org/resource/Selianitika,Selianitika,0.0
http://dbpedia.org/resource/Szántód,Szántód,104.0
"http://dbpedia.org/resource/Shad_Bay,_Nova_Scotia","Shad Bay, Nova Scotia",0.0
http://dbpedia.org/resource/Al-Qoubaiyat,Al-Qoubaiyat,550.0
"http://dbpedia.org/resource/New_Paltz_(village),_New_York","New Paltz (village), New York",48.768
"http://dbpedia.org/resource/Parori,_Boeotia","Parori, Boeotia",150.0
"http://dbpedia.org/resource/Chittaha,_Lebanon","Chittaha, Lebanon",550.0
"http://dbpedia.org/resource/Ebba,_Lebanon","Ebba, Lebanon",200.0
http://dbpedia.org/resource/Saravali,Saravali,75.0
http://dbpedia.org/resource/Tsaritsani,Tsaritsani,295.0
http://dbpedia.org/resource/Prodromi,Prodromi,536.0
http://dbpedia.org/resource/Sparmos,Sparmos,565.0
"http://dbpedia.org/resource/Agiasma,_Kozani","Agiasma, Kozani",810.0
http://dbpedia.org/resource/Kleisoreia,Kleisoreia,845.0
http://dbpedia.org/resource/Loukomi,Loukomi,700.0
http://dbpedia.org/resource/Louvri,Louvri,735.0
"http://dbpedia.org/resource/Morfi,_Kozani","Morfi, Kozani",810.0
"http://dbpedia.org/resource/Omali,_Kozani","Omali, Kozani",765.0
http://dbpedia.org/resource/Plakida,Plakida,800.0
http://dbpedia.org/resource/Polykastano,Polykastano,1045.0
"http://dbpedia.org/resource/Stavrodromi,_Kozani","Stavrodromi, Kozani",980.0
"http://dbpedia.org/resource/Anatoliko,_Kozani","Anatoliko, Kozani",685.0
http://dbpedia.org/resource/Dryovouno,Dryovouno,780.0
http://dbpedia.org/resource/Kapnochori,Kapnochori,675.0
"http://dbpedia.org/resource/Katafygio,_Kozani","Katafygio, Kozani",1380.0
http://dbpedia.org/resource/Mesolongos,Mesolongos,740.0
http://dbpedia.org/resource/Mesovouno,Mesovouno,775.0
http://dbpedia.org/resource/Mikrokastro,Mikrokastro,650.0
http://dbpedia.org/resource/Mikrovalto,Mikrovalto,730.0
"http://dbpedia.org/resource/Molocha,_Kozani","Molocha, Kozani",680.0
http://dbpedia.org/resource/Nea_Agathoupoli,Nea Agathoupoli,6.0
http://dbpedia.org/resource/Neo_Keramidi,Neo Keramidi,50.0
http://dbpedia.org/resource/Palaio_Eleftherochori,Palaio Eleftherochori,115.0
http://dbpedia.org/resource/Palaiostani,Palaiostani,310.0
"http://dbpedia.org/resource/Peponia,_Kozani","Peponia, Kozani",590.0
"http://dbpedia.org/resource/Peristera,_Kozani","Peristera, Kozani",685.0
"http://dbpedia.org/resource/Platania,_Kozani","Platania, Kozani",665.0
http://dbpedia.org/resource/Polyfyto,Polyfyto,310.0
http://dbpedia.org/resource/Polylakko,Polylakko,620.0
http://dbpedia.org/resource/Pylorio,Pylorio,620.0
http://dbpedia.org/resource/Pyrgoi,Pyrgoi,680.0
"http://dbpedia.org/resource/Roditis,_Kozani","Roditis, Kozani",385.0
http://dbpedia.org/resource/Ryakia,Ryakia,410.0
http://dbpedia.org/resource/Simantro,Simantro,765.0
http://dbpedia.org/resource/Sisani,Sisani,840.0
http://dbpedia.org/resource/Skalochori,Skalochori,860.0
http://dbpedia.org/resource/Vouchorina,Vouchorina,730.0
http://dbpedia.org/resource/Vronti,Vronti,750.0
"http://dbpedia.org/resource/Agios_Nikolaos,_Messenia","Agios Nikolaos, Messenia",0.0
"http://dbpedia.org/resource/Arla,_Greece","Arla, Greece",50.0
"http://dbpedia.org/resource/Lake_George_(village),_New_York","Lake George (village), New York",107.594
http://dbpedia.org/resource/Melchsee-Frutt,Melchsee-Frutt,1080.0
http://dbpedia.org/resource/Urdazubi/Urdax,Urdazubi/Urdax,0.0
http://dbpedia.org/resource/Pchery,Pchery,247.0
http://dbpedia.org/resource/Apinac,Apinac,796.0
http://dbpedia.org/resource/Białka_Tatrzańska,Białka Tatrzańska,650.0
http://dbpedia.org/resource/Blevice,Blevice,213.0
"http://dbpedia.org/resource/Borkowo,_Podlaskie_Voivodeship","Borkowo, Podlaskie Voivodeship",150.0
"http://dbpedia.org/resource/Brzegi,_Tatra_County","Brzegi, Tatra County",770.0
http://dbpedia.org/resource/Bukowina_Tatrzańska,Bukowina Tatrzańska,860.0
"http://dbpedia.org/resource/Drawsko,_Greater_Poland_Voivodeship","Drawsko, Greater Poland Voivodeship",35.0
http://dbpedia.org/resource/Drohobyczka,Drohobyczka,250.0
http://dbpedia.org/resource/Dubiecko,Dubiecko,280.0
http://dbpedia.org/resource/Gliczarów_Górny,Gliczarów Górny,900.0
"http://dbpedia.org/resource/Grotniki,_Łódź_Voivodeship","Grotniki, Łódź Voivodeship",150.0
http://dbpedia.org/resource/Hafjell,Hafjell,200.0
http://dbpedia.org/resource/Hrusice,Hrusice,296.0
http://dbpedia.org/resource/Kierz_Niedźwiedzi,Kierz Niedźwiedzi,200.0
http://dbpedia.org/resource/Konieczno,Konieczno,250.0
"http://dbpedia.org/resource/Laskowa,_Oświęcim_County","Laskowa, Oświęcim County",250.0
http://dbpedia.org/resource/Lewniowa,Lewniowa,320.0
"http://dbpedia.org/resource/Liszki,_Lesser_Poland_Voivodeship","Liszki, Lesser Poland Voivodeship",212.0
"http://dbpedia.org/resource/Nowa_Biała,_Lesser_Poland_Voivodeship","Nowa Biała, Lesser Poland Voivodeship",600.0
http://dbpedia.org/resource/Nowe_Bystre,Nowe Bystre,800.0
http://dbpedia.org/resource/Okleśna,Okleśna,215.0
"http://dbpedia.org/resource/Percy,_Manche","Percy, Manche",60.0
http://dbpedia.org/resource/Putanges-Pont-Écrepin,Putanges-Pont-Écrepin,121.0
"http://dbpedia.org/resource/Szczawa,_Lesser_Poland_Voivodeship","Szczawa, Lesser Poland Voivodeship",530.0
"http://dbpedia.org/resource/Wały,_Lower_Silesian_Voivodeship","Wały, Lower Silesian Voivodeship",109.0
http://dbpedia.org/resource/Wisznice,Wisznice,149.0
http://dbpedia.org/resource/Yerakini,Yerakini,0.0
http://dbpedia.org/resource/Ściejowice,Ściejowice,206.0
"http://dbpedia.org/resource/Śniadowo,_Podlaskie_Voivodeship","Śniadowo, Podlaskie Voivodeship",120.0
http://dbpedia.org/resource/Mníšek_v_Krušných_horách,Mníšek v Krušných horách,700.0
http://dbpedia.org/resource/Examili,Examili,245.0
http://dbpedia.org/resource/Neoi_Poroi,Neoi Poroi,2.0
http://dbpedia.org/resource/Ano_Agios_Ioannis,Ano Agios Ioannis,60.0
http://dbpedia.org/resource/Foteina,Foteina,280.0
http://dbpedia.org/resource/Katalonia,Katalonia,360.0
http://dbpedia.org/resource/Kato_Agios_Ioannis,Kato Agios Ioannis,55.0
"http://dbpedia.org/resource/Koukkos,_Pieria","Koukkos, Pieria",190.0
http://dbpedia.org/resource/Meliadi,Meliadi,300.0
"http://dbpedia.org/resource/Nea_Trapezounta,_Pieria","Nea Trapezounta, Pieria",85.0
http://dbpedia.org/resource/Palaio_Keramidi,Palaio Keramidi,120.0
"http://dbpedia.org/resource/Trilofos,_Pieria","Trilofos, Pieria",265.0
http://dbpedia.org/resource/Vria,Vria,305.0
"http://dbpedia.org/resource/Cambridge_(village),_New_York","Cambridge (village), New York",140.208
"http://dbpedia.org/resource/Chester_(village),_New_York","Chester (village), New York",128.016
"http://dbpedia.org/resource/Freeport,_Nova_Scotia","Freeport, Nova Scotia",0.0
http://dbpedia.org/resource/Havre_Boucher,Havre Boucher,0.0
http://dbpedia.org/resource/Madonna_di_Campiglio,Madonna di Campiglio,1522.0
"http://dbpedia.org/resource/Monroe_(village),_New_York","Monroe (village), New York",164.592
http://dbpedia.org/resource/Pavlov_(Kladno_District),Pavlov (Kladno District),379.0
"http://dbpedia.org/resource/Port_Elgin,_New_Brunswick","Port Elgin, New Brunswick",0.0
http://dbpedia.org/resource/Roncesvalles,Roncesvalles,910.0
"http://dbpedia.org/resource/Elafos,_Larissa","Elafos, Larissa",450.0
"http://dbpedia.org/resource/Elafos,_Pieria","Elafos, Pieria",310.0
http://dbpedia.org/resource/Katarraktis,Katarraktis,100.0
"http://dbpedia.org/resource/Neokaisareia,_Pieria","Neokaisareia, Pieria",70.0
"http://dbpedia.org/resource/Agios_Theodoros,_Kozani","Agios Theodoros, Kozani",750.0
http://dbpedia.org/resource/Akrini,Akrini,785.0
http://dbpedia.org/resource/Avles,Avles,340.0
http://dbpedia.org/resource/Chorigos,Chorigos,680.0
http://dbpedia.org/resource/Damaskinia,Damaskinia,980.0
http://dbpedia.org/resource/Dasyllio,Dasyllio,975.0
http://dbpedia.org/resource/Foufas,Foufas,650.0
"http://dbpedia.org/resource/Galateia,_Kozani","Galateia, Kozani",645.0
http://dbpedia.org/resource/Mavranaioi,Mavranaioi,730.0
http://dbpedia.org/resource/Davleia,Davleia,260.0
http://dbpedia.org/resource/Falaisia,Falaisia,350.0
http://dbpedia.org/resource/Stoupa,Stoupa,0.0
http://dbpedia.org/resource/La_Margineda,La Margineda,920.0
http://dbpedia.org/resource/Aixàs,Aixàs,1480.0
http://dbpedia.org/resource/Aubinyà,Aubinyà,1140.0
http://dbpedia.org/resource/Bixessarri,Bixessarri,1190.0
http://dbpedia.org/resource/Certers,Certers,1250.0
"http://dbpedia.org/resource/Fontaneda,_Andorra","Fontaneda, Andorra",1300.0
http://dbpedia.org/resource/Nagol,Nagol,1020.0
"http://dbpedia.org/resource/Agios_Mamas,_Chalkidiki","Agios Mamas, Chalkidiki",0.0
http://dbpedia.org/resource/Kalyves_Polygyrou,Kalyves Polygyrou,0.0
http://dbpedia.org/resource/Psakoudia,Psakoudia,0.0
"http://dbpedia.org/resource/Aidonia,_Grevena","Aidonia, Grevena",730.0
"http://dbpedia.org/resource/Amygdalies,_Grevena","Amygdalies, Grevena",805.0
"http://dbpedia.org/resource/Eleftherochori,_Grevena","Eleftherochori, Grevena",580.0
"http://dbpedia.org/resource/Exarchos,_Grevena","Exarchos, Grevena",705.0
"http://dbpedia.org/resource/Koutsoufliani,_Larissa","Koutsoufliani, Larissa",350.0
"http://dbpedia.org/resource/Lefkothea,_Kozani","Lefkothea, Kozani",750.0
"http://dbpedia.org/resource/Mesochori,_Larissa","Mesochori, Larissa",145.0
"http://dbpedia.org/resource/Mikrokleisoura,_Grevena","Mikrokleisoura, Grevena",555.0
"http://dbpedia.org/resource/Paliampela,_Larissa","Paliampela, Larissa",340.0
"http://dbpedia.org/resource/Paliampela,_Pieria","Paliampela, Pieria",50.0
"http://dbpedia.org/resource/Paliampela,_Thessaloniki","Paliampela, Thessaloniki",5.0
"http://dbpedia.org/resource/Polydendro,_Grevena","Polydendro, Grevena",650.0
"http://dbpedia.org/resource/Sarakina,_Grevena","Sarakina, Grevena",730.0
"http://dbpedia.org/resource/Sarakina,_Thessaloniki","Sarakina, Thessaloniki",245.0
"http://dbpedia.org/resource/Skopia,_Elassona","Skopia, Elassona",540.0
"http://dbpedia.org/resource/Tsapournia,_Larissa","Tsapournia, Larissa",910.0
"http://dbpedia.org/resource/Vatolakkos,_Grevena","Vatolakkos, Grevena",560.0
http://dbpedia.org/resource/Elatochori,Elatochori,760.0
http://dbpedia.org/resource/Mavrodendri,Mavrodendri,685.0
http://dbpedia.org/resource/Platanias,Platanias,0.0
http://dbpedia.org/resource/Charoun,Charoun,750.0
http://dbpedia.org/resource/Tana_Toa,Tana Toa,75.0
http://dbpedia.org/resource/Stalida,Stalida,0.0
http://dbpedia.org/resource/Afetes,Afetes,0.0
http://dbpedia.org/resource/Agios_Kosmas,Agios Kosmas,920.0
http://dbpedia.org/resource/Dotsiko,Dotsiko,1040.0
http://dbpedia.org/resource/Kyriaki,Kyriaki,745.0
http://dbpedia.org/resource/Mesolouri,Mesolouri,1080.0
http://dbpedia.org/resource/Mouresi,Mouresi,0.0
http://dbpedia.org/resource/Samarina,Samarina,1380.0
http://dbpedia.org/resource/Smixi,Smixi,1175.0
http://dbpedia.org/resource/Tsotyli,Tsotyli,805.0
http://dbpedia.org/resource/Vertiskos,Vertiskos,705.0
http://dbpedia.org/resource/Vlasti,Vlasti,1180.0
http://dbpedia.org/resource/Ano_Vlasia,Ano Vlasia,600.0
http://dbpedia.org/resource/Eliki,Eliki,0.0
http://dbpedia.org/resource/Agiovlasitika,Agiovlasitika,20.0
http://dbpedia.org/resource/Arravonitsa,Arravonitsa,100.0
http://dbpedia.org/resource/Fostaina,Fostaina,50.0
http://dbpedia.org/resource/Koniskos,Koniskos,960.0
"http://dbpedia.org/resource/Kremasti,_Laconia","Kremasti, Laconia",770.0
http://dbpedia.org/resource/Syrna,Syrna,492.0
http://dbpedia.org/resource/Ainata,Ainata,1600.0
http://dbpedia.org/resource/Bekaa_Kafra,Bekaa Kafra,1500.0
"http://dbpedia.org/resource/Agapi,_Grevena","Agapi, Grevena",475.0
"http://dbpedia.org/resource/Agios_Georgios,_Deskati","Agios Georgios, Deskati",770.0
"http://dbpedia.org/resource/Akri,_Larissa","Akri, Larissa",900.0
"http://dbpedia.org/resource/Akropotamos,_Thessaloniki","Akropotamos, Thessaloniki",40.0
"http://dbpedia.org/resource/Alyki,_Boeotia","Alyki, Boeotia",2.0
"http://dbpedia.org/resource/Amouri,_Larissa","Amouri, Larissa",160.0
"http://dbpedia.org/resource/Amouri,_Pthiotis","Amouri, Pthiotis",30.0
http://dbpedia.org/resource/Anoixia,Anoixia,390.0
"http://dbpedia.org/resource/Areti,_Thessaloniki","Areti, Thessaloniki",410.0
http://dbpedia.org/resource/Azoros,Azoros,465.0
http://dbpedia.org/resource/Chorouda,Chorouda,655.0
http://dbpedia.org/resource/Diasellaki,Diasellaki,730.0
http://dbpedia.org/resource/Domeniko,Domeniko,235.0
"http://dbpedia.org/resource/Dorkada,_Thessaloniki","Dorkada, Thessaloniki",525.0
http://dbpedia.org/resource/Doxaras,Doxaras,565.0
http://dbpedia.org/resource/Farmaki,Farmaki,650.0
http://dbpedia.org/resource/Galanovrysi,Galanovrysi,265.0
"http://dbpedia.org/resource/Galini,_Thessaloniki","Galini, Thessaloniki",560.0
"http://dbpedia.org/resource/Gerania,_Larissa","Gerania, Larissa",455.0
http://dbpedia.org/resource/Giannota,Giannota,535.0
"http://dbpedia.org/resource/Kalamitsi,_Grevena","Kalamitsi, Grevena",580.0
http://dbpedia.org/resource/Kalochi,Kalochi,565.0
http://dbpedia.org/resource/Kastanas,Kastanas,35.0
http://dbpedia.org/resource/Kato_Stefanina,Kato Stefanina,405.0
http://dbpedia.org/resource/Kokkalou,Kokkalou,65.0
http://dbpedia.org/resource/Kokkinogeio,Kokkinogeio,540.0
http://dbpedia.org/resource/Kokkinopilos,Kokkinopilos,1100.0
"http://dbpedia.org/resource/Krania,_Elassona","Krania, Elassona",750.0
"http://dbpedia.org/resource/Limni,_Thessaloniki","Limni, Thessaloniki",350.0
http://dbpedia.org/resource/Loutra_Volvis,Loutra Volvis,40.0
http://dbpedia.org/resource/Lykoudi,Lykoudi,395.0
"http://dbpedia.org/resource/Mavrorrachi,_Thessaloniki","Mavrorrachi, Thessaloniki",450.0
http://dbpedia.org/resource/Megali_Volvi,Megali Volvi,40.0
http://dbpedia.org/resource/Megalo_Eleftherochori,Megalo Eleftherochori,400.0
http://dbpedia.org/resource/Mesolakkos,Mesolakkos,600.0
"http://dbpedia.org/resource/Mesopotamo,_Thessaloniki","Mesopotamo, Thessaloniki",110.0
http://dbpedia.org/resource/Mikri_Volvi,Mikri Volvi,40.0
http://dbpedia.org/resource/Mikrokomi,Mikrokomi,280.0
http://dbpedia.org/resource/Monolofo,Monolofo,115.0
"http://dbpedia.org/resource/Olympiada,_Larissa","Olympiada, Larissa",555.0
http://dbpedia.org/resource/Paliaskia,Paliaskia,270.0
"http://dbpedia.org/resource/Petroto,_Thessaloniki","Petroto, Thessaloniki",70.0
"http://dbpedia.org/resource/Plateia,_Thessaloniki","Plateia, Thessaloniki",470.0
http://dbpedia.org/resource/Polydrosos,Polydrosos,340.0
"http://dbpedia.org/resource/Praitori,_Larissa","Praitori, Larissa",170.0
"http://dbpedia.org/resource/Pythio,_Larissa","Pythio, Larissa",690.0
"http://dbpedia.org/resource/Spitakia,_Thessaloniki","Spitakia, Thessaloniki",85.0
"http://dbpedia.org/resource/Stefania,_Thessaloniki","Stefania, Thessaloniki",485.0
http://dbpedia.org/resource/Stefanovouno,Stefanovouno,265.0
"http://dbpedia.org/resource/Sykaminea,_Larissa","Sykaminea, Larissa",890.0
"http://dbpedia.org/resource/Tsoukalades,_Boeotia","Tsoukalades, Boeotia",205.0
http://dbpedia.org/resource/Vaiochori,Vaiochori,100.0
http://dbpedia.org/resource/Valanida,Valanida,320.0
"http://dbpedia.org/resource/Vamvakia,_Thessaloniki","Vamvakia, Thessaloniki",130.0
http://dbpedia.org/resource/Varkos,Varkos,160.0
"http://dbpedia.org/resource/Xiropotamos,_Thessaloniki","Xiropotamos, Thessaloniki",360.0
"http://dbpedia.org/resource/Hrvaćani,_Kotor_Varoš","Hrvaćani, Kotor Varoš",470.0
"http://dbpedia.org/resource/Aetolofos,_Larissa","Aetolofos, Larissa",90.0
"http://dbpedia.org/resource/Agia_Sophia,_Larissa","Agia Sophia, Larissa",82.0
"http://dbpedia.org/resource/Ampelia,_Larissa","Ampelia, Larissa",235.0
"http://dbpedia.org/resource/Anavra,_Larissa","Anavra, Larissa",75.0
http://dbpedia.org/resource/Damasouli,Damasouli,125.0
http://dbpedia.org/resource/Dendra_Tyrnavou,Dendra Tyrnavou,80.0
http://dbpedia.org/resource/Kritiri,Kritiri,85.0
"http://dbpedia.org/resource/Lygaria,_Larissa","Lygaria, Larissa",100.0
http://dbpedia.org/resource/Megalovryso,Megalovryso,540.0
"http://dbpedia.org/resource/Agia_Paraskevi,_Aspropotamos","Agia Paraskevi, Aspropotamos",860.0
"http://dbpedia.org/resource/Agia_Paraskevi,_Thessaloniki","Agia Paraskevi, Thessaloniki",60.0
"http://dbpedia.org/resource/Bayport,_Nova_Scotia","Bayport, Nova Scotia",0.0
http://dbpedia.org/resource/Colligny,Colligny,218.0
"http://dbpedia.org/resource/Czernichów,_Silesian_Voivodeship","Czernichów, Silesian Voivodeship",330.0
"http://dbpedia.org/resource/Itea,_Florina","Itea, Florina",605.0
"http://dbpedia.org/resource/Itea,_Grevena","Itea, Grevena",620.0
"http://dbpedia.org/resource/Kallithea,_Grevena","Kallithea, Grevena",1000.0
"http://dbpedia.org/resource/Kallithea,_Pieria","Kallithea, Pieria",10.0
http://dbpedia.org/resource/Kallithea_Elassonos,Kallithea Elassonos,500.0
"http://dbpedia.org/resource/Kefalovryso,_Ioannina","Kefalovryso, Ioannina",650.0
"http://dbpedia.org/resource/Kefalovryso,_Larissa","Kefalovryso, Larissa",250.0
"http://dbpedia.org/resource/Kentro,_Elis","Kentro, Elis",60.0
"http://dbpedia.org/resource/Kentro,_Grevena","Kentro, Grevena",630.0
http://dbpedia.org/resource/La_Madeleine-Villefrouin,La Madeleine-Villefrouin,105.0
http://dbpedia.org/resource/Long_Point_(Cape_Cod),Long Point (Cape Cod),0.0
"http://dbpedia.org/resource/Longos,_Achaea","Longos, Achaea",0.0
"http://dbpedia.org/resource/Potamia,_Agia","Potamia, Agia",145.0
http://dbpedia.org/resource/Saint-Léger-des-Vignes,Saint-Léger-des-Vignes,186.0
"http://dbpedia.org/resource/Sainte-Anne,_Martinique","Sainte-Anne, Martinique",0.0
"http://dbpedia.org/resource/Semlin,_Poland","Semlin, Poland",110.0
"http://dbpedia.org/resource/Tsoukalaiika,_Achaea","Tsoukalaiika, Achaea",0.0
http://dbpedia.org/resource/Zibqin,Zibqin,390.0
http://dbpedia.org/resource/Beaufou,Beaufou,28.0
http://dbpedia.org/resource/Bertre,Bertre,224.0
http://dbpedia.org/resource/Pontaumur,Pontaumur,525.0
http://dbpedia.org/resource/Tigné,Tigné,37.0
http://dbpedia.org/resource/Ville-sur-Jarnioux,Ville-sur-Jarnioux,305.0
http://dbpedia.org/resource/Challain-la-Potherie,Challain-la-Potherie,42.0
http://dbpedia.org/resource/Foucaucourt-sur-Thabas,Foucaucourt-sur-Thabas,175.0
http://dbpedia.org/resource/Grazay,Grazay,128.0
http://dbpedia.org/resource/Houdelmont,Houdelmont,238.0
http://dbpedia.org/resource/Moyen,Moyen,236.0
http://dbpedia.org/resource/Saint-Baraing,Saint-Baraing,187.0
http://dbpedia.org/resource/Sarrogna,Sarrogna,390.0
http://dbpedia.org/resource/Taintrux,Taintrux,344.0
http://dbpedia.org/resource/Farellones,Farellones,2430.0
http://dbpedia.org/resource/Les_Paccots,Les Paccots,1060.0
http://dbpedia.org/resource/Baljvine,Baljvine,495.0
http://dbpedia.org/resource/Šiprage,Šiprage,507.0
http://dbpedia.org/resource/Foinikounta,Foinikounta,20.0
http://dbpedia.org/resource/Alexandrini,Alexandrini,0.0
"http://dbpedia.org/resource/Palaiopyrgos,_Larissa","Palaiopyrgos, Larissa",1.0
http://dbpedia.org/resource/Strintzios,Strintzios,0.0
http://dbpedia.org/resource/Hasroun,Hasroun,1450.0
http://dbpedia.org/resource/Aitou,Aitou,900.0
"http://dbpedia.org/resource/Beycik,_Kemer","Beycik, Kemer",450.0
"http://dbpedia.org/resource/Debel,_Lebanon","Debel, Lebanon",560.0
http://dbpedia.org/resource/Issigeac,Issigeac,94.0
http://dbpedia.org/resource/Qaouzah,Qaouzah,700.0
http://dbpedia.org/resource/Radziechowy,Radziechowy,380.0
http://dbpedia.org/resource/Souk_El_Gharb,Souk El Gharb,674.0
http://dbpedia.org/resource/Yaroun,Yaroun,750.0
http://dbpedia.org/resource/Ain_el_Safssaf,Ain el Safssaf,1000.0
http://dbpedia.org/resource/Bachevo,Bachevo,837.0
http://dbpedia.org/resource/Deyrintar,Deyrintar,540.0
http://dbpedia.org/resource/Alissos,Alissos,43.0
http://dbpedia.org/resource/Sageika,Sageika,29.0
"http://dbpedia.org/resource/Philmont,_New_York","Philmont, New York",85.344
http://dbpedia.org/resource/Krościenko_nad_Dunajcem,Krościenko nad Dunajcem,420.0
"http://dbpedia.org/resource/Agios_Vasileios,_Corinthia","Agios Vasileios, Corinthia",300.0
"http://dbpedia.org/resource/Anilio,_Ioannina","Anilio, Ioannina",1010.0
"http://dbpedia.org/resource/Glossa,_Skopelos","Glossa, Skopelos",200.0
"http://dbpedia.org/resource/Ossa,_Larissa","Ossa, Larissa",125.0
"http://dbpedia.org/resource/Ossa,_Thessaloniki","Ossa, Thessaloniki",610.0
"http://dbpedia.org/resource/Petroto,_Larissa","Petroto, Larissa",440.0
"http://dbpedia.org/resource/Rychwałd,_Silesian_Voivodeship","Rychwałd, Silesian Voivodeship",450.0
"http://dbpedia.org/resource/Sykia,_Larissa","Sykia, Larissa",185.0
"http://dbpedia.org/resource/Zebrzydowice,_Lesser_Poland_Voivodeship","Zebrzydowice, Lesser Poland Voivodeship",270.0
http://dbpedia.org/resource/Avdella,Avdella,1250.0
"http://dbpedia.org/resource/Cisów,_Świętokrzyskie_Voivodeship","Cisów, Świętokrzyskie Voivodeship",270.0
"http://dbpedia.org/resource/Glinka,_Silesian_Voivodeship","Glinka, Silesian Voivodeship",600.0
"http://dbpedia.org/resource/Jastrzębia,_Wadowice_County","Jastrzębia, Wadowice County",340.0
"http://dbpedia.org/resource/Kiełczyn,_Greater_Poland_Voivodeship","Kiełczyn, Greater Poland Voivodeship",70.0
"http://dbpedia.org/resource/Kleisoura,_Larissa","Kleisoura, Larissa",485.0
"http://dbpedia.org/resource/Konradów,_Opole_Voivodeship","Konradów, Opole Voivodeship",320.0
"http://dbpedia.org/resource/Kranea,_Grevena","Kranea, Grevena",945.0
"http://dbpedia.org/resource/Laskowa,_Limanowa_County","Laskowa, Limanowa County",340.0
"http://dbpedia.org/resource/Marszowice,_Wieliczka_County","Marszowice, Wieliczka County",260.0
"http://dbpedia.org/resource/Olsza,_Greater_Poland_Voivodeship","Olsza, Greater Poland Voivodeship",60.0
"http://dbpedia.org/resource/Pietrzykowice,_Silesian_Voivodeship","Pietrzykowice, Silesian Voivodeship",340.0
"http://dbpedia.org/resource/Piotrkowice,_Kielce_County","Piotrkowice, Kielce County",280.0
"http://dbpedia.org/resource/Pobiedna,_Lower_Silesian_Voivodeship","Pobiedna, Lower Silesian Voivodeship",401.0
"http://dbpedia.org/resource/Podlesie,_Nysa_County","Podlesie, Nysa County",355.0
http://dbpedia.org/resource/Polanka_Wielka,Polanka Wielka,245.0
"http://dbpedia.org/resource/Pysząca,_Greater_Poland_Voivodeship","Pysząca, Greater Poland Voivodeship",80.0
"http://dbpedia.org/resource/Struga,_Lower_Silesian_Voivodeship","Struga, Lower Silesian Voivodeship",380.0
"http://dbpedia.org/resource/Słotwina,_Żywiec_County","Słotwina, Żywiec County",430.0
"http://dbpedia.org/resource/Tomice,_Lesser_Poland_Voivodeship","Tomice, Lesser Poland Voivodeship",440.0
"http://dbpedia.org/resource/Wilcza,_Lower_Silesian_Voivodeship","Wilcza, Lower Silesian Voivodeship",460.0
"http://dbpedia.org/resource/Wiśniowa,_Lesser_Poland_Voivodeship","Wiśniowa, Lesser Poland Voivodeship",320.0
"http://dbpedia.org/resource/Wysoka,_Wadowice_County","Wysoka, Wadowice County",300.0
"http://dbpedia.org/resource/Zawadka,_Wadowice_County","Zawadka, Wadowice County",300.0
"http://dbpedia.org/resource/Ługi,_Śrem_County","Ługi, Śrem County",100.0
http://dbpedia.org/resource/Kwieciszowice,Kwieciszowice,435.0
http://dbpedia.org/resource/Dębowina,Dębowina,375.0
http://dbpedia.org/resource/Gniechowice,Gniechowice,130.0
http://dbpedia.org/resource/Ożary,Ożary,267.0
http://dbpedia.org/resource/Sierpnica,Sierpnica,520.0
http://dbpedia.org/resource/Siodłowice,Siodłowice,320.0
http://dbpedia.org/resource/Storlien,Storlien,600.0
"http://dbpedia.org/resource/Alonia,_Pieria","Alonia, Pieria",150.0
"http://dbpedia.org/resource/Malawa,_Rzeszów_County","Malawa, Rzeszów County",220.0
"http://dbpedia.org/resource/Athamania,_Trikala","Athamania, Trikala",915.0
http://dbpedia.org/resource/Byszewy,Byszewy,190.0
"http://dbpedia.org/resource/Babica,_Lesser_Poland_Voivodeship","Babica, Lesser Poland Voivodeship",280.0
http://dbpedia.org/resource/Bachowice,Bachowice,260.0
http://dbpedia.org/resource/Barwałd_Górny,Barwałd Górny,280.0
"http://dbpedia.org/resource/Folusz,_Podkarpackie_Voivodeship","Folusz, Podkarpackie Voivodeship",380.0
http://dbpedia.org/resource/Frydrychowice,Frydrychowice,260.0
http://dbpedia.org/resource/Gaboń,Gaboń,340.0
http://dbpedia.org/resource/Gorzeń_Dolny,Gorzeń Dolny,275.0
http://dbpedia.org/resource/Gorzeń_Górny,Gorzeń Górny,275.0
http://dbpedia.org/resource/Graboszyce,Graboszyce,235.0
http://dbpedia.org/resource/Głogoczów,Głogoczów,250.0
http://dbpedia.org/resource/Hucisko_Nienadowskie,Hucisko Nienadowskie,250.0
"http://dbpedia.org/resource/Izdebnik,_Lesser_Poland_Voivodeship","Izdebnik, Lesser Poland Voivodeship",269.0
http://dbpedia.org/resource/Jodłówka_Tuchowska,Jodłówka Tuchowska,300.0
http://dbpedia.org/resource/Kacwin,Kacwin,530.0
http://dbpedia.org/resource/Kasina_Wielka,Kasina Wielka,480.0
http://dbpedia.org/resource/Komodzianka,Komodzianka,260.0
"http://dbpedia.org/resource/Leśnica,_Wadowice_County","Leśnica, Wadowice County",320.0
http://dbpedia.org/resource/Libertów,Libertów,230.0
http://dbpedia.org/resource/Libusza,Libusza,262.0
http://dbpedia.org/resource/Mroczków_Gościnny,Mroczków Gościnny,220.0
http://dbpedia.org/resource/Nidek,Nidek,265.0
http://dbpedia.org/resource/Niemojew,Niemojew,168.0
http://dbpedia.org/resource/Nienadowa,Nienadowa,250.0
http://dbpedia.org/resource/Nowy_Glinik,Nowy Glinik,280.0
http://dbpedia.org/resource/Przebieczany,Przebieczany,245.0
http://dbpedia.org/resource/Przytkowice,Przytkowice,280.0
http://dbpedia.org/resource/Sierockie,Sierockie,920.0
http://dbpedia.org/resource/Skawinki,Skawinki,350.0
"http://dbpedia.org/resource/Stronie,_Wadowice_County","Stronie, Wadowice County",420.0
http://dbpedia.org/resource/Targowiska,Targowiska,290.0
http://dbpedia.org/resource/Tłuczań,Tłuczań,250.0
http://dbpedia.org/resource/Ujanowice,Ujanowice,250.0
http://dbpedia.org/resource/Waksmund,Waksmund,545.0
"http://dbpedia.org/resource/Węgliska,_Podkarpackie_Voivodeship","Węgliska, Podkarpackie Voivodeship",200.0
http://dbpedia.org/resource/Łapszanka,Łapszanka,750.0
"http://dbpedia.org/resource/Łysa_Góra,_Podkarpackie_Voivodeship","Łysa Góra, Podkarpackie Voivodeship",401.0
"http://dbpedia.org/resource/Methoni,_Messenia","Methoni, Messenia",0.0
http://dbpedia.org/resource/Parasyros,Parasyros,130.0
"http://dbpedia.org/resource/Loutrochori,_Pella","Loutrochori, Pella",59.0
"http://dbpedia.org/resource/Agrampela,_Achaea","Agrampela, Achaea",600.0
http://dbpedia.org/resource/Agalaioi,Agalaioi,695.0
http://dbpedia.org/resource/Alatopetra,Alatopetra,935.0
http://dbpedia.org/resource/Ano_Ekklisia,Ano Ekklisia,980.0
"http://dbpedia.org/resource/Anoixi,_Grevena","Anoixi, Grevena",545.0
http://dbpedia.org/resource/Dasaki,Dasaki,740.0
"http://dbpedia.org/resource/Diporo,_Grevena","Diporo, Grevena",615.0
"http://dbpedia.org/resource/Ekklisia,_Grevena","Ekklisia, Grevena",925.0
"http://dbpedia.org/resource/Elefthero,_Grevena","Elefthero, Grevena",630.0
http://dbpedia.org/resource/Elefthero_Prosfygon,Elefthero Prosfygon,650.0
"http://dbpedia.org/resource/Eleousa,_Thessaloniki","Eleousa, Thessaloniki",8.0
"http://dbpedia.org/resource/Felli,_Grevena","Felli, Grevena",615.0
http://dbpedia.org/resource/Gilofos,Gilofos,1040.0
"http://dbpedia.org/resource/Kalirachi,_Grevena","Kalirachi, Grevena",860.0
http://dbpedia.org/resource/Karpero,Karpero,190.0
"http://dbpedia.org/resource/Katakali,_Grevena","Katakali, Grevena",510.0
http://dbpedia.org/resource/Kipoureio,Kipoureio,795.0
http://dbpedia.org/resource/Kivotos,Kivotos,660.0
http://dbpedia.org/resource/Klimataki,Klimataki,695.0
http://dbpedia.org/resource/Knidi,Knidi,675.0
http://dbpedia.org/resource/Kosmati,Kosmati,720.0
"http://dbpedia.org/resource/Kyparissi,_Grevena","Kyparissi, Grevena",910.0
http://dbpedia.org/resource/Kyrakali,Kyrakali,570.0
http://dbpedia.org/resource/Lavdas,Lavdas,1020.0
http://dbpedia.org/resource/Leipsi,Leipsi,830.0
"http://dbpedia.org/resource/Mavronoros,_Grevena","Mavronoros, Grevena",745.0
"http://dbpedia.org/resource/Mavronoros,_Ioannina","Mavronoros, Ioannina",500.0
http://dbpedia.org/resource/Megalo_Seirini,Megalo Seirini,635.0
http://dbpedia.org/resource/Megaro,Megaro,910.0
http://dbpedia.org/resource/Mikro_Monastiri,Mikro Monastiri,5.0
http://dbpedia.org/resource/Mikro_Seirini,Mikro Seirini,630.0
http://dbpedia.org/resource/Mikrolivado,Mikrolivado,810.0
http://dbpedia.org/resource/Monachiti,Monachiti,990.0
"http://dbpedia.org/resource/Nea_Trapezounta,_Grevena","Nea Trapezounta, Grevena",645.0
"http://dbpedia.org/resource/Oropedio,_Grevena","Oropedio, Grevena",810.0
"http://dbpedia.org/resource/Panagia,_Grevena","Panagia, Grevena",430.0
"http://dbpedia.org/resource/Panorama,_Grevena","Panorama, Grevena",1045.0
"http://dbpedia.org/resource/Partheni,_Thessaloniki","Partheni, Thessaloniki",4.0
"http://dbpedia.org/resource/Perivolaki,_Grevena","Perivolaki, Grevena",915.0
http://dbpedia.org/resource/Pigaditsa,Pigaditsa,685.0
http://dbpedia.org/resource/Pistiko,Pistiko,610.0
"http://dbpedia.org/resource/Polyneri,_Grevena","Polyneri, Grevena",950.0
http://dbpedia.org/resource/Pontini,Pontini,775.0
"http://dbpedia.org/resource/Prionia,_Grevena","Prionia, Grevena",740.0
http://dbpedia.org/resource/Prosvorro,Prosvorro,930.0
http://dbpedia.org/resource/Pyloroi,Pyloroi,715.0
http://dbpedia.org/resource/Sitaras,Sitaras,750.0
"http://dbpedia.org/resource/Spilaio,_Grevena","Spilaio, Grevena",925.0
http://dbpedia.org/resource/Syndendro,Syndendro,725.0
"http://dbpedia.org/resource/Taxiarchis,_Grevena","Taxiarchis, Grevena",620.0
"http://dbpedia.org/resource/Trifylli,_Grevena","Trifylli, Grevena",460.0
http://dbpedia.org/resource/Trikokkia,Trikokkia,520.0
http://dbpedia.org/resource/Valtochori,Valtochori,4.0
"http://dbpedia.org/resource/Varis,_Grevena","Varis, Grevena",725.0
http://dbpedia.org/resource/Vrasna,Vrasna,65.0
http://dbpedia.org/resource/Zakas,Zakas,870.0
"http://dbpedia.org/resource/Evangelismos,_Elassona","Evangelismos, Elassona",195.0
"http://dbpedia.org/resource/Evangelismos,_Thessaloniki","Evangelismos, Thessaloniki",90.0
http://dbpedia.org/resource/Agia_Efthymia,Agia Efthymia,470.0
"http://dbpedia.org/resource/Mati,_Greece","Mati, Greece",0.0
"http://dbpedia.org/resource/Międzybórz,_Greater_Poland_Voivodeship","Międzybórz, Greater Poland Voivodeship",90.0
"http://dbpedia.org/resource/Paraskevi,_Grevena","Paraskevi, Grevena",755.0
http://dbpedia.org/resource/Georgioupoli,Georgioupoli,0.0
http://dbpedia.org/resource/Kato_Vermio,Kato Vermio,1400.0
"http://dbpedia.org/resource/Skoutari,_Laconia","Skoutari, Laconia",45.0
"http://dbpedia.org/resource/Palaiokastro,_Kozani","Palaiokastro, Kozani",870.0
"http://dbpedia.org/resource/Palaiokastro,_Larissa","Palaiokastro, Larissa",200.0
http://dbpedia.org/resource/Bmahray,Bmahray,1215.0
http://dbpedia.org/resource/Mayfouq,Mayfouq,800.0
http://dbpedia.org/resource/Bartel_Wielki,Bartel Wielki,142.0
http://dbpedia.org/resource/Borzechowo,Borzechowo,105.0
http://dbpedia.org/resource/Bytnica,Bytnica,65.0
http://dbpedia.org/resource/Bytonia,Bytonia,120.0
"http://dbpedia.org/resource/Cieciorka,_Pomeranian_Voivodeship","Cieciorka, Pomeranian Voivodeship",140.0
http://dbpedia.org/resource/Gałązczyce,Gałązczyce,200.0
http://dbpedia.org/resource/Gnieżdżewo,Gnieżdżewo,30.0
http://dbpedia.org/resource/Iwiczno,Iwiczno,110.0
http://dbpedia.org/resource/Kleszczewo_Kościerskie,Kleszczewo Kościerskie,111.0
http://dbpedia.org/resource/Kocierz_Moszczanicki,Kocierz Moszczanicki,400.0
http://dbpedia.org/resource/Kozielno,Kozielno,240.0
http://dbpedia.org/resource/Mały_Bukowiec,Mały Bukowiec,107.0
"http://dbpedia.org/resource/Mieszkowice,_Opole_Voivodeship","Mieszkowice, Opole Voivodeship",250.0
http://dbpedia.org/resource/Miradowo,Miradowo,104.0
http://dbpedia.org/resource/Międzybrodzie_Bialskie,Międzybrodzie Bialskie,320.0
http://dbpedia.org/resource/Międzybrodzie_Żywieckie,Międzybrodzie Żywieckie,320.0
http://dbpedia.org/resource/Młada_Hora,Młada Hora,873.0
http://dbpedia.org/resource/Nowy_Świętów,Nowy Świętów,252.0
http://dbpedia.org/resource/Pinczyn,Pinczyn,102.0
http://dbpedia.org/resource/Polski_Świętów,Polski Świętów,250.0
http://dbpedia.org/resource/Przybędza,Przybędza,420.0
"http://dbpedia.org/resource/Ptakowice,_Silesian_Voivodeship","Ptakowice, Silesian Voivodeship",340.0
http://dbpedia.org/resource/Płocice,Płocice,136.7
"http://dbpedia.org/resource/Rudziczka,_Opole_Voivodeship","Rudziczka, Opole Voivodeship",245.0
http://dbpedia.org/resource/Rycerka_Górna,Rycerka Górna,600.0
http://dbpedia.org/resource/Sopotnia_Wielka,Sopotnia Wielka,500.0
http://dbpedia.org/resource/Szybowice,Szybowice,290.0
http://dbpedia.org/resource/Sól-Kiczora,Sól-Kiczora,550.0
http://dbpedia.org/resource/Sławniowice,Sławniowice,280.0
http://dbpedia.org/resource/Tereszewo,Tereszewo,100.0
http://dbpedia.org/resource/Twardorzeczka,Twardorzeczka,420.0
http://dbpedia.org/resource/Wierzbiec,Wierzbiec,275.0
http://dbpedia.org/resource/Zblewo,Zblewo,102.0
"http://dbpedia.org/resource/Łysina,_Silesian_Voivodeship","Łysina, Silesian Voivodeship",670.0
http://dbpedia.org/resource/Mansourieh,Mansourieh,200.0
http://dbpedia.org/resource/Aisymi,Aisymi,253.0
http://dbpedia.org/resource/Paparis,Paparis,550.0
http://dbpedia.org/resource/Zachloritika,Zachloritika,0.0
http://dbpedia.org/resource/Zachlorou,Zachlorou,0.0
http://dbpedia.org/resource/Alestaina,Alestaina,700.0
http://dbpedia.org/resource/Avramiou,Avramiou,70.0
http://dbpedia.org/resource/Bhakuride,Bhakuride,950.0
http://dbpedia.org/resource/Kamenianoi,Kamenianoi,800.0
http://dbpedia.org/resource/Niedanowo,Niedanowo,100.0
http://dbpedia.org/resource/Mikrolithos,Mikrolithos,80.0
"http://dbpedia.org/resource/Neromyloi,_Larissa","Neromyloi, Larissa",180.0
http://dbpedia.org/resource/Omolio,Omolio,5.0
http://dbpedia.org/resource/Platanoulia,Platanoulia,85.0
"http://dbpedia.org/resource/Prinias,_Larissa","Prinias, Larissa",95.0
http://dbpedia.org/resource/Vryotopos,Vryotopos,65.0
