http://dbpedia.org/ontology/Location,Location,http://dbpedia.org/ontology/elevation
http://dbpedia.org/resource/Monchel-sur-Canche,Monchel-sur-Canche,110.03866971303101
http://dbpedia.org/resource/Kostomlaty_pod_Milešovkou,Kostomlaty pod Milešovkou,374.3231960375245
http://dbpedia.org/resource/Wirwignes,Wirwignes,25.393946053302276
"http://dbpedia.org/resource/Copper_Creek,_Arizona","Copper Creek, Arizona",1219.420780755181
"http://dbpedia.org/resource/Washington_Township,_LaPorte_County,_Indiana","Washington Township, LaPorte County, Indiana",227.329435398962
http://dbpedia.org/resource/Merklín_(Plzeň-South_District),Merklín (Plzeň-South District),330.6216104254053
"http://dbpedia.org/resource/Mead,_Ontario","Mead, Ontario",318.8939784825644
http://dbpedia.org/resource/Vez,Vez,103.6573003944347
http://dbpedia.org/resource/Brenas,Brenas,390.8709192250566
"http://dbpedia.org/resource/Union_City_Township,_Allamakee_County,_Iowa","Union City Township, Allamakee County, Iowa",219.73449986225143
http://dbpedia.org/resource/Martínkov,Martínkov,462.3242190237785
http://dbpedia.org/resource/Tschingelhorn,Tschingelhorn,3686.222694324563
http://dbpedia.org/resource/Dohem,Dohem,144.41219071650087
http://dbpedia.org/resource/Drahanovice,Drahanovice,384.6023874930106
"http://dbpedia.org/resource/Weishan_County,_Shandong","Weishan County, Shandong",43.7465166508489
http://dbpedia.org/resource/Leps,Leps,84.54960412638347
http://dbpedia.org/resource/Lt._Col._Wisnu_Airfield,Lt. Col. Wisnu Airfield,11.092176126459774
http://dbpedia.org/resource/Damblain,Damblain,381.9990597122555
http://dbpedia.org/resource/Vacquières,Vacquières,58.76428228545538
http://dbpedia.org/resource/Březí_(Strakonice_District),Březí (Strakonice District),410.5526470976955
http://dbpedia.org/resource/Telnice_(Ústí_nad_Labem_District),Telnice (Ústí nad Labem District),293.9973665626704
"http://dbpedia.org/resource/Orr,_Kentucky","Orr, Kentucky",183.14915857706404
http://dbpedia.org/resource/Himmighofen,Himmighofen,345.351199461102
"http://dbpedia.org/resource/Jackson_Township,_Newton_County,_Indiana","Jackson Township, Newton County, Indiana",201.23405602775517
http://dbpedia.org/resource/Spělkov,Spělkov,572.1808895255796
http://dbpedia.org/resource/Sandfloegga,Sandfloegga,1821.626425515803
http://dbpedia.org/resource/West_Suffield_Mountain,West Suffield Mountain,214.5473898731397
http://dbpedia.org/resource/Santiago_Airport_(Brazil),Santiago Airport (Brazil),376.54744061078304
http://dbpedia.org/resource/Vavřinec_(Blansko_District),Vavřinec (Blansko District),490.62637162410385
http://dbpedia.org/resource/Lédenon,Lédenon,107.33075442358091
http://dbpedia.org/resource/Ailefroide,Ailefroide,4093.0240281925853
http://dbpedia.org/resource/Monoblet,Monoblet,297.7095140759295
http://dbpedia.org/resource/Česká_Kubice,Česká Kubice,551.6538047749442
http://dbpedia.org/resource/Etzleben,Etzleben,128.12590578326973
http://dbpedia.org/resource/Bečice_(České_Budějovice_District),Bečice (České Budějovice District),457.6497686407894
http://dbpedia.org/resource/Malons-et-Elze,Malons-et-Elze,682.1625592594277
http://dbpedia.org/resource/Foo_Lake,Foo Lake,456.07872029809926
http://dbpedia.org/resource/Velké_Hydčice,Velké Hydčice,371.5724203832615
http://dbpedia.org/resource/Boulleville,Boulleville,108.86765372032788
"http://dbpedia.org/resource/Jackson_Township,_Ripley_County,_Indiana","Jackson Township, Ripley County, Indiana",299.3770183117932
http://dbpedia.org/resource/Němčice_(Blansko_District),Němčice (Blansko District),579.943937265223
http://dbpedia.org/resource/General_Carneiro,General Carneiro,831.5785978229447
"http://dbpedia.org/resource/Ozone,_Arkansas","Ozone, Arkansas",541.6907311373193
"http://dbpedia.org/resource/Hochdorf,_Biberach","Hochdorf, Biberach",537.8433651107725
http://dbpedia.org/resource/Windischleuba,Windischleuba,172.40723287138374
http://dbpedia.org/resource/Travčice,Travčice,147.8766375736629
"http://dbpedia.org/resource/Rosemark,_Tennessee","Rosemark, Tennessee",96.20426394817707
"http://dbpedia.org/resource/Oliva,_Córdoba","Oliva, Córdoba",265.3094570154446
http://dbpedia.org/resource/Žďár_(Písek_District),Žďár (Písek District),374.085266698597
http://dbpedia.org/resource/Mittelbrunn,Mittelbrunn,380.1234813098485
"http://dbpedia.org/resource/Linton_Township,_Vigo_County,_Indiana","Linton Township, Vigo County, Indiana",167.67733170874854
http://dbpedia.org/resource/Panenské_Břežany,Panenské Břežany,263.2354953648655
http://dbpedia.org/resource/Skřípov,Skřípov,627.2433717802154
http://dbpedia.org/resource/Skrunda,Skrunda,57.49717786176103
http://dbpedia.org/resource/Torrente_de_Cinca,Torrente de Cinca,93.95908506200934
http://dbpedia.org/resource/Weißandt-Gölzau,Weißandt-Gölzau,74.87000727225418
http://dbpedia.org/resource/Las_Peñas_de_Riglos,Las Peñas de Riglos,705.0630691458462
http://dbpedia.org/resource/Kunžak,Kunžak,547.0404496263375
"http://dbpedia.org/resource/Paine,_Chile","Paine, Chile",370.7720575711012
http://dbpedia.org/resource/Nowa_Morawa,Nowa Morawa,529.0700361177311
"http://dbpedia.org/resource/Murphy_Lake_(Douglas_County,_Washington)","Murphy Lake (Douglas County, Washington)",579.2552494852699
http://dbpedia.org/resource/Gübsensee,Gübsensee,735.6944701283082
http://dbpedia.org/resource/Arzenc-d'Apcher,Arzenc-d'Apcher,1029.0769854896068
http://dbpedia.org/resource/Chotěnov,Chotěnov,523.2764327640053
http://dbpedia.org/resource/Spáňov,Spáňov,520.988791411123
http://dbpedia.org/resource/Burlingame_State_Park,Burlingame State Park,9.215651929563585
http://dbpedia.org/resource/Letkov,Letkov,412.54950627577955
"http://dbpedia.org/resource/Voll,_Sør-Trøndelag","Voll, Sør-Trøndelag",189.46199673098462
http://dbpedia.org/resource/Ampani,Ampani,314.6142858446827
http://dbpedia.org/resource/Pětihosty,Pětihosty,323.4609737419726
http://dbpedia.org/resource/Saint-Laurent-la-Vernède,Saint-Laurent-la-Vernède,159.12802515311
http://dbpedia.org/resource/Domamil,Domamil,548.3561741765199
http://dbpedia.org/resource/Arraias_Airport,Arraias Airport,627.0704673098264
http://dbpedia.org/resource/Böddensell,Böddensell,83.61897969685155
"http://dbpedia.org/resource/Yenice,_Karabük","Yenice, Karabük",419.42794097780074
"http://dbpedia.org/resource/Greensboro_Township,_Henry_County,_Indiana","Greensboro Township, Henry County, Indiana",293.94965584773314
http://dbpedia.org/resource/Juliénas,Juliénas,225.08058943809266
http://dbpedia.org/resource/Mehmand_Chak,Mehmand Chak,268.8562898610802
http://dbpedia.org/resource/Rippershausen,Rippershausen,291.1075630907
"http://dbpedia.org/resource/Nokomis_Township,_Buena_Vista_County,_Iowa","Nokomis Township, Buena Vista County, Iowa",454.08765489259434
http://dbpedia.org/resource/Fremont_Peak_(Arizona),Fremont Peak (Arizona),3361.6437951304056
http://dbpedia.org/resource/Arnstedt,Arnstedt,179.7987087086551
"http://dbpedia.org/resource/Malanów,_Greater_Poland_Voivodeship","Malanów, Greater Poland Voivodeship",168.14498874137337
http://dbpedia.org/resource/Rebreuve-sur-Canche,Rebreuve-sur-Canche,79.17789532393608
http://dbpedia.org/resource/Borotín_(Blansko_District),Borotín (Blansko District),410.215658765699
"http://dbpedia.org/resource/Perry_Township,_Wayne_County,_Indiana","Perry Township, Wayne County, Indiana",398.9028119181729
http://dbpedia.org/resource/Vlksice,Vlksice,461.6658954508172
"http://dbpedia.org/resource/Meyonohk,_Edmonton","Meyonohk, Edmonton",642.5967832128749
http://dbpedia.org/resource/Michalovice_(Litoměřice_District),Michalovice (Litoměřice District),244.0998120482655
http://dbpedia.org/resource/Třebohostice,Třebohostice,436.801009753511
"http://dbpedia.org/resource/Guilford_Township,_Hendricks_County,_Indiana","Guilford Township, Hendricks County, Indiana",235.71376725915184
http://dbpedia.org/resource/Aiken_Municipal_Airport,Aiken Municipal Airport,156.29730132844549
"http://dbpedia.org/resource/Brush_Creek,_California","Brush Creek, California",1282.502068966847
"http://dbpedia.org/resource/Habersham,_Tennessee","Habersham, Tennessee",287.6468550282917
http://dbpedia.org/resource/Vallérargues,Vallérargues,274.1911890300407
http://dbpedia.org/resource/Könnigde,Könnigde,38.10661542998957
http://dbpedia.org/resource/Eisberg_(Lusatian_Highlands),Eisberg (Lusatian Highlands),292.08818018594917
"http://dbpedia.org/resource/Blue_Creek_Township,_Adams_County,_Indiana","Blue Creek Township, Adams County, Indiana",270.6363970046719
http://dbpedia.org/resource/Maniitsoq_Airport,Maniitsoq Airport,31.561123880382365
http://dbpedia.org/resource/Teresina_Airport,Teresina Airport,54.8815214481771
http://dbpedia.org/resource/Malhostovice,Malhostovice,329.4709257504077
http://dbpedia.org/resource/Ervillers,Ervillers,97.595171113012
"http://dbpedia.org/resource/Telegraph,_Texas","Telegraph, Texas",610.7959244945866
"http://dbpedia.org/resource/McGee,_West_Virginia","McGee, West Virginia",394.68632099233173
http://dbpedia.org/resource/Střížovice_(Plzeň-South_District),Střížovice (Plzeň-South District),478.35929703277355
http://dbpedia.org/resource/Holzsußra,Holzsußra,279.8887330033214
http://dbpedia.org/resource/Bourdic,Bourdic,75.18638978391917
http://dbpedia.org/resource/Navalmoral_de_la_Mata,Navalmoral de la Mata,296.40915607333733
"http://dbpedia.org/resource/Loukov,_Kroměříž","Loukov, Kroměříž",331.6853530872219
http://dbpedia.org/resource/Chvalatice,Chvalatice,483.5328745402077
http://dbpedia.org/resource/Kullorsuaq_Heliport,Kullorsuaq Heliport,45.2691135918119
http://dbpedia.org/resource/Kašnice,Kašnice,256.5496604790579
"http://dbpedia.org/resource/Guthrie_Township,_Lawrence_County,_Indiana","Guthrie Township, Lawrence County, Indiana",180.82770827219903
http://dbpedia.org/resource/Libáň,Libáň,279.54727545701707
"http://dbpedia.org/resource/Boumia,_Morocco","Boumia, Morocco",1522.3982723151025
"http://dbpedia.org/resource/Jackson_Township,_Wells_County,_Indiana","Jackson Township, Wells County, Indiana",221.08625491328942
http://dbpedia.org/resource/Žinkovy,Žinkovy,506.30003417039904
http://dbpedia.org/resource/Humerœuille,Humerœuille,122.47031856048409
http://dbpedia.org/resource/Weißkirchen_in_Steiermark,Weißkirchen in Steiermark,604.607513671302
http://dbpedia.org/resource/Corvera_de_Toranzo,Corvera de Toranzo,144.18889900289093
http://dbpedia.org/resource/Labatie-d'Andaure,Labatie-d'Andaure,518.6651434720585
http://dbpedia.org/resource/Askøyfjellet,Askøyfjellet,220.6650508361125
"http://dbpedia.org/resource/Stewartsville,_New_Jersey","Stewartsville, New Jersey",117.63952255592932
http://dbpedia.org/resource/Cervera_de_los_Montes,Cervera de los Montes,463.670243669458
http://dbpedia.org/resource/Sainte-Trie,Sainte-Trie,218.32152375296292
"http://dbpedia.org/resource/Lindau,_Schleswig-Holstein","Lindau, Schleswig-Holstein",13.928759233799045
http://dbpedia.org/resource/Lugy,Lugy,87.706533055164
http://dbpedia.org/resource/Prostřední_Poříčí,Prostřední Poříčí,372.7187000769783
http://dbpedia.org/resource/Wackersleben,Wackersleben,85.6993057703525
http://dbpedia.org/resource/Glebitzsch,Glebitzsch,102.82438991701034
"http://dbpedia.org/resource/Valerie,_California","Valerie, California",-22.397782594088003
http://dbpedia.org/resource/Tangry,Tangry,138.78413446560808
http://dbpedia.org/resource/Drachten_Airfield,Drachten Airfield,4.2437638755581135
http://dbpedia.org/resource/Hačky,Hačky,476.20385538280203
http://dbpedia.org/resource/Žim,Žim,359.3243336379352
"http://dbpedia.org/resource/French_Lick_Township,_Orange_County,_Indiana","French Lick Township, Orange County, Indiana",132.48507803959367
http://dbpedia.org/resource/Gorny_(air_base),Gorny (air base),120.79689115421776
http://dbpedia.org/resource/Kingston/Norman_Rogers_Airport,Kingston/Norman Rogers Airport,89.94431763630014
http://dbpedia.org/resource/Utecht,Utecht,48.15021478512983
http://dbpedia.org/resource/Harzungen,Harzungen,273.4445774883557
http://dbpedia.org/resource/Úherce_(Louny_District),Úherce (Louny District),278.13313747932636
http://dbpedia.org/resource/Arnay-sous-Vitteaux,Arnay-sous-Vitteaux,261.193743249201
"http://dbpedia.org/resource/Cedar_Township,_Black_Hawk_County,_Iowa","Cedar Township, Black Hawk County, Iowa",286.5286560529803
http://dbpedia.org/resource/Křelov-Břuchotín,Křelov-Břuchotín,251.38600132533065
"http://dbpedia.org/resource/North_Oaks,_Indiana","North Oaks, Indiana",238.15212444754897
http://dbpedia.org/resource/Victoria_Falls_Airport,Victoria Falls Airport,1197.8155846249892
http://dbpedia.org/resource/Saze,Saze,63.77965510883295
http://dbpedia.org/resource/Lásenice,Lásenice,438.56434405852485
http://dbpedia.org/resource/Hvozdec_(České_Budějovice_District),Hvozdec (České Budějovice District),486.64536310545105
"http://dbpedia.org/resource/Greenville_Township,_Floyd_County,_Indiana","Greenville Township, Floyd County, Indiana",255.49595971598495
"http://dbpedia.org/resource/Caballo,_New_Mexico","Caballo, New Mexico",1453.2879921197305
http://dbpedia.org/resource/Vialas,Vialas,584.1062854329591
http://dbpedia.org/resource/Alleringersleben,Alleringersleben,115.58858753662534
http://dbpedia.org/resource/Deelen_Air_Base,Deelen Air Base,52.629024372395186
http://dbpedia.org/resource/San_Quintín_Military_Airstrip,San Quintín Military Airstrip,14.09921425514099
"http://dbpedia.org/resource/Lubsza,_Silesian_Voivodeship","Lubsza, Silesian Voivodeship",315.7096148779391
"http://dbpedia.org/resource/Orville,_West_Virginia","Orville, West Virginia",216.97950892364804
http://dbpedia.org/resource/Hradec_nad_Svitavou,Hradec nad Svitavou,440.6365050521915
http://dbpedia.org/resource/Nakhon_Thai_Subdistrict,Nakhon Thai Subdistrict,251.8288726198637
http://dbpedia.org/resource/Selchenbach,Selchenbach,339.74539886266086
http://dbpedia.org/resource/Svojanov,Svojanov,434.30753832262667
"http://dbpedia.org/resource/Blue_River_Township,_Johnson_County,_Indiana","Blue River Township, Johnson County, Indiana",229.8344871651431
"http://dbpedia.org/resource/Stoney_Creek_Township,_Randolph_County,_Indiana","Stoney Creek Township, Randolph County, Indiana",347.18289655926986
"http://dbpedia.org/resource/Lusignan,_Vienne","Lusignan, Vienne",128.21888802660246
http://dbpedia.org/resource/Březník,Březník,359.4245526750603
http://dbpedia.org/resource/Le_Wast,Le Wast,46.40165770061991
http://dbpedia.org/resource/Allueva,Allueva,1003.9086830820531
http://dbpedia.org/resource/Polomí,Polomí,387.66473093533347
http://dbpedia.org/resource/Les_Angles-sur-Corrèze,Les Angles-sur-Corrèze,227.10577860258996
"http://dbpedia.org/resource/Posey_Township,_Harrison_County,_Indiana","Posey Township, Harrison County, Indiana",283.42420988716816
http://dbpedia.org/resource/Chicontepec_de_Tejeda,Chicontepec de Tejeda,420.62886451691566
http://dbpedia.org/resource/Huangdao_District,Huangdao District,22.54216619832569
http://dbpedia.org/resource/Levín_(Litoměřice_District),Levín (Litoměřice District),456.69321759364556
http://dbpedia.org/resource/Labourse,Labourse,30.384026836618027
"http://dbpedia.org/resource/Jackson_Township,_Wells_County,_Indiana","Jackson Township, Wells County, Indiana",307.6885705817244
http://dbpedia.org/resource/Strachotice,Strachotice,237.7150680822018
"http://dbpedia.org/resource/Maple_Creek,_California","Maple Creek, California",160.3892857361087
http://dbpedia.org/resource/M._Graham_Clark_Downtown_Airport,M. Graham Clark Downtown Airport,307.35614430394617
http://dbpedia.org/resource/Horní_Studénky,Horní Studénky,504.8355366552845
http://dbpedia.org/resource/Žabčice,Žabčice,176.0691493839565
http://dbpedia.org/resource/Elappara,Elappara,1103.5271644247282
http://dbpedia.org/resource/Rajhara,Rajhara,203.93961470090562
http://dbpedia.org/resource/Föckelberg,Föckelberg,343.6270834701234
http://dbpedia.org/resource/Haneda_Airport,Haneda Airport,6.19533341699194
http://dbpedia.org/resource/Jacarepaguá_Airport,Jacarepaguá Airport,2.7511532166093877
http://dbpedia.org/resource/Křenovice_(Vyškov_District),Křenovice (Vyškov District),158.83355477628575
"http://dbpedia.org/resource/Pleasant_Township,_Franklin_County,_Ohio","Pleasant Township, Franklin County, Ohio",236.0935249581886
http://dbpedia.org/resource/Milejovice,Milejovice,543.5784559190093
http://dbpedia.org/resource/Salindres,Salindres,198.82330182357327
"http://dbpedia.org/resource/Biskupice,_Kluczbork_County","Biskupice, Kluczbork County",167.72504843342614
http://dbpedia.org/resource/Černá_Voda,Černá Voda,305.60721799469763
"http://dbpedia.org/resource/Fiat,_Indiana","Fiat, Indiana",289.2754818572547
"http://dbpedia.org/resource/Churchtown,_Pennsylvania","Churchtown, Pennsylvania",191.2380324031314
"http://dbpedia.org/resource/Washington_Township,_Butler_County,_Iowa","Washington Township, Butler County, Iowa",334.09750889452204
http://dbpedia.org/resource/Viničné_Šumice,Viničné Šumice,236.43384568355273
http://dbpedia.org/resource/Miller_Airstrip,Miller Airstrip,97.07330910588881
http://dbpedia.org/resource/Radějovice_(Strakonice_District),Radějovice (Strakonice District),497.80316200379895
"http://dbpedia.org/resource/Plainfield,_California","Plainfield, California",20.71037050529855
"http://dbpedia.org/resource/Suzy,_Aisne","Suzy, Aisne",102.25307748909971
http://dbpedia.org/resource/Hlubočky,Hlubočky,374.2150963665795
"http://dbpedia.org/resource/Taillebourg,_Lot-et-Garonne","Taillebourg, Lot-et-Garonne",13.357857764480004
http://dbpedia.org/resource/Lagnicourt-Marcel,Lagnicourt-Marcel,66.8495105860429
http://dbpedia.org/resource/Aubous,Aubous,178.71966606346612
http://dbpedia.org/resource/Dreschvitz,Dreschvitz,10.443862290671523
"http://dbpedia.org/resource/Bilaspur,_Haryana","Bilaspur, Haryana",248.53386955902238
"http://dbpedia.org/resource/Dickerson,_California","Dickerson, California",79.21040394077406
"http://dbpedia.org/resource/Leroy,_Alabama","Leroy, Alabama",53.75804505171238
"http://dbpedia.org/resource/Welda,_Kansas","Welda, Kansas",363.7590264328553
http://dbpedia.org/resource/Seebergsee,Seebergsee,1929.2099342358383
"http://dbpedia.org/resource/Coon_Township,_Buena_Vista_County,_Iowa","Coon Township, Buena Vista County, Iowa",424.0913924915287
http://dbpedia.org/resource/Kočov,Kočov,490.031359367363
http://dbpedia.org/resource/Bartolomeu_Lysandro_Airport,Bartolomeu Lysandro Airport,16.702156221663838
"http://dbpedia.org/resource/Gasque,_Alabama","Gasque, Alabama",2.136970461849352
http://dbpedia.org/resource/Obora_(Tachov_District),Obora (Tachov District),500.96306727623454
"http://dbpedia.org/resource/Carr_Township,_Clark_County,_Indiana","Carr Township, Clark County, Indiana",158.05672146671512
http://dbpedia.org/resource/Olšany_u_Prostějova,Olšany u Prostějova,267.041301960125
http://dbpedia.org/resource/Lespinoy,Lespinoy,14.125263045451533
"http://dbpedia.org/resource/Cedar_Township,_Jackson_County,_Kansas","Cedar Township, Jackson County, Kansas",374.6475744347813
"http://dbpedia.org/resource/Pleasant_Township,_Coffey_County,_Kansas","Pleasant Township, Coffey County, Kansas",380.0361466335472
http://dbpedia.org/resource/Krhov_(Blansko_District),Krhov (Blansko District),319.64706656030387
http://dbpedia.org/resource/Koyukuk_Airport,Koyukuk Airport,48.493530491125256
http://dbpedia.org/resource/Vebron,Vebron,661.9525288616244
http://dbpedia.org/resource/Ladimirevci,Ladimirevci,100.91230919166662
http://dbpedia.org/resource/Lesná_(Třebíč_District),Lesná (Třebíč District),588.3991471290083
http://dbpedia.org/resource/Filingue,Filingue,268.3061218672025
"http://dbpedia.org/resource/Ituzaingó,_Corrientes","Ituzaingó, Corrientes",55.804727057359216
"http://dbpedia.org/resource/Buenos_Aires_District,_Buenos_Aires","Buenos Aires District, Buenos Aires",633.3745387572791
http://dbpedia.org/resource/Platanistasa,Platanistasa,917.2913531648306
http://dbpedia.org/resource/Southwest_Washington_Regional_Airport,Southwest Washington Regional Airport,6.932749084413496
http://dbpedia.org/resource/Bécourt,Bécourt,144.60378064651414
http://dbpedia.org/resource/Salcedillo,Salcedillo,1281.3484282464553
http://dbpedia.org/resource/RAF_Perranporth,RAF Perranporth,110.05538047675807
http://dbpedia.org/resource/Bochovice,Bochovice,422.18604307749075
http://dbpedia.org/resource/Hora_Svatého_Šebestiána,Hora Svatého Šebestiána,773.0384397782319
http://dbpedia.org/resource/Allouagne,Allouagne,49.127868088403034
http://dbpedia.org/resource/Casablanca_(volcano),Casablanca (volcano),2487.2736848678996
"http://dbpedia.org/resource/Chengbei_Township,_Chongqing","Chengbei Township, Chongqing",439.26513221724707
"http://dbpedia.org/resource/Cedar_Township,_Buffalo_County,_Nebraska","Cedar Township, Buffalo County, Nebraska",671.8437938637989
http://dbpedia.org/resource/Rancho_El_Barril_Airstrip,Rancho El Barril Airstrip,37.901119694348395
http://dbpedia.org/resource/Villamuelas,Villamuelas,654.040041996737
http://dbpedia.org/resource/Nákří,Nákří,359.94234522482316
http://dbpedia.org/resource/Mount_Adams_(Colorado),Mount Adams (Colorado),3842.296051773996
http://dbpedia.org/resource/Boudy,Boudy,496.87475283481587
http://dbpedia.org/resource/Norderfriedrichskoog,Norderfriedrichskoog,0.0
http://dbpedia.org/resource/Bukovica_pri_Litiji,Bukovica pri Litiji,639.4347138959921
http://dbpedia.org/resource/Niquero,Niquero,4.799585502518176
http://dbpedia.org/resource/Sanoyie,Sanoyie,289.4591308939835
http://dbpedia.org/resource/Morro_dos_Homens,Morro dos Homens,604.7426432704555
"http://dbpedia.org/resource/Campana,_Haute-Corse","Campana, Haute-Corse",820.1351416522916
"http://dbpedia.org/resource/Shawswick_Township,_Lawrence_County,_Indiana","Shawswick Township, Lawrence County, Indiana",189.00939716568487
"http://dbpedia.org/resource/Dayin,_Hebei","Dayin, Hebei",14.369747242061806
http://dbpedia.org/resource/Stiege,Stiege,585.0512844976749
http://dbpedia.org/resource/Manghot,Manghot,407.5372166046706
"http://dbpedia.org/resource/Langeln,_Saxony-Anhalt","Langeln, Saxony-Anhalt",176.58539185903044
http://dbpedia.org/resource/Gruna,Gruna,401.5271494797962
"http://dbpedia.org/resource/Montagny,_Fribourg","Montagny, Fribourg",660.9203687188152
http://dbpedia.org/resource/Nový_Jimramov,Nový Jimramov,584.582184923357
http://dbpedia.org/resource/Probulov,Probulov,428.40071504824135
http://dbpedia.org/resource/Dub_nad_Moravou,Dub nad Moravou,233.11960807913033
http://dbpedia.org/resource/Kfarhata_Zgharta,Kfarhata Zgharta,164.1421696038996
http://dbpedia.org/resource/Rebreuve-Ranchicourt,Rebreuve-Ranchicourt,54.38946738611964
http://dbpedia.org/resource/Gydan_Peninsula,Gydan Peninsula,1312.191126482264
http://dbpedia.org/resource/Chlístov_(Třebíč_District),Chlístov (Třebíč District),464.3586939650833
"http://dbpedia.org/resource/Maple_Creek,_California","Maple Creek, California",165.82296639749748
"http://dbpedia.org/resource/Caribou,_Minnesota","Caribou, Minnesota",321.7749934890914
http://dbpedia.org/resource/Los_Vaqueros_Reservoir,Los Vaqueros Reservoir,137.20084472214157
"http://dbpedia.org/resource/Noblesville_Township,_Hamilton_County,_Indiana","Noblesville Township, Hamilton County, Indiana",249.90225655574451
http://dbpedia.org/resource/Pňovice,Pňovice,192.19095491031516
"http://dbpedia.org/resource/Qasimabad,_Punjab","Qasimabad, Punjab",156.08939617606345
"http://dbpedia.org/resource/Widner_Township,_Knox_County,_Indiana","Widner Township, Knox County, Indiana",138.98912823669656
http://dbpedia.org/resource/Saint-Saturnin-du-Limet,Saint-Saturnin-du-Limet,91.94799080057642
http://dbpedia.org/resource/Tingry,Tingry,70.96697763481343
http://dbpedia.org/resource/Puchenstuben,Puchenstuben,912.979058705351
http://dbpedia.org/resource/Gorica_pri_Slivnici,Gorica pri Slivnici,412.9216953409084
"http://dbpedia.org/resource/Buffalo_Creek,_Colorado","Buffalo Creek, Colorado",2101.464458436857
"http://dbpedia.org/resource/Casablanca,_Chile","Casablanca, Chile",312.12767168130944
http://dbpedia.org/resource/Určice,Určice,212.0781005413798
http://dbpedia.org/resource/Kobylí,Kobylí,191.4260419873504
"http://dbpedia.org/resource/Pánuco_Municipality,_Veracruz","Pánuco Municipality, Veracruz",8.487118287720262
"http://dbpedia.org/resource/Jackson_Township,_Benton_County,_Iowa","Jackson Township, Benton County, Iowa",320.45105709585573
http://dbpedia.org/resource/Alpeñés,Alpeñés,1251.6326974734209
http://dbpedia.org/resource/Jassans-Riottier,Jassans-Riottier,209.9496182649064
http://dbpedia.org/resource/Beugin,Beugin,75.84481052987927
http://dbpedia.org/resource/Abejuela,Abejuela,995.9538095222592
http://dbpedia.org/resource/Hnojice,Hnojice,202.59321189864724
http://dbpedia.org/resource/Nueva_Paz,Nueva Paz,19.8182142789252
"http://dbpedia.org/resource/Media_Luna,_Cuba","Media Luna, Cuba",0.0
http://dbpedia.org/resource/Beaumetz-lès-Cambrai,Beaumetz-lès-Cambrai,103.35438543909522
http://dbpedia.org/resource/Rohozná_(Svitavy_District),Rohozná (Svitavy District),477.37218744098584
http://dbpedia.org/resource/Amakusa_Airfield,Amakusa Airfield,96.89417182200015
http://dbpedia.org/resource/Matakong,Matakong,1.0375611344874334
"http://dbpedia.org/resource/Jackson_Township,_Fayette_County,_Indiana","Jackson Township, Fayette County, Indiana",258.9923384383135
http://dbpedia.org/resource/Vendres,Vendres,24.518892200649123
http://dbpedia.org/resource/Chapman_Memorial_Field,Chapman Memorial Field,412.0055234863788
http://dbpedia.org/resource/Lobendava,Lobendava,370.62123839465994
http://dbpedia.org/resource/Malá_Veleň,Malá Veleň,188.29820046117544
http://dbpedia.org/resource/Humanes_de_Madrid,Humanes de Madrid,637.7653945849839
http://dbpedia.org/resource/Montrodat,Montrodat,837.3485276281294
http://dbpedia.org/resource/Klüden,Klüden,66.03512485837813
http://dbpedia.org/resource/Cierzac,Cierzac,28.80804380378258
"http://dbpedia.org/resource/Platte_Township,_Dodge_County,_Nebraska","Platte Township, Dodge County, Nebraska",283.7464296794522
"http://dbpedia.org/resource/Miller_Township,_Dearborn_County,_Indiana","Miller Township, Dearborn County, Indiana",160.00385256950267
http://dbpedia.org/resource/Osek_(Strakonice_District),Osek (Strakonice District),447.90158301172386
http://dbpedia.org/resource/Kibrit_Air_Base,Kibrit Air Base,462.3591510721185
"http://dbpedia.org/resource/Pepperell_(CDP),_Massachusetts","Pepperell (CDP), Massachusetts",64.06438082197299
http://dbpedia.org/resource/Gauern,Gauern,308.5356469209764
"http://dbpedia.org/resource/Luc,_Hautes-Pyrénées","Luc, Hautes-Pyrénées",476.6311351954673
http://dbpedia.org/resource/Daya_Vieja,Daya Vieja,3.3241232148834974
http://dbpedia.org/resource/Devil's_Thumb_(Greenland),Devil's Thumb (Greenland),657.1798753162434
"http://dbpedia.org/resource/Changguan,_Shandong","Changguan, Shandong",17.64810777652654
http://dbpedia.org/resource/Mount_Fisht,Mount Fisht,2981.3052511422275
http://dbpedia.org/resource/Pontarlier_Airport,Pontarlier Airport,727.9620645249939
"http://dbpedia.org/resource/Lawrenceburg_Township,_Dearborn_County,_Indiana","Lawrenceburg Township, Dearborn County, Indiana",131.6740357639519
"http://dbpedia.org/resource/Cool,_California","Cool, California",431.74788543537113
http://dbpedia.org/resource/Saint-Yan,Saint-Yan,240.39505144859237
http://dbpedia.org/resource/Aincreville,Aincreville,221.46215716642757
http://dbpedia.org/resource/Azour,Azour,937.3558216926745
"http://dbpedia.org/resource/Jefferson_Township,_Huntington_County,_Indiana","Jefferson Township, Huntington County, Indiana",281.46475960332185
http://dbpedia.org/resource/Velké_Kunětice,Velké Kunětice,267.916681873633
http://dbpedia.org/resource/Conchy-sur-Canche,Conchy-sur-Canche,61.81571750137946
"http://dbpedia.org/resource/Castle_Dome_Landing,_Arizona","Castle Dome Landing, Arizona",55.88946361016781
http://dbpedia.org/resource/Uummannaq_Heliport,Uummannaq Heliport,13.022674806589748
http://dbpedia.org/resource/Velká_Kraš,Velká Kraš,251.02568019847996
http://dbpedia.org/resource/Ambrines,Ambrines,133.8749283695144
http://dbpedia.org/resource/Kundratice_(Žďár_nad_Sázavou_District),Kundratice (Žďár nad Sázavou District),428.44927278143496
http://dbpedia.org/resource/Riencourt-lès-Bapaume,Riencourt-lès-Bapaume,171.02051862664104
http://dbpedia.org/resource/Rapšach,Rapšach,547.6631489153963
http://dbpedia.org/resource/Snovídky,Snovídky,268.56876877999184
"http://dbpedia.org/resource/Airedale,_Kentucky","Airedale, Kentucky",205.55584576249828
http://dbpedia.org/resource/Saint-Laurent-de-Veyrès,Saint-Laurent-de-Veyrès,1044.17113823907
http://dbpedia.org/resource/Avroult,Avroult,149.83357482620576
http://dbpedia.org/resource/Stadskanaal_Airfield,Stadskanaal Airfield,4.349268776665895
"http://dbpedia.org/resource/Gillespie,_New_Jersey","Gillespie, New Jersey",10.850170643904047
"http://dbpedia.org/resource/Jackson_Township,_Kosciusko_County,_Indiana","Jackson Township, Kosciusko County, Indiana",291.1367955576394
http://dbpedia.org/resource/Dylewko,Dylewko,183.41010079366123
http://dbpedia.org/resource/Uetersen_Airfield,Uetersen Airfield,7.929979390693697
http://dbpedia.org/resource/Vieux-Port,Vieux-Port,12.677206149404135
http://dbpedia.org/resource/Chagni,Chagni,1367.6472355710353
"http://dbpedia.org/resource/Pelland,_Minnesota","Pelland, Minnesota",333.8970486588694
http://dbpedia.org/resource/Třebušín,Třebušín,383.32501637539673
http://dbpedia.org/resource/Pic_Sans_Nom,Pic Sans Nom,3113.580881355476
http://dbpedia.org/resource/Saint-Frézal-d'Albuges,Saint-Frézal-d'Albuges,1266.6259570604825
http://dbpedia.org/resource/Otvice,Otvice,289.60326401658284
"http://dbpedia.org/resource/Castledillon,_County_Kildare","Castledillon, County Kildare",62.51364948769739
"http://dbpedia.org/resource/Broomes_Island,_Maryland","Broomes Island, Maryland",2.815964332539834
"http://dbpedia.org/resource/Murphy_Lake_(Troup_County,_Georgia)","Murphy Lake (Troup County, Georgia)",176.6413714570241
http://dbpedia.org/resource/Hradčany_(Brno-Country_District),Hradčany (Brno-Country District),218.97574177347812
"http://dbpedia.org/resource/Murphy_Lake_(Iron_County,_Michigan)","Murphy Lake (Iron County, Michigan)",611.8910204917097
http://dbpedia.org/resource/Wedlitz,Wedlitz,52.62209421825288
http://dbpedia.org/resource/Belladère,Belladère,397.54760228623013
http://dbpedia.org/resource/Ceuta_Heliport,Ceuta Heliport,1.7656337594536053
http://dbpedia.org/resource/Alterode,Alterode,255.35566275330982
http://dbpedia.org/resource/Pustiměř,Pustiměř,301.4905694070453
http://dbpedia.org/resource/Staňkovice_(Litoměřice_District),Staňkovice (Litoměřice District),394.77478343979203
http://dbpedia.org/resource/Glarus_Alps,Glarus Alps,4041.277643407187
http://dbpedia.org/resource/Nakanoshima_(Kagoshima),Nakanoshima (Kagoshima),976.1923635442056
http://dbpedia.org/resource/Dolní_Lhota_(Zlín_District),Dolní Lhota (Zlín District),337.7250294840039
"http://dbpedia.org/resource/Romanos,_Aragon","Romanos, Aragon",987.3883644869755
http://dbpedia.org/resource/Stedten,Stedten,149.1215606419198
"http://dbpedia.org/resource/Holyoke,_Minnesota","Holyoke, Minnesota",278.8755323315849
http://dbpedia.org/resource/Avaux,Avaux,63.959466049621454
http://dbpedia.org/resource/Baumersroda,Baumersroda,221.80832111386766
http://dbpedia.org/resource/Liencourt,Liencourt,140.6087966166696
http://dbpedia.org/resource/Shibei_District,Shibei District,32.15836860003735
http://dbpedia.org/resource/West_Bandung_Regency,West Bandung Regency,581.1067774544997
http://dbpedia.org/resource/Okříšky,Okříšky,496.5140103194898
http://dbpedia.org/resource/Hallangen,Hallangen,146.12565983746964
"http://dbpedia.org/resource/Paige,_Texas","Paige, Texas",169.32763058209864
"http://dbpedia.org/resource/Aspen_Gardens,_Edmonton","Aspen Gardens, Edmonton",616.4285086124848
http://dbpedia.org/resource/Pujaut,Pujaut,109.00341730728289
http://dbpedia.org/resource/Durant_Regional_Airport–Eaker_Field,Durant Regional Airport–Eaker Field,212.16257307870993
http://dbpedia.org/resource/Jickovice,Jickovice,407.1453407419648
http://dbpedia.org/resource/Dry_Creek_Airpark,Dry Creek Airpark,1142.01175535886
http://dbpedia.org/resource/Zbrašín,Zbrašín,355.95471232447414
http://dbpedia.org/resource/Kácov,Kácov,271.6251844503801
"http://dbpedia.org/resource/Coffman,_Kentucky","Coffman, Kentucky",139.55985275042497
http://dbpedia.org/resource/Spilauersee,Spilauersee,1930.9128652711656
http://dbpedia.org/resource/Auke_Mountain,Auke Mountain,607.2985962613316
http://dbpedia.org/resource/Shinrone,Shinrone,72.81978834363338
http://dbpedia.org/resource/Taufkirchen_an_der_Trattnach,Taufkirchen an der Trattnach,353.8297503421664
"http://dbpedia.org/resource/Pleasant_Township,_Knox_County,_Ohio","Pleasant Township, Knox County, Ohio",354.7180553136108
http://dbpedia.org/resource/Monument_Mountain_(reservation),Monument Mountain (reservation),416.82932139119316
http://dbpedia.org/resource/Černá_hora_(Šumava),Černá hora (Šumava),1261.8342784035608
http://dbpedia.org/resource/Andoins,Andoins,338.3284260206672
http://dbpedia.org/resource/Vysoká_Libyně,Vysoká Libyně,470.1952653158534
"http://dbpedia.org/resource/Jackson_Township,_Steuben_County,_Indiana","Jackson Township, Steuben County, Indiana",297.44029726496365
http://dbpedia.org/resource/Křešice,Křešice,173.29748138259345
http://dbpedia.org/resource/Shri_Guru_Gobind_Singh_Ji_Airport,Shri Guru Gobind Singh Ji Airport,387.4833126744053
http://dbpedia.org/resource/Sénépy,Sénépy,1663.5898612064548
http://dbpedia.org/resource/Tyssedal,Tyssedal,32.73869372697282
http://dbpedia.org/resource/Inverell_Airport,Inverell Airport,907.5511220356045
http://dbpedia.org/resource/Friedensdorf,Friedensdorf,174.66472255929364
"http://dbpedia.org/resource/Perreux,_Loire","Perreux, Loire",356.93015892445885
"http://dbpedia.org/resource/Orville,_Orne","Orville, Orne",143.59749574799807
"http://dbpedia.org/resource/Penn_State_Erie_(Behrend),_Pennsylvania","Penn State Erie (Behrend), Pennsylvania",358.0703669780878
http://dbpedia.org/resource/Uyuni_Airport,Uyuni Airport,4125.116208081244
"http://dbpedia.org/resource/Saman,_Iran","Saman, Iran",2186.5241316369256
http://dbpedia.org/resource/Lesůňky,Lesůňky,442.2040381797733
http://dbpedia.org/resource/Vesec,Vesec,451.74694284270845
http://dbpedia.org/resource/Aappilattoq_Heliport_(Qaasuitsup),Aappilattoq Heliport (Qaasuitsup),13.713367938139884
"http://dbpedia.org/resource/Parish_Grove_Township,_Benton_County,_Indiana","Parish Grove Township, Benton County, Indiana",199.03621852259545
http://dbpedia.org/resource/Kuden,Kuden,7.03203674603384
http://dbpedia.org/resource/Wicquinghem,Wicquinghem,142.9280993462615
http://dbpedia.org/resource/Du'an_Yao_Autonomous_County,Du'an Yao Autonomous County,147.1774739866579
http://dbpedia.org/resource/Velle-sur-Moselle,Velle-sur-Moselle,208.13362248309167
"http://dbpedia.org/resource/Tejada,_Province_of_Burgos","Tejada, Province of Burgos",974.0090230898626
http://dbpedia.org/resource/San_Antonio_de_Padua,San Antonio de Padua,23.853130439400964
http://dbpedia.org/resource/Aignay-le-Duc,Aignay-le-Duc,365.78112056995775
http://dbpedia.org/resource/Bernienville,Bernienville,118.97515929539357
http://dbpedia.org/resource/Rosamond_Lake,Rosamond Lake,728.3611072490048
http://dbpedia.org/resource/Issirac,Issirac,307.27131045095524
http://dbpedia.org/resource/Wenshang_County,Wenshang County,40.926477339728635
"http://dbpedia.org/resource/Jackson_Township,_Carroll_County,_Indiana","Jackson Township, Carroll County, Indiana",179.57414957531608
"http://dbpedia.org/resource/East_Union,_Kentucky","East Union, Kentucky",304.18561392431246
http://dbpedia.org/resource/Berkau,Berkau,46.391123451970955
"http://dbpedia.org/resource/Delaney,_West_Virginia","Delaney, West Virginia",224.92656224720318
http://dbpedia.org/resource/Moralzarzal,Moralzarzal,1002.8396748678604
"http://dbpedia.org/resource/Val-Morin,_Quebec","Val-Morin, Quebec",318.4627762173571
http://dbpedia.org/resource/Thalwinkel,Thalwinkel,186.31992627181873
http://dbpedia.org/resource/Jedlová,Jedlová,554.3288062312292
http://dbpedia.org/resource/Frías_de_Albarracín,Frías de Albarracín,1282.8774599030698
http://dbpedia.org/resource/Myslinka,Myslinka,453.3825082989452
"http://dbpedia.org/resource/Issel,_Aude","Issel, Aude",184.6160706832203
http://dbpedia.org/resource/Planques,Planques,150.60981257609345
http://dbpedia.org/resource/Pioneer_Mountain_(Idaho),Pioneer Mountain (Idaho),3771.3694719730274
http://dbpedia.org/resource/Oberbösa,Oberbösa,199.08263063815193
http://dbpedia.org/resource/Aigleville,Aigleville,145.72512001804427
"http://dbpedia.org/resource/Moritz,_Germany","Moritz, Germany",55.06248910729672
http://dbpedia.org/resource/Panabá_Municipality,Panabá Municipality,9.459923457305406
http://dbpedia.org/resource/Bohuslavice_u_Zlína,Bohuslavice u Zlína,210.65476580766824
"http://dbpedia.org/resource/Pattison,_Mississippi","Pattison, Mississippi",52.68369768124073
http://dbpedia.org/resource/Kikai_Caldera,Kikai Caldera,733.1688766524068
"http://dbpedia.org/resource/Blankenheim,_Saxony-Anhalt","Blankenheim, Saxony-Anhalt",271.6290713817258
http://dbpedia.org/resource/Střelná,Střelná,575.0988325435617
http://dbpedia.org/resource/Sultan_Muhammad_Kaharuddin_III_Airport,Sultan Muhammad Kaharuddin III Airport,5.359698848566456
"http://dbpedia.org/resource/Daqiao_Subdistrict,_Shanghai","Daqiao Subdistrict, Shanghai",9.128526658676607
http://dbpedia.org/resource/Počítky,Počítky,582.764059954877
http://dbpedia.org/resource/Újezd_(Žďár_nad_Sázavou_District),Újezd (Žďár nad Sázavou District),515.5551865611
"http://dbpedia.org/resource/Sand_Ridge_Township,_Jackson_County,_Illinois","Sand Ridge Township, Jackson County, Illinois",118.40922548729442
"http://dbpedia.org/resource/Linn_Township,_Cedar_County,_Iowa","Linn Township, Cedar County, Iowa",259.4451308489093
http://dbpedia.org/resource/Little_Chuckwalla_Mountains,Little Chuckwalla Mountains,521.6775448916674
http://dbpedia.org/resource/Biet_(mountain),Biet (mountain),1684.567460410328
http://dbpedia.org/resource/Saint-Sauveur-de-Meilhan,Saint-Sauveur-de-Meilhan,103.97222370644681
"http://dbpedia.org/resource/Carmet,_California","Carmet, California",52.64646489890105
http://dbpedia.org/resource/Tonj,Tonj,402.77313877852947
http://dbpedia.org/resource/Horní_Dubenky,Horní Dubenky,629.6819441435638
http://dbpedia.org/resource/Dobříč_(Plzeň-North_District),Dobříč (Plzeň-North District),348.9705969228656
http://dbpedia.org/resource/Dražice_(Tábor_District),Dražice (Tábor District),478.25847387544286
"http://dbpedia.org/resource/Crystola,_Colorado","Crystola, Colorado",2552.07363015187
http://dbpedia.org/resource/Luběnice,Luběnice,218.21392670318733
http://dbpedia.org/resource/Lières,Lières,64.36992599673528
"http://dbpedia.org/resource/Bullhead_Lake_(Glacier_County,_Montana)","Bullhead Lake (Glacier County, Montana)",1393.3459692536958
http://dbpedia.org/resource/Oberdorf_am_Hochegg,Oberdorf am Hochegg,344.14269679214834
http://dbpedia.org/resource/Lužice_(Prachatice_District),Lužice (Prachatice District),391.67384333248947
http://dbpedia.org/resource/Oliva_de_la_Frontera,Oliva de la Frontera,356.4799433494026
http://dbpedia.org/resource/Sorbier,Sorbier,318.81099014732354
"http://dbpedia.org/resource/Hardman,_Oregon","Hardman, Oregon",1002.0413746018577
http://dbpedia.org/resource/Villedieu-le-Château,Villedieu-le-Château,137.47794013870873
"http://dbpedia.org/resource/Dernbach,_Westerwaldkreis","Dernbach, Westerwaldkreis",303.17711604925
http://dbpedia.org/resource/Vaalputs,Vaalputs,997.4092724915306
"http://dbpedia.org/resource/Cedar_Run,_New_Jersey","Cedar Run, New Jersey",8.458110084676578
http://dbpedia.org/resource/Deaux,Deaux,112.6587958655829
http://dbpedia.org/resource/Jestřebí_(Šumperk_District),Jestřebí (Šumperk District),347.74120962180797
http://dbpedia.org/resource/Zálší_(Ústí_nad_Orlicí_District),Zálší (Ústí nad Orlicí District),282.62559633889714
http://dbpedia.org/resource/Felsberg_(Odenwald),Felsberg (Odenwald),494.49140488228664
"http://dbpedia.org/resource/Stumptown,_West_Virginia","Stumptown, West Virginia",218.9646784410255
http://dbpedia.org/resource/Vézénobres,Vézénobres,82.62430815511932
http://dbpedia.org/resource/Břežany_(Rakovník_District),Břežany (Rakovník District),417.3298848391554
http://dbpedia.org/resource/La_Tieule,La Tieule,813.3043686595362
http://dbpedia.org/resource/Dobkovice,Dobkovice,131.92730890910738
http://dbpedia.org/resource/Rikon_im_Tösstal,Rikon im Tösstal,441.10077677655994
"http://dbpedia.org/resource/Cool,_California","Cool, California",525.7484012508821
http://dbpedia.org/resource/Pingla_(community_development_block),Pingla (community development block),17.873587299671147
"http://dbpedia.org/resource/La_Plata,_Huila","La Plata, Huila",1038.0485248506527
http://dbpedia.org/resource/Ajou,Ajou,162.399733852287
http://dbpedia.org/resource/Těchlovice_(Děčín_District),Těchlovice (Děčín District),146.83389901072283
"http://dbpedia.org/resource/Grizzly_Peak_(Mariposa_County,_California)","Grizzly Peak (Mariposa County, California)",1853.5829493771396
http://dbpedia.org/resource/Portsmouth_Airport_(Hampshire),Portsmouth Airport (Hampshire),2.043851996028791
http://dbpedia.org/resource/The_Tower_(Alberta),The Tower (Alberta),3674.0530638535724
"http://dbpedia.org/resource/Plumwood,_Ohio","Plumwood, Ohio",355.3055061554163
"http://dbpedia.org/resource/Breitenstein,_Saxony-Anhalt","Breitenstein, Saxony-Anhalt",530.0732357670361
http://dbpedia.org/resource/Boissy-en-Drouais,Boissy-en-Drouais,148.3031246893383
"http://dbpedia.org/resource/Ancora,_New_Jersey","Ancora, New Jersey",33.392465269369154
http://dbpedia.org/resource/Kirchdorf_an_der_Krems,Kirchdorf an der Krems,514.9692121214529
http://dbpedia.org/resource/Milonice_(Vyškov_District),Milonice (Vyškov District),212.5337770104107
"http://dbpedia.org/resource/Lime_Lake,_New_York","Lime Lake, New York",481.1766874590294
http://dbpedia.org/resource/Piratini,Piratini,328.94618120169343
"http://dbpedia.org/resource/Gee,_Kentucky","Gee, Kentucky",228.09995718862896
http://dbpedia.org/resource/Mohe_Gulian_Airport,Mohe Gulian Airport,749.6053578643865
"http://dbpedia.org/resource/Poyner_Township,_Black_Hawk_County,_Iowa","Poyner Township, Black Hawk County, Iowa",230.69380835308897
http://dbpedia.org/resource/Concoules,Concoules,757.946363134996
http://dbpedia.org/resource/Moravský_Písek,Moravský Písek,164.13766235500262
http://dbpedia.org/resource/Oktyabrsky_Airport,Oktyabrsky Airport,96.9651486054391
http://dbpedia.org/resource/Kehmstedt,Kehmstedt,215.05183517674615
http://dbpedia.org/resource/Lubenec,Lubenec,435.78007541954946
"http://dbpedia.org/resource/Venator,_Oregon","Venator, Oregon",963.529750893414
http://dbpedia.org/resource/Sprague_Lake_(Colorado),Sprague Lake (Colorado),2775.658737195383
http://dbpedia.org/resource/Rudice_(Blansko_District),Rudice (Blansko District),465.2998588866722
"http://dbpedia.org/resource/Eel_Township,_Cass_County,_Indiana","Eel Township, Cass County, Indiana",223.30261460355786
"http://dbpedia.org/resource/Poole,_Kentucky","Poole, Kentucky",133.6886901294862
http://dbpedia.org/resource/Latdorf,Latdorf,80.21737867077081
http://dbpedia.org/resource/Hostěnice,Hostěnice,252.52320215234434
"http://dbpedia.org/resource/Avilla_Township,_Comanche_County,_Kansas","Avilla Township, Comanche County, Kansas",531.4239993662258
"http://dbpedia.org/resource/Carpenter,_Wyoming","Carpenter, Wyoming",1308.684380181127
"http://dbpedia.org/resource/Rajdhani,_Kotli","Rajdhani, Kotli",645.3877497830982
"http://dbpedia.org/resource/Drage,_Lower_Saxony","Drage, Lower Saxony",3.010614276071568
"http://dbpedia.org/resource/Wilmington_Township,_DeKalb_County,_Indiana","Wilmington Township, DeKalb County, Indiana",300.1313502602434
http://dbpedia.org/resource/Yachenahalli,Yachenahalli,755.8510184693118
http://dbpedia.org/resource/Amaravila,Amaravila,27.24270742121321
http://dbpedia.org/resource/Vídeň_(Žďár_nad_Sázavou_District),Vídeň (Žďár nad Sázavou District),479.5126223010793
http://dbpedia.org/resource/Ujčov,Ujčov,346.5485904852338
http://dbpedia.org/resource/Drachten_Airfield,Drachten Airfield,4.874183862156861
http://dbpedia.org/resource/Selva_di_Progno,Selva di Progno,610.1860007832213
http://dbpedia.org/resource/Bošilec,Bošilec,376.5526341477842
http://dbpedia.org/resource/Louches,Louches,26.361469236160705
http://dbpedia.org/resource/Hesdigneul-lès-Boulogne,Hesdigneul-lès-Boulogne,16.50532402279392
http://dbpedia.org/resource/Lieutenant_General_Best_Barracks,Lieutenant General Best Barracks,29.42720156163002
"http://dbpedia.org/resource/Jackson_Township,_Elkhart_County,_Indiana","Jackson Township, Elkhart County, Indiana",239.73573688524266
http://dbpedia.org/resource/Augsdorf,Augsdorf,199.51077626899163
http://dbpedia.org/resource/Winchester_Municipal_Airport,Winchester Municipal Airport,282.7680196518963
"http://dbpedia.org/resource/Washington_Township,_Starke_County,_Indiana","Washington Township, Starke County, Indiana",180.807179495083
http://dbpedia.org/resource/Mahya_Dağı,Mahya Dağı,1271.3187951423643
http://dbpedia.org/resource/Lago_d'Isola,Lago d'Isola,1743.143408378718
http://dbpedia.org/resource/Chapfensee,Chapfensee,1218.086213150867
http://dbpedia.org/resource/Lhota_(Zlín_District),Lhota (Zlín District),345.86195860986277
"http://dbpedia.org/resource/Washington_Township,_Whitley_County,_Indiana","Washington Township, Whitley County, Indiana",257.51907166296917
http://dbpedia.org/resource/Staryi_Uhryniv,Staryi Uhryniv,362.2068363898906
http://dbpedia.org/resource/Saint-Sauveur-de-Cruzières,Saint-Sauveur-de-Cruzières,172.08861827396726
"http://dbpedia.org/resource/Paynes_Point,_Illinois","Paynes Point, Illinois",246.83035961493317
http://dbpedia.org/resource/Großmölsen,Großmölsen,187.8841885065012
"http://dbpedia.org/resource/Saint-Saturnin,_Marne","Saint-Saturnin, Marne",87.68538970172558
http://dbpedia.org/resource/Radenice,Radenice,576.8146435065709
http://dbpedia.org/resource/Le_Sars,Le Sars,138.3378676071157
http://dbpedia.org/resource/Bélmez_de_la_Moraleda,Bélmez de la Moraleda,717.4144220641775
"http://dbpedia.org/resource/Sunshine,_Harlan_County,_Kentucky","Sunshine, Harlan County, Kentucky",359.6688887397058
"http://dbpedia.org/resource/Yuanjiang_Hani,_Yi_and_Dai_Autonomous_County","Yuanjiang Hani, Yi and Dai Autonomous County",380.4785233373351
"http://dbpedia.org/resource/Fairmount_Township,_Grant_County,_Indiana","Fairmount Township, Grant County, Indiana",265.0369745463189
http://dbpedia.org/resource/Světlá,Světlá,479.83997456647205
http://dbpedia.org/resource/Esbjerg,Esbjerg,9.43730324125276
http://dbpedia.org/resource/Geusa,Geusa,113.6189620227328
"http://dbpedia.org/resource/Murphy_Lake_(Jasper_County,_Georgia)","Murphy Lake (Jasper County, Georgia)",253.74314457886754
http://dbpedia.org/resource/Pudagla,Pudagla,1.0075805859046822
"http://dbpedia.org/resource/Muqur,_Ghazni","Muqur, Ghazni",2548.6463821450925
"http://dbpedia.org/resource/Chengbei_Subdistrict,_Deyang","Chengbei Subdistrict, Deyang",524.3188019575971
http://dbpedia.org/resource/San_Pedro_Manrique,San Pedro Manrique,1075.4951270537117
"http://dbpedia.org/resource/Obra,_Bihar","Obra, Bihar",86.41111240237899
http://dbpedia.org/resource/Blatno_(Louny_District),Blatno (Louny District),337.67822058844973
http://dbpedia.org/resource/Sanilhac-Sagriès,Sanilhac-Sagriès,84.62553276566629
http://dbpedia.org/resource/Trujillanos,Trujillanos,276.1272011739557
"http://dbpedia.org/resource/Prairie_Creek_Township,_Vigo_County,_Indiana","Prairie Creek Township, Vigo County, Indiana",130.18758556910745
http://dbpedia.org/resource/Montagny-près-Louhans,Montagny-près-Louhans,192.3480672360785
http://dbpedia.org/resource/Rahdari,Rahdari,191.58945832286534
http://dbpedia.org/resource/Maxsain,Maxsain,247.86232306707578
"http://dbpedia.org/resource/Bessières,_Haute-Garonne","Bessières, Haute-Garonne",111.32702080704257
http://dbpedia.org/resource/Mikumi,Mikumi,484.48663151355265
http://dbpedia.org/resource/Žár_(České_Budějovice_District),Žár (České Budějovice District),560.91829895586
"http://dbpedia.org/resource/Murphy_Lake_(Garden_County,_Nebraska)","Murphy Lake (Garden County, Nebraska)",1335.1523030341507
http://dbpedia.org/resource/Peraleda_de_la_Mata,Peraleda de la Mata,322.13817396295065
"http://dbpedia.org/resource/Riddle,_West_Virginia","Riddle, West Virginia",320.6563297472278
http://dbpedia.org/resource/Prévenchères,Prévenchères,799.1743603906626
http://dbpedia.org/resource/Les_Hermaux,Les Hermaux,1062.9954901937012
http://dbpedia.org/resource/Pustá_Rybná,Pustá Rybná,686.197869434829
http://dbpedia.org/resource/Oslavice,Oslavice,457.3424915391206
"http://dbpedia.org/resource/Washington_Township,_Miami_County,_Indiana","Washington Township, Miami County, Indiana",221.7840478241069
http://dbpedia.org/resource/Radslavice_(Vyškov_District),Radslavice (Vyškov District),321.2303130954874
http://dbpedia.org/resource/Guinecourt,Guinecourt,116.86080941587468
http://dbpedia.org/resource/Spešov,Spešov,251.61633627441734
http://dbpedia.org/resource/Boboszów,Boboszów,465.43613465051124
"http://dbpedia.org/resource/Jackson_Township,_White_County,_Indiana","Jackson Township, White County, Indiana",198.20800263239778
http://dbpedia.org/resource/Valchov,Valchov,521.0736145245127
http://dbpedia.org/resource/Fort-Moville,Fort-Moville,58.586337807746354
http://dbpedia.org/resource/El_Cuervo_de_Sevilla,El Cuervo de Sevilla,64.64724525220755
http://dbpedia.org/resource/Castile_(historical_region),Castile (historical region),701.4334006794438
http://dbpedia.org/resource/Fau-de-Peyre,Fau-de-Peyre,1033.9872498797904
"http://dbpedia.org/resource/Washington_Township,_Shelby_County,_Indiana","Washington Township, Shelby County, Indiana",239.2279208998379
"http://dbpedia.org/resource/Point_Township,_Posey_County,_Indiana","Point Township, Posey County, Indiana",121.0898627880882
http://dbpedia.org/resource/Paliem,Paliem,6.733372780844158
"http://dbpedia.org/resource/Swalwell,_Alberta","Swalwell, Alberta",873.4282896534309
"http://dbpedia.org/resource/Sankt_Martin,_Germany","Sankt Martin, Germany",244.76955828540758
http://dbpedia.org/resource/Süderhastedt,Süderhastedt,15.85685382647516
http://dbpedia.org/resource/Kvítkovice_(České_Budějovice_District),Kvítkovice (České Budějovice District),493.7539213890591
http://dbpedia.org/resource/Dolní_Heřmanice,Dolní Heřmanice,405.8112235596715
http://dbpedia.org/resource/Quakertown_Airport,Quakertown Airport,151.49928261306087
http://dbpedia.org/resource/Vatín,Vatín,537.509920721957
"http://dbpedia.org/resource/Ramsen,_Rhineland-Palatinate","Ramsen, Rhineland-Palatinate",341.4109862080244
"http://dbpedia.org/resource/Montrose,_Edmonton","Montrose, Edmonton",579.9201348442093
http://dbpedia.org/resource/Rataje_(Kroměříž_District),Rataje (Kroměříž District),266.6484543699887
http://dbpedia.org/resource/Huimin_County,Huimin County,12.355828181754507
http://dbpedia.org/resource/Imsweiler,Imsweiler,183.7583989469438
"http://dbpedia.org/resource/Decker_Township,_Knox_County,_Indiana","Decker Township, Knox County, Indiana",109.42310483317235
http://dbpedia.org/resource/Dobroměřice,Dobroměřice,154.71885872630062
"http://dbpedia.org/resource/Bozdoğan,_Mut","Bozdoğan, Mut",751.2486065617891
http://dbpedia.org/resource/Bouza,Bouza,393.3209957166324
"http://dbpedia.org/resource/Bonbon,_Grand'Anse","Bonbon, Grand'Anse",109.13294441172695
http://dbpedia.org/resource/Föhren,Föhren,224.97788260841784
http://dbpedia.org/resource/Frévillers,Frévillers,154.58690691651415
http://dbpedia.org/resource/Ritzgerode,Ritzgerode,280.9125540350111
http://dbpedia.org/resource/Rock_Bridge_Memorial_State_Park,Rock Bridge Memorial State Park,174.42094174803873
http://dbpedia.org/resource/Biefvillers-lès-Bapaume,Biefvillers-lès-Bapaume,136.19821429011688
"http://dbpedia.org/resource/Taihe_County,_Jiangxi","Taihe County, Jiangxi",55.585192723166585
http://dbpedia.org/resource/Towosahgy_State_Historic_Site,Towosahgy State Historic Site,96.37511123474462
http://dbpedia.org/resource/Cerro_Pantoja,Cerro Pantoja,2273.0376964970164
"http://dbpedia.org/resource/Helt_Township,_Vermillion_County,_Indiana","Helt Township, Vermillion County, Indiana",216.77829848974068
http://dbpedia.org/resource/Groß_Rosenburg,Groß Rosenburg,50.523571656845576
http://dbpedia.org/resource/Branky,Branky,271.7122682365673
"http://dbpedia.org/resource/Mandu,_Jharkhand","Mandu, Jharkhand",492.11810326645116
"http://dbpedia.org/resource/Jefferson_Township,_Tipton_County,_Indiana","Jefferson Township, Tipton County, Indiana",306.100039929721
http://dbpedia.org/resource/Villel,Villel,743.8568103218856
http://dbpedia.org/resource/Andernay,Andernay,142.86109549346227
http://dbpedia.org/resource/Vorey,Vorey,567.4094125568828
"http://dbpedia.org/resource/Jefferson_Township,_Carroll_County,_Indiana","Jefferson Township, Carroll County, Indiana",234.52934896377099
http://dbpedia.org/resource/Tepeji,Tepeji,2256.3766496104686
http://dbpedia.org/resource/Vásquez_de_Coronado_(canton),Vásquez de Coronado (canton),1436.5241444016572
"http://dbpedia.org/resource/Johnson,_Indiana","Johnson, Indiana",120.113098301045
http://dbpedia.org/resource/Toufflers,Toufflers,43.10809310483742
http://dbpedia.org/resource/Čechtín,Čechtín,534.4609578258733
http://dbpedia.org/resource/Pozořice,Pozořice,337.6441518468469
http://dbpedia.org/resource/Láchar,Láchar,611.0619046368487
http://dbpedia.org/resource/Uddel,Uddel,33.289645182524886
http://dbpedia.org/resource/San_Justo_de_la_Vega,San Justo de la Vega,957.3727262485187
http://dbpedia.org/resource/Senorady,Senorady,378.4978814821382
"http://dbpedia.org/resource/Washington_Township,_Black_Hawk_County,_Iowa","Washington Township, Black Hawk County, Iowa",273.6529475434971
http://dbpedia.org/resource/Lindstedt_(Gardelegen),Lindstedt (Gardelegen),31.836888134659073
"http://dbpedia.org/resource/Paradise,_Grenada","Paradise, Grenada",207.95443164518855
http://dbpedia.org/resource/Rusava,Rusava,402.2158217655316
http://dbpedia.org/resource/Alcaudete,Alcaudete,650.2786129381932
"http://dbpedia.org/resource/Cape_Horn,_Placer_County,_California","Cape Horn, Placer County, California",862.4230884076541
http://dbpedia.org/resource/Besdorf,Besdorf,10.666423311135569
http://dbpedia.org/resource/Offrethun,Offrethun,66.87445029832023
http://dbpedia.org/resource/Nová_Říše,Nová Říše,488.45139289693753
http://dbpedia.org/resource/Obrataň,Obrataň,618.2779605565147
http://dbpedia.org/resource/Bellonne,Bellonne,66.6766090384545
"http://dbpedia.org/resource/Prescott_Township,_Adams_County,_Iowa","Prescott Township, Adams County, Iowa",354.18609293918587
"http://dbpedia.org/resource/Yenice,_Gülnar","Yenice, Gülnar",671.5721728589856
"http://dbpedia.org/resource/Jackson_Township,_Elkhart_County,_Indiana","Jackson Township, Elkhart County, Indiana",288.0647392487778
http://dbpedia.org/resource/Boissy-lès-Perche,Boissy-lès-Perche,151.5415014010041
"http://dbpedia.org/resource/Hanging_Grove_Township,_Jasper_County,_Indiana","Hanging Grove Township, Jasper County, Indiana",225.47433353162666
http://dbpedia.org/resource/Wiebelsdorf,Wiebelsdorf,411.9058450571167
http://dbpedia.org/resource/Sibřina,Sibřina,250.1467443174582
http://dbpedia.org/resource/Escalona,Escalona,557.5336240817722
http://dbpedia.org/resource/Radkovy,Radkovy,249.07899856295828
http://dbpedia.org/resource/Small_Pond_(Innsbruck),Small Pond (Innsbruck),538.1273636458717
http://dbpedia.org/resource/Beuvry,Beuvry,28.03265126534404
http://dbpedia.org/resource/Dobromilice,Dobromilice,252.87783439267685
http://dbpedia.org/resource/Hot_Springs_Mountain,Hot Springs Mountain,2099.4074858813574
http://dbpedia.org/resource/Amsdorf,Amsdorf,81.29004958813964
http://dbpedia.org/resource/Dzidzantún_Municipality,Dzidzantún Municipality,1.6996220396252746
http://dbpedia.org/resource/Beugnâtre,Beugnâtre,133.9086822069003
http://dbpedia.org/resource/Journy,Journy,133.42171163585246
"http://dbpedia.org/resource/Fontanès,_Hérault","Fontanès, Hérault",70.03219700591802
"http://dbpedia.org/resource/Comanche_Township,_Barton_County,_Kansas","Comanche Township, Barton County, Kansas",431.7941454043339
http://dbpedia.org/resource/Round_Mountain_(Snowy_Mountains),Round Mountain (Snowy Mountains),1528.5173094671395
http://dbpedia.org/resource/Sázava_(Žďár_nad_Sázavou_District),Sázava (Žďár nad Sázavou District),521.9978969713615
http://dbpedia.org/resource/Přeckov,Přeckov,473.7805212873656
http://dbpedia.org/resource/Dions,Dions,37.669796570562426
"http://dbpedia.org/resource/Tortuga,_California","Tortuga, California",48.03977576523695
http://dbpedia.org/resource/Esther_Mountain,Esther Mountain,1147.7864645086229
http://dbpedia.org/resource/Zadelsdorf,Zadelsdorf,359.7563371623161
http://dbpedia.org/resource/Kuštilj,Kuštilj,86.35139316890712
http://dbpedia.org/resource/Vannecrocq,Vannecrocq,123.82063155825871
http://dbpedia.org/resource/Rising_Wolf_Mountain,Rising Wolf Mountain,2805.7094072039536
"http://dbpedia.org/resource/Alur,_Osmanabad","Alur, Osmanabad",515.8230961086698
http://dbpedia.org/resource/Velká_nad_Veličkou,Velká nad Veličkou,292.804117736968
http://dbpedia.org/resource/Gräfenhain,Gräfenhain,467.9004865748202
http://dbpedia.org/resource/Suchá_(Jihlava_District),Suchá (Jihlava District),451.9850602906078
http://dbpedia.org/resource/Göviken_Heliport,Göviken Heliport,490.32410978121396
http://dbpedia.org/resource/Freeman_Municipal_Airport,Freeman Municipal Airport,170.1439152994323
"http://dbpedia.org/resource/Fordham,_Wisconsin","Fordham, Wisconsin",246.55854861614907
"http://dbpedia.org/resource/L'Hôpital,_Moselle","L'Hôpital, Moselle",274.8884217832853
http://dbpedia.org/resource/Campigneulles-les-Petites,Campigneulles-les-Petites,54.77066029182922
http://dbpedia.org/resource/Hlohovice,Hlohovice,394.6777617897659
http://dbpedia.org/resource/Mirabello_Monferrato,Mirabello Monferrato,127.90035532422749
http://dbpedia.org/resource/Foufflin-Ricametz,Foufflin-Ricametz,143.40197897425165
http://dbpedia.org/resource/Hesdin-l'Abbé,Hesdin-l'Abbé,9.226542629855532
http://dbpedia.org/resource/Radošov,Radošov,706.1594659137066
http://dbpedia.org/resource/Nagrakata,Nagrakata,185.2574948050645
http://dbpedia.org/resource/Jeníkov_(Teplice_District),Jeníkov (Teplice District),249.21869890806337
"http://dbpedia.org/resource/Fara,_Bloke","Fara, Bloke",621.2422247033461
"http://dbpedia.org/resource/Rolling_Acres,_Indiana","Rolling Acres, Indiana",154.91625643981786
http://dbpedia.org/resource/Dalečín,Dalečín,438.6496228579524
http://dbpedia.org/resource/Dlouhomilov,Dlouhomilov,280.3639756771894
"http://dbpedia.org/resource/Shamsabad,_Pakistan","Shamsabad, Pakistan",718.5391077648264
"http://dbpedia.org/resource/Jaffray,_British_Columbia","Jaffray, British Columbia",871.2348980502686
"http://dbpedia.org/resource/Knights,_Kentucky","Knights, Kentucky",141.89221773364275
http://dbpedia.org/resource/Génis,Génis,288.8048099700412
http://dbpedia.org/resource/Slopné,Slopné,340.45267165878494
http://dbpedia.org/resource/Kopachuck_State_Park,Kopachuck State Park,14.356967240349455
http://dbpedia.org/resource/Le_Torpt,Le Torpt,128.23405514430672
http://dbpedia.org/resource/Sparbu,Sparbu,32.276130142851265
http://dbpedia.org/resource/Raio_Palace,Raio Palace,160.29164379002953
http://dbpedia.org/resource/Marey-lès-Fussey,Marey-lès-Fussey,402.8445602137769
"http://dbpedia.org/resource/Sulzbach,_Hesse","Sulzbach, Hesse",110.5627676412261
http://dbpedia.org/resource/Jävenitz,Jävenitz,72.35127109240534
"http://dbpedia.org/resource/Bourbon_Township,_Marshall_County,_Indiana","Bourbon Township, Marshall County, Indiana",313.9983652477879
http://dbpedia.org/resource/Fraissinet-de-Lozère,Fraissinet-de-Lozère,987.0990623093985
http://dbpedia.org/resource/Rock_Lake_(Alberta),Rock Lake (Alberta),1236.6541807953927
"http://dbpedia.org/resource/Ewoldt_Township,_Carroll_County,_Iowa","Ewoldt Township, Carroll County, Iowa",370.2995686349354
"http://dbpedia.org/resource/Saint-Brice,_Orne","Saint-Brice, Orne",149.37854544800493
"http://dbpedia.org/resource/Castle_Dome_Landing,_Arizona","Castle Dome Landing, Arizona",57.42382909793407
http://dbpedia.org/resource/Mnich_(Pelhřimov_District),Mnich (Pelhřimov District),484.45618232901
http://dbpedia.org/resource/Saint-André-Capcèze,Saint-André-Capcèze,488.1183771849639
http://dbpedia.org/resource/Sytno,Sytno,348.42190775582685
"http://dbpedia.org/resource/Villedieu,_Cantal","Villedieu, Cantal",1012.6623297029823
http://dbpedia.org/resource/Marest,Marest,100.70372255936486
http://dbpedia.org/resource/Hüselitz,Hüselitz,36.93509364857759
http://dbpedia.org/resource/Sallent,Sallent,297.97160178304676
http://dbpedia.org/resource/Kirschkau,Kirschkau,413.1948599628088
http://dbpedia.org/resource/Amettes,Amettes,73.9055806341009
http://dbpedia.org/resource/Dobřejovice,Dobřejovice,321.2494816069684
http://dbpedia.org/resource/Nížkov,Nížkov,441.54248382758084
"http://dbpedia.org/resource/Cachi,_Argentina","Cachi, Argentina",2131.424705095698
http://dbpedia.org/resource/Přeborov,Přeborov,408.6365602398689
"http://dbpedia.org/resource/Woodruff,_Kansas","Woodruff, Kansas",670.4313151426402
http://dbpedia.org/resource/Saipal,Saipal,7347.390495917127
"http://dbpedia.org/resource/Plaisance,_Nord","Plaisance, Nord",365.6519856101441
http://dbpedia.org/resource/Mermet,Mermet,124.93294847608793
http://dbpedia.org/resource/Miserey,Miserey,124.6251776320909
http://dbpedia.org/resource/Golzen,Golzen,177.7060263244666
http://dbpedia.org/resource/Bhawana,Bhawana,163.16610027370888
"http://dbpedia.org/resource/East_Union,_Minnesota","East Union, Minnesota",301.45230641895864
http://dbpedia.org/resource/Hira_Mountains,Hira Mountains,1080.3180990221997
http://dbpedia.org/resource/Mount_Callaghan,Mount Callaghan,2367.807022292163
http://dbpedia.org/resource/Borušov,Borušov,350.92130365731214
http://dbpedia.org/resource/Schynige_Platte,Schynige Platte,1769.9915595011141
"http://dbpedia.org/resource/Lignerolles,_Allier","Lignerolles, Allier",386.18025695214317
http://dbpedia.org/resource/Cholina,Cholina,244.7882175603716
http://dbpedia.org/resource/Ganikapudi,Ganikapudi,24.062972702965546
"http://dbpedia.org/resource/Floyd_Township,_Putnam_County,_Indiana","Floyd Township, Putnam County, Indiana",242.03486310279942
http://dbpedia.org/resource/Mörsfeld,Mörsfeld,256.3999193327688
http://dbpedia.org/resource/Carahue,Carahue,2.558446850252197
http://dbpedia.org/resource/Saimaluu_Tash,Saimaluu Tash,3218.4558288331345
http://dbpedia.org/resource/Albersroda,Albersroda,138.89526867862622
http://dbpedia.org/resource/Kralice_na_Hané,Kralice na Hané,177.232743481309
http://dbpedia.org/resource/Plothen,Plothen,490.89009975106467
http://dbpedia.org/resource/Big_Run_State_Park,Big Run State Park,438.16607608887824
"http://dbpedia.org/resource/Mauricetown,_New_Jersey","Mauricetown, New Jersey",4.186613915439992
http://dbpedia.org/resource/Sains-lès-Marquion,Sains-lès-Marquion,44.495557527460875
http://dbpedia.org/resource/Gerzensee_(lake),Gerzensee (lake),602.506219747444
"http://dbpedia.org/resource/Leira,_Sør-Trøndelag","Leira, Sør-Trøndelag",16.50360227327955
http://dbpedia.org/resource/Nový_Rychnov,Nový Rychnov,632.7105451619543
http://dbpedia.org/resource/New_Bhuj,New Bhuj,85.68773019213515
"http://dbpedia.org/resource/Brookside,_New_Jersey","Brookside, New Jersey",122.37163082279403
http://dbpedia.org/resource/Westerhausen,Westerhausen,162.30384345227333
"http://dbpedia.org/resource/Posey_Township,_Franklin_County,_Indiana","Posey Township, Franklin County, Indiana",323.1590859358036
"http://dbpedia.org/resource/Bonny,_Kentucky","Bonny, Kentucky",311.35178732076605
"http://dbpedia.org/resource/Žeravice,_Hodonín","Žeravice, Hodonín",248.38168572413207
"http://dbpedia.org/resource/Parish_Grove_Township,_Benton_County,_Indiana","Parish Grove Township, Benton County, Indiana",213.18448862543528
"http://dbpedia.org/resource/Washington_Township,_Clark_County,_Indiana","Washington Township, Clark County, Indiana",259.32597901502766
http://dbpedia.org/resource/Jolo,Jolo,806.2340942096466
"http://dbpedia.org/resource/St._Anthony,_Minnesota","St. Anthony, Minnesota",252.47695527019616
"http://dbpedia.org/resource/Squire,_West_Virginia","Squire, West Virginia",588.2219880218004
http://dbpedia.org/resource/Lora_de_Estepa,Lora de Estepa,465.76506470564044
"http://dbpedia.org/resource/Windsor_Castle,_Pennsylvania","Windsor Castle, Pennsylvania",171.53854961118662
http://dbpedia.org/resource/Arthez-d'Asson,Arthez-d'Asson,467.69132668816655
"http://dbpedia.org/resource/Jefferson_Township,_Pulaski_County,_Indiana","Jefferson Township, Pulaski County, Indiana",251.54759223002188
http://dbpedia.org/resource/Tocuyito,Tocuyito,301.5236713384567
http://dbpedia.org/resource/Soustelle,Soustelle,338.65550527847915
http://dbpedia.org/resource/Rozsochatec,Rozsochatec,497.8569850105052
http://dbpedia.org/resource/Puch_bei_Weiz,Puch bei Weiz,536.5137499620289
http://dbpedia.org/resource/Číčenice,Číčenice,486.2747734371017
"http://dbpedia.org/resource/Jesús_Carranza,_Veracruz","Jesús Carranza, Veracruz",23.634866285398456
http://dbpedia.org/resource/Hůry,Hůry,513.4253010907411
http://dbpedia.org/resource/Tampa_Executive_Airport,Tampa Executive Airport,6.695605548092525
http://dbpedia.org/resource/Hrušovany_u_Brna,Hrušovany u Brna,180.24813436556732
http://dbpedia.org/resource/Oesterwurth,Oesterwurth,0.0
"http://dbpedia.org/resource/Blairville,_Pas-de-Calais","Blairville, Pas-de-Calais",128.95423381220755
"http://dbpedia.org/resource/Chariton_Township,_Appanoose_County,_Iowa","Chariton Township, Appanoose County, Iowa",287.6087014548114
"http://dbpedia.org/resource/Ojos_Negros,_Teruel","Ojos Negros, Teruel",1128.0461774638227
http://dbpedia.org/resource/Purunakatak,Purunakatak,161.59961501822295
http://dbpedia.org/resource/Noyna_Hill,Noyna Hill,350.8860132241925
"http://dbpedia.org/resource/Saint-Cyprien,_Pyrénées-Orientales","Saint-Cyprien, Pyrénées-Orientales",4.6385598102069725
"http://dbpedia.org/resource/Delaney,_California","Delaney, California",1529.3027671003535
http://dbpedia.org/resource/Bukovice_(Brno-Country_District),Bukovice (Brno-Country District),495.9946653848963
http://dbpedia.org/resource/Chhitauni,Chhitauni,96.64507602274492
http://dbpedia.org/resource/Vysočany_(Blansko_District),Vysočany (Blansko District),605.615243250052
http://dbpedia.org/resource/Roudné,Roudné,339.5467702691561
http://dbpedia.org/resource/Mount_Pelion_West,Mount Pelion West,1426.8379123412692
"http://dbpedia.org/resource/Lymburn,_Edmonton","Lymburn, Edmonton",640.2477133865266
http://dbpedia.org/resource/Brandvlei,Brandvlei,982.1349364953464
"http://dbpedia.org/resource/Posey_Township,_Fayette_County,_Indiana","Posey Township, Fayette County, Indiana",324.3274990362865
http://dbpedia.org/resource/Mahouš,Mahouš,379.5137932914205
http://dbpedia.org/resource/Jakobsweiler,Jakobsweiler,277.7642004268519
http://dbpedia.org/resource/Litohoř,Litohoř,546.4215150330144
http://dbpedia.org/resource/Queienfeld,Queienfeld,388.51747336269165
http://dbpedia.org/resource/Schmiedefeld_(Lichtetal),Schmiedefeld (Lichtetal),749.5451384278322
http://dbpedia.org/resource/Starý_Poddvorov,Starý Poddvorov,208.52793829165097
http://dbpedia.org/resource/Panticosa,Panticosa,1001.2819997765396
http://dbpedia.org/resource/Konstantinovy_Lázně,Konstantinovy Lázně,533.6616233086982
http://dbpedia.org/resource/Vitčice,Vitčice,218.983234332726
http://dbpedia.org/resource/Roëllecourt,Roëllecourt,110.71947094097115
http://dbpedia.org/resource/Gorny_Institute,Gorny Institute,1959.0423065106138
http://dbpedia.org/resource/Quilen,Quilen,98.77537466071858
"http://dbpedia.org/resource/Jackson_Township,_Greene_County,_Indiana","Jackson Township, Greene County, Indiana",175.55324332418783
http://dbpedia.org/resource/Korweiler,Korweiler,302.7448197118037
"http://dbpedia.org/resource/Perry_Township,_Vanderburgh_County,_Indiana","Perry Township, Vanderburgh County, Indiana",132.08496645463157
http://dbpedia.org/resource/Lajo,Lajo,925.0090509694596
"http://dbpedia.org/resource/Linville,_North_Carolina","Linville, North Carolina",1443.728350328917
http://dbpedia.org/resource/Kšice,Kšice,421.08339706201184
http://dbpedia.org/resource/Mount_Petrie,Mount Petrie,152.77505443968718
http://dbpedia.org/resource/Hugaboom_Lake,Hugaboom Lake,244.91483443682125
"http://dbpedia.org/resource/Milpitas,_California","Milpitas, California",6.573993308462511
http://dbpedia.org/resource/Křimov,Křimov,599.1613156512229
http://dbpedia.org/resource/Palikówka,Palikówka,218.85667907601257
http://dbpedia.org/resource/Stara_Bystrzyca,Stara Bystrzyca,290.7846616897825
http://dbpedia.org/resource/Helfaut,Helfaut,81.2696998050475
http://dbpedia.org/resource/Oldřiš,Oldřiš,599.5778700098458
"http://dbpedia.org/resource/Popice,_Czech_Republic","Popice, Czech Republic",197.66457187737126
http://dbpedia.org/resource/Alpine–Casparis_Municipal_Airport,Alpine–Casparis Municipal Airport,1273.9198470107517
http://dbpedia.org/resource/Elmen,Elmen,1108.8792890725003
http://dbpedia.org/resource/Wancourt,Wancourt,55.641933018609684
http://dbpedia.org/resource/Laires,Laires,204.366545401072
http://dbpedia.org/resource/Tetčice,Tetčice,327.0040966839598
http://dbpedia.org/resource/Adorjan,Adorjan,68.82710269274179
"http://dbpedia.org/resource/Yeniceköy,_Bursa","Yeniceköy, Bursa",355.16975357053667
http://dbpedia.org/resource/Santa_Maria_degli_Angeli_(Assisi),Santa Maria degli Angeli (Assisi),195.61127084324127
http://dbpedia.org/resource/Nová_Lhota_(Hodonín_District),Nová Lhota (Hodonín District),438.5875455983838
http://dbpedia.org/resource/Pigne_d'Arolla,Pigne d'Arolla,3297.030988975852
http://dbpedia.org/resource/Dommartin-le-Saint-Père,Dommartin-le-Saint-Père,178.6245085228007
http://dbpedia.org/resource/Šlapanov,Šlapanov,460.1413385505073
http://dbpedia.org/resource/Jalaid_Banner,Jalaid Banner,220.17175727960088
"http://dbpedia.org/resource/Paradise,_Illinois","Paradise, Illinois",197.84042154437964
http://dbpedia.org/resource/Małowidz,Małowidz,130.54163936127574
http://dbpedia.org/resource/Dommartin-le-Franc,Dommartin-le-Franc,194.780026677702
"http://dbpedia.org/resource/Klang,_Moselle","Klang, Moselle",238.3000584698486
"http://dbpedia.org/resource/Jackson_Township,_Howard_County,_Indiana","Jackson Township, Howard County, Indiana",258.2317938332602
http://dbpedia.org/resource/Nausitz,Nausitz,119.59079204619545
"http://dbpedia.org/resource/Saint-Brice,_Gironde","Saint-Brice, Gironde",65.88554004100025
"http://dbpedia.org/resource/Burnt_Ranch,_California","Burnt Ranch, California",426.9863937491973
http://dbpedia.org/resource/Zhanhua_District,Zhanhua District,5.849297399142201
"http://dbpedia.org/resource/St._Marys_Township,_Adams_County,_Indiana","St. Marys Township, Adams County, Indiana",231.71451866640274
http://dbpedia.org/resource/Salagnac,Salagnac,196.37447817328325
http://dbpedia.org/resource/Wolf_Lake_(Yukon),Wolf Lake (Yukon),863.4365716461529
http://dbpedia.org/resource/Arthur_Dunn_Airpark,Arthur Dunn Airpark,10.626123175544075
http://dbpedia.org/resource/Corralillo,Corralillo,14.048366347851045
"http://dbpedia.org/resource/Meda,_Oregon","Meda, Oregon",7.06669018103216
"http://dbpedia.org/resource/Myra,_Kentucky","Myra, Kentucky",265.2321955602463
http://dbpedia.org/resource/Buckeye_Lake_(Ohio),Buckeye Lake (Ohio),296.525568839213
http://dbpedia.org/resource/La_Campana,La Campana,144.19830417719638
"http://dbpedia.org/resource/Carter_Crest,_Edmonton","Carter Crest, Edmonton",796.4455470224301
"http://dbpedia.org/resource/Park,_Kentucky","Park, Kentucky",191.8516434636727
"http://dbpedia.org/resource/Wheelockville,_Massachusetts","Wheelockville, Massachusetts",74.72991703694002
http://dbpedia.org/resource/Palaciosrubios,Palaciosrubios,801.7098168484999
http://dbpedia.org/resource/Hrejkovice,Hrejkovice,468.38113524310177
"http://dbpedia.org/resource/Bennezette_Township,_Butler_County,_Iowa","Bennezette Township, Butler County, Iowa",302.6308754635369
http://dbpedia.org/resource/Veselíčko_(Přerov_District),Veselíčko (Přerov District),236.219979754064
http://dbpedia.org/resource/Myštěves,Myštěves,295.40838563871995
"http://dbpedia.org/resource/Flinn,_West_Virginia","Flinn, West Virginia",181.68027510449758
http://dbpedia.org/resource/Čejetice,Čejetice,399.06232984184635
http://dbpedia.org/resource/Lake_Marian,Lake Marian,735.8202256611263
http://dbpedia.org/resource/Toro_Negro_State_Forest,Toro Negro State Forest,1287.3753216572204
http://dbpedia.org/resource/Oldřichov_(Přerov_District),Oldřichov (Přerov District),215.17216391226944
"http://dbpedia.org/resource/Bohutín,_Šumperk_District","Bohutín, Šumperk District",355.90449341291173
http://dbpedia.org/resource/Thiembronne,Thiembronne,181.35984713335492
http://dbpedia.org/resource/Zahrádka_(Třebíč_District),Zahrádka (Třebíč District),350.17163283844616
"http://dbpedia.org/resource/Perry_Township,_Monroe_County,_Indiana","Perry Township, Monroe County, Indiana",183.28390996487522
http://dbpedia.org/resource/The_Cabox,The Cabox,825.2297343296686
"http://dbpedia.org/resource/Skyrattler,_Edmonton","Skyrattler, Edmonton",693.0029501745628
"http://dbpedia.org/resource/Cedar_Township,_Floyd_County,_Iowa","Cedar Township, Floyd County, Iowa",359.5017476204191
"http://dbpedia.org/resource/Baie-Johan-Beetz,_Quebec","Baie-Johan-Beetz, Quebec",9.448095823136262
http://dbpedia.org/resource/Quernes,Quernes,24.886075125530013
http://dbpedia.org/resource/Crow_Hills,Crow Hills,377.88819624550297
http://dbpedia.org/resource/Bratčice_(Kutná_Hora_District),Bratčice (Kutná Hora District),317.0137240385615
"http://dbpedia.org/resource/Stewartsville,_New_Jersey","Stewartsville, New Jersey",103.93492336484269
"http://dbpedia.org/resource/Jefferson_Township,_Carroll_County,_Indiana","Jefferson Township, Carroll County, Indiana",248.27424603600386
http://dbpedia.org/resource/Sardan,Sardan,83.53992537627582
http://dbpedia.org/resource/Moossee,Moossee,484.41460835888944
http://dbpedia.org/resource/Mas-d'Orcières,Mas-d'Orcières,954.3912924895304
"http://dbpedia.org/resource/Saint-Maximin,_Oise","Saint-Maximin, Oise",61.38180057466594
"http://dbpedia.org/resource/Frew,_Kentucky","Frew, Kentucky",296.6220133735516
http://dbpedia.org/resource/Trpísty,Trpísty,435.1216991773244
"http://dbpedia.org/resource/Pollard_Meadows,_Edmonton","Pollard Meadows, Edmonton",789.0094325093046
http://dbpedia.org/resource/Taroko_Mountain,Taroko Mountain,3751.620447337647
http://dbpedia.org/resource/Cadalso_de_los_Vidrios,Cadalso de los Vidrios,945.9376876466961
http://dbpedia.org/resource/Rybné,Rybné,648.2382886418246
http://dbpedia.org/resource/Lanas,Lanas,127.7041265114914
http://dbpedia.org/resource/Moscardón,Moscardón,1683.2853592222252
http://dbpedia.org/resource/Plottier,Plottier,263.75128681399434
"http://dbpedia.org/resource/Saint-Sauveur,_Isère","Saint-Sauveur, Isère",287.59095120822286
"http://dbpedia.org/resource/Newell_Township,_Buena_Vista_County,_Iowa","Newell Township, Buena Vista County, Iowa",454.7927734580337
http://dbpedia.org/resource/Sippersfeld,Sippersfeld,304.9701152546084
http://dbpedia.org/resource/Euilly-et-Lombut,Euilly-et-Lombut,178.47280389033068
"http://dbpedia.org/resource/Rio_Dell,_Sonoma_County,_California","Rio Dell, Sonoma County, California",35.00957516028663
http://dbpedia.org/resource/Hněvotín,Hněvotín,264.7875214685767
http://dbpedia.org/resource/Zbilidy,Zbilidy,619.1607811897263
http://dbpedia.org/resource/Couin,Couin,122.65390484237454
"http://dbpedia.org/resource/Redcrest,_California","Redcrest, California",117.64520370257526
"http://dbpedia.org/resource/Chengbei_Subdistrict,_Yangjiang","Chengbei Subdistrict, Yangjiang",8.345635581106901
http://dbpedia.org/resource/Nezamyslice_(Klatovy_District),Nezamyslice (Klatovy District),463.5656935192318
"http://dbpedia.org/resource/Jefferson_Township,_Morgan_County,_Indiana","Jefferson Township, Morgan County, Indiana",153.42418329946187
"http://dbpedia.org/resource/Carly,_Pas-de-Calais","Carly, Pas-de-Calais",29.865092529781275
"http://dbpedia.org/resource/Oberdorf,_Haut-Rhin","Oberdorf, Haut-Rhin",347.99570631224213
http://dbpedia.org/resource/Dashiqiao,Dashiqiao,38.305732340505344
"http://dbpedia.org/resource/Whispering_Pines,_Lake_County,_California","Whispering Pines, Lake County, California",900.0838487912287
"http://dbpedia.org/resource/Holbrook,_West_Virginia","Holbrook, West Virginia",244.88991996091792
http://dbpedia.org/resource/Ptenín,Ptenín,442.93506543234435
http://dbpedia.org/resource/Caucasus_Mountains,Caucasus Mountains,5243.813083809577
"http://dbpedia.org/resource/Saint-Luc,_Switzerland","Saint-Luc, Switzerland",1668.3690724922492
"http://dbpedia.org/resource/Bukovica,_Ribnica","Bukovica, Ribnica",548.3623200814235
http://dbpedia.org/resource/Blažim_(Louny_District),Blažim (Louny District),245.41803393080474
http://dbpedia.org/resource/Wallwitz,Wallwitz,77.97501021931396
http://dbpedia.org/resource/Fontans,Fontans,906.3365868471033
http://dbpedia.org/resource/Bereket,Bereket,203.2506374601119
http://dbpedia.org/resource/Kovářská,Kovářská,882.4246681029733
"http://dbpedia.org/resource/Pleasant_Valley_Township,_Fayette_County,_Iowa","Pleasant Valley Township, Fayette County, Iowa",317.62228572891655
http://dbpedia.org/resource/Tisá,Tisá,537.7860904312821
http://dbpedia.org/resource/Gaillon,Gaillon,50.58913102611773
http://dbpedia.org/resource/Argilly,Argilly,211.6054467977864
http://dbpedia.org/resource/Langenberg_(Rothaar),Langenberg (Rothaar),928.947842159433
http://dbpedia.org/resource/Koh-i-Baba,Koh-i-Baba,5779.503420094125
"http://dbpedia.org/resource/Washington_Township,_Clay_County,_Indiana","Washington Township, Clay County, Indiana",210.67852813585995
"http://dbpedia.org/resource/Saint-Raphaël,_Dordogne","Saint-Raphaël, Dordogne",302.43446231190785
http://dbpedia.org/resource/Albussac,Albussac,381.48286225735353
http://dbpedia.org/resource/Teutleben,Teutleben,325.71033756561064
http://dbpedia.org/resource/Chaudeyrac,Chaudeyrac,944.2440484010294
"http://dbpedia.org/resource/Jackson_Township,_Miami_County,_Indiana","Jackson Township, Miami County, Indiana",205.68408738621503
http://dbpedia.org/resource/Dobrochov,Dobrochov,188.09281725116432
http://dbpedia.org/resource/La_Villedieu-du-Clain,La Villedieu-du-Clain,122.8121199650801
"http://dbpedia.org/resource/Majdan,_Novi_Kneževac","Majdan, Novi Kneževac",68.87032575866789
http://dbpedia.org/resource/Saintala,Saintala,153.49302210962674
http://dbpedia.org/resource/Verneřice,Verneřice,517.9488399706574
http://dbpedia.org/resource/Oriximiná,Oriximiná,44.70878144366587
http://dbpedia.org/resource/Ploskovice,Ploskovice,241.66321350067227
http://dbpedia.org/resource/Chvalovice_(Znojmo_District),Chvalovice (Znojmo District),215.9466125692177
"http://dbpedia.org/resource/St._John_Township,_Lake_County,_Indiana","St. John Township, Lake County, Indiana",230.8240891958077
http://dbpedia.org/resource/Sehonghong,Sehonghong,1732.1400041645625
http://dbpedia.org/resource/Březsko,Březsko,604.2932950485008
http://dbpedia.org/resource/Hejian,Hejian,14.456512492661286
http://dbpedia.org/resource/Braňany,Braňany,206.5180775919969
http://dbpedia.org/resource/Saman_District,Saman District,4538.817238220771
http://dbpedia.org/resource/Paladugu,Paladugu,64.21255591699475
http://dbpedia.org/resource/Les_Bans,Les Bans,4379.203984796165
http://dbpedia.org/resource/Azogues_Canton,Azogues Canton,2924.2234647484793
http://dbpedia.org/resource/Klostermansfeld,Klostermansfeld,205.932620696392
http://dbpedia.org/resource/Schackensleben,Schackensleben,107.05008299914643
http://dbpedia.org/resource/Liběšice_(Louny_District),Liběšice (Louny District),229.449364761971
http://dbpedia.org/resource/Wabagai,Wabagai,779.8206232579481
http://dbpedia.org/resource/Soum_de_Ramond,Soum de Ramond,3099.1334491538664
http://dbpedia.org/resource/Cambligneul,Cambligneul,154.76133925650737
"http://dbpedia.org/resource/Quickborn,_Dithmarschen","Quickborn, Dithmarschen",8.931122827488135
http://dbpedia.org/resource/Henndorf_am_Wallersee,Henndorf am Wallersee,506.62116371664325
"http://dbpedia.org/resource/Bula,_West_Virginia","Bula, West Virginia",316.06173028550256
"http://dbpedia.org/resource/Bean_Blossom_Township,_Monroe_County,_Indiana","Bean Blossom Township, Monroe County, Indiana",186.16817970184695
http://dbpedia.org/resource/Komařice,Komařice,477.252729137134
http://dbpedia.org/resource/Schlaitz,Schlaitz,98.20886004245894
"http://dbpedia.org/resource/Chengbei_Subdistrict,_Zhaoqing","Chengbei Subdistrict, Zhaoqing",12.87322562677636
http://dbpedia.org/resource/Gribbohm,Gribbohm,9.888675255950561
http://dbpedia.org/resource/Polenzko,Polenzko,93.27743773948066
http://dbpedia.org/resource/Rimeize,Rimeize,925.1957933392961
http://dbpedia.org/resource/Horská_Kvilda,Horská Kvilda,911.3301080564254
http://dbpedia.org/resource/Colchane,Colchane,3749.714859474805
http://dbpedia.org/resource/Mount_Gingera,Mount Gingera,1665.6167749286267
http://dbpedia.org/resource/Anita_Municipal_Airport,Anita Municipal Airport,332.793279915612
http://dbpedia.org/resource/Malá_Roudka,Malá Roudka,457.4785166289155
http://dbpedia.org/resource/Gournay-Loizé,Gournay-Loizé,169.0230849112377
http://dbpedia.org/resource/Lidečko,Lidečko,424.82227372636714
http://dbpedia.org/resource/Bălți_International_Airport,Bălți International Airport,219.7610600839494
http://dbpedia.org/resource/Porté-Puymorens,Porté-Puymorens,1500.2915234949173
"http://dbpedia.org/resource/Rajnagar,_Bhiwandi","Rajnagar, Bhiwandi",9.927337230675905
http://dbpedia.org/resource/Černčice_(Louny_District),Černčice (Louny District),194.05299762158086
http://dbpedia.org/resource/Bauerbach,Bauerbach,321.0435831824371
http://dbpedia.org/resource/Chengwu_County,Chengwu County,48.8159355006719
http://dbpedia.org/resource/Caveirac,Caveirac,90.57013483216994
"http://dbpedia.org/resource/Veale_Township,_Daviess_County,_Indiana","Veale Township, Daviess County, Indiana",128.60622746108044
http://dbpedia.org/resource/The_Wedge_(Alberta),The Wedge (Alberta),2832.5403815654645
"http://dbpedia.org/resource/Frakes,_Kentucky","Frakes, Kentucky",459.1250706686985
http://dbpedia.org/resource/Dijon_Air_Base,Dijon Air Base,251.52542465166079
http://dbpedia.org/resource/Grindstone_Lake_(Wisconsin),Grindstone Lake (Wisconsin),323.1586055860842
http://dbpedia.org/resource/Jeber-Bergfrieden,Jeber-Bergfrieden,97.86317577384968
"http://dbpedia.org/resource/Gorga,_Spain","Gorga, Spain",537.3105206772611
"http://dbpedia.org/resource/Miller,_Edmonton","Miller, Edmonton",755.9609092592576
http://dbpedia.org/resource/Netín,Netín,575.4863418199682
"http://dbpedia.org/resource/Lewis_Lake,_Minnesota","Lewis Lake, Minnesota",347.10747511668825
http://dbpedia.org/resource/Bystřička,Bystřička,381.9224225519152
http://dbpedia.org/resource/Elnes,Elnes,55.460291312812544
http://dbpedia.org/resource/Alette,Alette,37.82208791578255
"http://dbpedia.org/resource/Harcourt,_New_Brunswick","Harcourt, New Brunswick",51.211753936407405
http://dbpedia.org/resource/Brzánky,Brzánky,147.0050593943044
"http://dbpedia.org/resource/Jeffersonville_Township,_Clark_County,_Indiana","Jeffersonville Township, Clark County, Indiana",153.52558986637692
"http://dbpedia.org/resource/Berndorf,_Lower_Austria","Berndorf, Lower Austria",320.5061564207781
"http://dbpedia.org/resource/Dechene,_Edmonton","Dechene, Edmonton",706.998460433641
"http://dbpedia.org/resource/Kozica,_Croatia","Kozica, Croatia",365.39092341382275
http://dbpedia.org/resource/Boise_City_Airport,Boise City Airport,1385.8839879767581
http://dbpedia.org/resource/Lago_di_Saoseo,Lago di Saoseo,1809.3310290044185
http://dbpedia.org/resource/Lake_Orestiada,Lake Orestiada,702.3337075770469
http://dbpedia.org/resource/Mulobezi,Mulobezi,864.1304897104402
http://dbpedia.org/resource/Crémarest,Crémarest,33.86181139884332
http://dbpedia.org/resource/Halls_Creek_Airport,Halls Creek Airport,389.6614596429107
http://dbpedia.org/resource/Ostrožská_Nová_Ves,Ostrožská Nová Ves,199.1591341116245
http://dbpedia.org/resource/Kühndorf,Kühndorf,401.86391101659945
"http://dbpedia.org/resource/Allenwood,_Pennsylvania","Allenwood, Pennsylvania",137.8373868403154
"http://dbpedia.org/resource/Chengbei_Subdistrict,_Yingcheng","Chengbei Subdistrict, Yingcheng",24.972817874181242
http://dbpedia.org/resource/Shively_Field,Shively Field,2291.394816697691
http://dbpedia.org/resource/Jetřichovice,Jetřichovice,265.8324056253047
"http://dbpedia.org/resource/Kirkland_Township,_Adams_County,_Indiana","Kirkland Township, Adams County, Indiana",291.80545655878376
http://dbpedia.org/resource/Ollendorf,Ollendorf,227.32934422101124
http://dbpedia.org/resource/Augusta_Municipal_Airport,Augusta Municipal Airport,381.80194469512986
http://dbpedia.org/resource/Přílepy_(Kroměříž_District),Přílepy (Kroměříž District),272.193416758029
http://dbpedia.org/resource/Vastrap,Vastrap,948.8641407647046
http://dbpedia.org/resource/Sedliště_(Svitavy_District),Sedliště (Svitavy District),343.1781213116083
http://dbpedia.org/resource/Einig,Einig,301.09770080379036
