http://dbpedia.org/ontology/Location,http://dbpedia.org/ontology/areaWater
"http://dbpedia.org/resource/Caliente,_Nevada",0
"http://dbpedia.org/resource/Centralhatchee,_Georgia",0
"http://dbpedia.org/resource/Cobleskill_(town),_New_York",500551
"http://dbpedia.org/resource/Sale_Creek,_Tennessee",6270599
"http://dbpedia.org/resource/Cloverleaf_Township,_Pennington_County,_Minnesota",0
"http://dbpedia.org/resource/Cain_Township,_Fountain_County,_Indiana",79875
"http://dbpedia.org/resource/East_Fork_Township,_Clinton_County,_Illinois",15045523
"http://dbpedia.org/resource/Blue_Hill,_Nebraska",0
"http://dbpedia.org/resource/Asheville,_North_Carolina",804583
"http://dbpedia.org/resource/Lynch_Township,_Boyd_County,_Nebraska",1622068
"http://dbpedia.org/resource/Hazleton_Township,_Buchanan_County,_Iowa",213968
"http://dbpedia.org/resource/Culdrum_Township,_Morrison_County,_Minnesota",521595
"http://dbpedia.org/resource/Bad_Axe,_Michigan",0
"http://dbpedia.org/resource/Pahoa,_Hawaii",0
"http://dbpedia.org/resource/Bascom,_Florida",0
"http://dbpedia.org/resource/Spice_Valley_Township,_Lawrence_County,_Indiana",2362179
"http://dbpedia.org/resource/Cosmos,_Minnesota",49575
"http://dbpedia.org/resource/Au_Train_Township,_Michigan",43809940
"http://dbpedia.org/resource/Bethesda,_Maryland",196654
"http://dbpedia.org/resource/Calabasas,_California",131514
"http://dbpedia.org/resource/Chattanooga,_Tennessee",21544496
"http://dbpedia.org/resource/Cantwell,_Alaska",910949
"http://dbpedia.org/resource/Albee_Township,_Michigan",103803
"http://dbpedia.org/resource/Platte_Township,_Buchanan_County,_Missouri",26143
"http://dbpedia.org/resource/Olivet,_Tennessee",0
"http://dbpedia.org/resource/Butler,_New_York",270755
"http://dbpedia.org/resource/Atmore,_Alabama",206742
"http://dbpedia.org/resource/Conrad,_Montana",0
"http://dbpedia.org/resource/Brunswick,_Nebraska",0
"http://dbpedia.org/resource/Aastad_Township,_Otter_Tail_County,_Minnesota",2503829
"http://dbpedia.org/resource/Independent_Township,_Barton_County,_Kansas",50829
"http://dbpedia.org/resource/Chenoweth,_Oregon",0
"http://dbpedia.org/resource/Auxvasse_Township,_Callaway_County,_Missouri",4593910
"http://dbpedia.org/resource/La_Mesa,_New_Mexico",0
"http://dbpedia.org/resource/Bell_Canyon,_California",0
"http://dbpedia.org/resource/Carterville,_Missouri",0
"http://dbpedia.org/resource/Prairie_Home_Township,_Cooper_County,_Missouri",68325
"http://dbpedia.org/resource/Washington_Township,_Crawford_County,_Iowa",58744
"http://dbpedia.org/resource/Russell_Township,_Geauga_County,_Ohio",248288
"http://dbpedia.org/resource/Washington_Township,_Bremer_County,_Iowa",25530
"http://dbpedia.org/resource/Copley_Township,_Clearwater_County,_Minnesota",497264
"http://dbpedia.org/resource/Three_Rocks,_California",0
"http://dbpedia.org/resource/Bray_Township,_Pennington_County,_Minnesota",533410
"http://dbpedia.org/resource/Columbia_Township,_Van_Buren_County,_Michigan",3605222
"http://dbpedia.org/resource/Drywood_Township,_Bourbon_County,_Kansas",229314
"http://dbpedia.org/resource/LaBelle,_Florida",198923
"http://dbpedia.org/resource/Perkins_Township,_Erie_County,_Ohio",403954
"http://dbpedia.org/resource/Newcastle,_California",10449
"http://dbpedia.org/resource/Chatfield,_Ohio",0
"http://dbpedia.org/resource/Gillette,_Wyoming",77379
"http://dbpedia.org/resource/Clayton,_Michigan",0
"http://dbpedia.org/resource/Brices_Creek,_North_Carolina",1269883
"http://dbpedia.org/resource/Bethel_Township,_Michigan",576215
"http://dbpedia.org/resource/River,_Kentucky",0
"http://dbpedia.org/resource/Jackson_Township,_Callaway_County,_Missouri",694190
"http://dbpedia.org/resource/Ludlow_Township,_Champaign_County,_Illinois",74547
"http://dbpedia.org/resource/Baldwin_City,_Kansas",49347
"http://dbpedia.org/resource/Buena_Vista,_Colorado",0
"http://dbpedia.org/resource/Ardencroft,_Delaware",0
"http://dbpedia.org/resource/Armada_Township,_Michigan",0
"http://dbpedia.org/resource/Acushnet,_Massachusetts",1416733
"http://dbpedia.org/resource/Hobson,_Montana",0
"http://dbpedia.org/resource/Boylston,_New_York",0
"http://dbpedia.org/resource/Cherryvale,_Kansas",50165
"http://dbpedia.org/resource/Chandler_Township,_Charlevoix_County,_Michigan",41202
"http://dbpedia.org/resource/Carthage,_Mississippi",0
"http://dbpedia.org/resource/Peoples_Township,_Boone_County,_Iowa",0
"http://dbpedia.org/resource/Baldwin_Township,_Iosco_County,_Michigan",7292539
"http://dbpedia.org/resource/Ardmore,_Oklahoma",4800050
"http://dbpedia.org/resource/Sandia_Park,_New_Mexico",0
"http://dbpedia.org/resource/Ash_Lake_Township,_Lincoln_County,_Minnesota",1513511
"http://dbpedia.org/resource/Cattaraugus,_New_York",0
"http://dbpedia.org/resource/Culver_City,_California",74386
"http://dbpedia.org/resource/Athol,_Idaho",0
"http://dbpedia.org/resource/Barnegat_(CDP),_New_Jersey",30619
"http://dbpedia.org/resource/Bloomington,_Minnesota",9748838
"http://dbpedia.org/resource/Movico,_Alabama",0
"http://dbpedia.org/resource/Darfur,_Minnesota",0
"http://dbpedia.org/resource/Ambler,_Alaska",3530590
"http://dbpedia.org/resource/Baldwin_Township,_Delta_County,_Michigan",1105669
"http://dbpedia.org/resource/Cordova,_Alabama",259234
"http://dbpedia.org/resource/Bloomington,_California",0
"http://dbpedia.org/resource/Nanticoke,_Maryland",21538
"http://dbpedia.org/resource/Barnett_Township,_Roseau_County,_Minnesota",0
"http://dbpedia.org/resource/Cylinder,_Iowa",0
"http://dbpedia.org/resource/Ogallah,_Kansas",264351
"http://dbpedia.org/resource/Gregg_Township,_Morgan_County,_Indiana",508622
"http://dbpedia.org/resource/Chesterfield,_New_York",67121676
"http://dbpedia.org/resource/Bridgeview,_Illinois",0
"http://dbpedia.org/resource/Carlton,_Kansas",0
"http://dbpedia.org/resource/Dacula,_Georgia",0
"http://dbpedia.org/resource/Chinook,_Montana",0
"http://dbpedia.org/resource/Deer_Isle,_Maine",242781716
"http://dbpedia.org/resource/Brent,_Oklahoma",11148793
"http://dbpedia.org/resource/Burwell,_Nebraska",0
"http://dbpedia.org/resource/Center_Line,_Michigan",0
"http://dbpedia.org/resource/Bethel,_Ohio",24900
"http://dbpedia.org/resource/Albion,_Michigan",262742
"http://dbpedia.org/resource/Armonk,_New_York",202691
"http://dbpedia.org/resource/Collinsville,_Mississippi",0
"http://dbpedia.org/resource/Guthrie_Township,_Callaway_County,_Missouri",114428
"http://dbpedia.org/resource/Fairhope,_Fayette_County,_Pennsylvania",0
"http://dbpedia.org/resource/Chesterville,_Maine",3428960
"http://dbpedia.org/resource/Chicago_Heights,_Illinois",24758
"http://dbpedia.org/resource/Hanover,_New_Hampshire",3414569
"http://dbpedia.org/resource/Pleasant_Township,_Porter_County,_Indiana",50344
"http://dbpedia.org/resource/Avon,_Minnesota",0
"http://dbpedia.org/resource/Colorado_City,_Arizona",0
"http://dbpedia.org/resource/Belgrade,_Montana",0
"http://dbpedia.org/resource/Centerville,_New_York",102328
"http://dbpedia.org/resource/Brush_Creek_Township,_Faribault_County,_Minnesota",2455607
"http://dbpedia.org/resource/Coal_Grove,_Ohio",347326
"http://dbpedia.org/resource/Bowersville,_Georgia",0
"http://dbpedia.org/resource/Cutlerville,_Michigan",0
"http://dbpedia.org/resource/Deer_Creek,_Minnesota",53361
"http://dbpedia.org/resource/Akron_Township,_Big_Stone_County,_Minnesota",11672691
"http://dbpedia.org/resource/Arlington,_Minnesota",0
"http://dbpedia.org/resource/Bejou_Township,_Mahnomen_County,_Minnesota",95008
"http://dbpedia.org/resource/Beloit,_Ohio",26526
"http://dbpedia.org/resource/Alden_Township,_St._Louis_County,_Minnesota",289382
"http://dbpedia.org/resource/Del_Norte,_Colorado",0
"http://dbpedia.org/resource/Pleasant_Valley_Township,_Decatur_County,_Kansas",51814
"http://dbpedia.org/resource/Cotterell_Township,_Dodge_County,_Nebraska",4110443
"http://dbpedia.org/resource/Alpine,_California",10030
"http://dbpedia.org/resource/Center_City,_Minnesota",52215
http://dbpedia.org/resource/New_Jersey,3487218725
"http://dbpedia.org/resource/Cando,_North_Dakota",0
"http://dbpedia.org/resource/Coyle,_Oklahoma",0
"http://dbpedia.org/resource/Yankee_Hill,_Butte_County,_California",5315
"http://dbpedia.org/resource/Cedar_Glen_Lakes,_New_Jersey",15308
"http://dbpedia.org/resource/Albany,_Ohio",50681
"http://dbpedia.org/resource/Spring_Creek_Township,_Cowley_County,_Kansas",297738
"http://dbpedia.org/resource/Belmont,_California",23994
"http://dbpedia.org/resource/Bear_Creek_Township,_Christian_County,_Illinois",26249
"http://dbpedia.org/resource/Beach_Haven,_New_Jersey",3314463
"http://dbpedia.org/resource/Bushnell_Township,_Michigan",247943
"http://dbpedia.org/resource/Aleneva,_Alaska",0
"http://dbpedia.org/resource/Beavercreek,_Ohio",103992
"http://dbpedia.org/resource/Ayden,_North_Carolina",0
"http://dbpedia.org/resource/Dayton,_Alabama",0
"http://dbpedia.org/resource/Coon_Island_Township,_Butler_County,_Missouri",30985
"http://dbpedia.org/resource/Cutler,_Maine",191994080
"http://dbpedia.org/resource/Clover_Township,_Pine_County,_Minnesota",514954
"http://dbpedia.org/resource/Chase_Township,_Michigan",510158
"http://dbpedia.org/resource/Charleston_Township,_Kalamazoo_County,_Michigan",1819195
"http://dbpedia.org/resource/Athena,_Oregon",0
"http://dbpedia.org/resource/Concord,_Georgia",0
"http://dbpedia.org/resource/Cochran,_Georgia",403872
"http://dbpedia.org/resource/Chatom,_Alabama",0
"http://dbpedia.org/resource/Commercial_Point,_Ohio",0
"http://dbpedia.org/resource/Orangeville_Township,_Orange_County,_Indiana",271705
"http://dbpedia.org/resource/Cridersville,_Ohio",0
"http://dbpedia.org/resource/Star_Township,_Coffey_County,_Kansas",1031267
"http://dbpedia.org/resource/Rutherford_Township,_Martin_County,_Indiana",1541655
"http://dbpedia.org/resource/Lime_Creek_Township,_Cerro_Gordo_County,_Iowa",235835
"http://dbpedia.org/resource/Fox_Park,_Wyoming",0
"http://dbpedia.org/resource/Quantico,_Virginia",0
"http://dbpedia.org/resource/Wayne_Township,_Randolph_County,_Indiana",99337
"http://dbpedia.org/resource/LaBelle,_Florida",257552
"http://dbpedia.org/resource/Bruce,_Mississippi",0
"http://dbpedia.org/resource/Ewoldt_Township,_Carroll_County,_Iowa",25534
"http://dbpedia.org/resource/Lost_River_Township,_Martin_County,_Indiana",1239415
"http://dbpedia.org/resource/Des_Moines,_Iowa",4483098
"http://dbpedia.org/resource/High_Lake_Township,_Emmet_County,_Iowa",5934728
"http://dbpedia.org/resource/Allensville,_Kentucky",0
"http://dbpedia.org/resource/Bridge_City,_Texas",682099
"http://dbpedia.org/resource/Decatur,_Arkansas",95940
"http://dbpedia.org/resource/Carthage,_North_Carolina",98021
"http://dbpedia.org/resource/Averill_Park,_New_York",258971
"http://dbpedia.org/resource/Swan_Creek_Township,_Fulton_County,_Ohio",390577
"http://dbpedia.org/resource/Bemidji,_Minnesota",3229782
"http://dbpedia.org/resource/Deer_Park,_California",9077
"http://dbpedia.org/resource/Cross_Village_Township,_Michigan",495928
"http://dbpedia.org/resource/Butterfield_Township,_Watonwan_County,_Minnesota",628937
"http://dbpedia.org/resource/Benton_Ridge,_Ohio",0
"http://dbpedia.org/resource/Cornelius,_North_Carolina",760367
"http://dbpedia.org/resource/Aquinnah,_Massachusetts",94474686
"http://dbpedia.org/resource/Delaware,_Oklahoma",0
"http://dbpedia.org/resource/Grasshopper_Township,_Atchison_County,_Kansas",689562
"http://dbpedia.org/resource/Jenkins_Township,_Barry_County,_Missouri",0
"http://dbpedia.org/resource/Cumberland,_Ohio",0
"http://dbpedia.org/resource/Deerfield,_New_Hampshire",3486382
"http://dbpedia.org/resource/Aztec,_New_Mexico",268937
"http://dbpedia.org/resource/Battle_Township,_Beltrami_County,_Minnesota",104429
"http://dbpedia.org/resource/Platte_Township,_Dodge_County,_Nebraska",10288154
"http://dbpedia.org/resource/Champion_Township,_Wilkin_County,_Minnesota",0
"http://dbpedia.org/resource/Darby_Township,_Pickaway_County,_Ohio",289900
"http://dbpedia.org/resource/Lillian_Township,_Custer_County,_Nebraska",100908
"http://dbpedia.org/resource/Ervin_Township,_Howard_County,_Indiana",0
"http://dbpedia.org/resource/Beaumont,_California",35029
"http://dbpedia.org/resource/Aventura,_Florida",1970254
"http://dbpedia.org/resource/Allenstown,_New_Hampshire",286960
"http://dbpedia.org/resource/Garden_Plain_Township,_Whiteside_County,_Illinois",2368995
"http://dbpedia.org/resource/Carey,_Ohio",29198
"http://dbpedia.org/resource/Santa_Monica,_California",2529
"http://dbpedia.org/resource/Peggs,_Oklahoma",0
"http://dbpedia.org/resource/Chester,_Georgia",0
"http://dbpedia.org/resource/Cedar_Township,_Chase_County,_Kansas",324223
"http://dbpedia.org/resource/Cerritos,_California",331075
"http://dbpedia.org/resource/Alamance,_North_Carolina",10377
"http://dbpedia.org/resource/Lake_Don_Pedro,_California",34677
"http://dbpedia.org/resource/Dayton,_Oregon",0
"http://dbpedia.org/resource/Condon,_Oregon",0
"http://dbpedia.org/resource/Clyde_Township,_Allegan_County,_Michigan",1745797
"http://dbpedia.org/resource/Washington_Township,_Adair_County,_Iowa",151963
"http://dbpedia.org/resource/Pipe_Creek_Township,_Miami_County,_Indiana",689327
"http://dbpedia.org/resource/Crown_Point,_Alaska",0
"http://dbpedia.org/resource/Barnesville_Township,_Clay_County,_Minnesota",0
"http://dbpedia.org/resource/Berthoud,_Colorado",265591
"http://dbpedia.org/resource/Burbank,_Ohio",0
"http://dbpedia.org/resource/Cannon_Township,_Kittson_County,_Minnesota",0
"http://dbpedia.org/resource/Agency,_Missouri",133158
"http://dbpedia.org/resource/West_Saline_Township,_Sheridan_County,_Kansas",24987
"http://dbpedia.org/resource/Deerwood,_Minnesota",1429289
"http://dbpedia.org/resource/Afton_Township,_DeKalb_County,_Illinois",161485
"http://dbpedia.org/resource/Grove_Township,_Cass_County,_Iowa",236755
http://dbpedia.org/resource/Huangchuan_County,101935561
"http://dbpedia.org/resource/Rossmore,_West_Virginia",15059
"http://dbpedia.org/resource/Cruger,_Mississippi",0
"http://dbpedia.org/resource/Alton,_Kansas",0
"http://dbpedia.org/resource/Central_High,_Oklahoma",293867
"http://dbpedia.org/resource/Blackwood,_New_Jersey",22182
"http://dbpedia.org/resource/Champion_Township,_Michigan",10739633
"http://dbpedia.org/resource/Christie,_Oklahoma",0
"http://dbpedia.org/resource/Arago_Township,_Hubbard_County,_Minnesota",11074103
"http://dbpedia.org/resource/Brighton,_Alabama",0
"http://dbpedia.org/resource/Jackson_Township,_Jay_County,_Indiana",52219
"http://dbpedia.org/resource/Camden_Township,_Michigan",509236
http://dbpedia.org/resource/Arkansas,2883528783
"http://dbpedia.org/resource/Locust_Grove,_Georgia",201804
"http://dbpedia.org/resource/Pleasant_Valley_Township,_Cowley_County,_Kansas",58326
"http://dbpedia.org/resource/Bloomfield,_Kentucky",51625
"http://dbpedia.org/resource/Bejou,_Minnesota",0
"http://dbpedia.org/resource/Bellflower,_Missouri",0
"http://dbpedia.org/resource/Advance_Township,_Pembina_County,_North_Dakota",0
"http://dbpedia.org/resource/Rodriguez_Camp,_California",0
"http://dbpedia.org/resource/Cottrellville_Township,_Michigan",3148421
"http://dbpedia.org/resource/Deer_Creek_Township,_Webster_County,_Iowa",433876
"http://dbpedia.org/resource/Danielson_Township,_Meeker_County,_Minnesota",3766042
"http://dbpedia.org/resource/Center,_Colorado",0
"http://dbpedia.org/resource/Gettysburg_Township,_Graham_County,_Kansas",106563
"http://dbpedia.org/resource/Stonerstown,_Pennsylvania",0
"http://dbpedia.org/resource/Casstown,_Ohio",0
"http://dbpedia.org/resource/Cadiz,_Ohio",425024
"http://dbpedia.org/resource/Audubon,_Iowa",0
"http://dbpedia.org/resource/Columbia,_Maine",816400
"http://dbpedia.org/resource/Deerfield_Township,_Steele_County,_Minnesota",816936
"http://dbpedia.org/resource/Aurora,_Maine",4072686
http://dbpedia.org/resource/Rio_Rancho,787929
"http://dbpedia.org/resource/Callaway,_Nebraska",0
"http://dbpedia.org/resource/Anthony,_Kansas",480134
"http://dbpedia.org/resource/Belleville,_Michigan",163064
"http://dbpedia.org/resource/Barclay,_Maryland",0
"http://dbpedia.org/resource/Pleasant_Township,_Perry_County,_Ohio",1019068
"http://dbpedia.org/resource/Chilcoot-Vinton,_California",0
"http://dbpedia.org/resource/Montalvin_Manor,_California",0
"http://dbpedia.org/resource/De_Baca_County,_New_Mexico",27326265
"http://dbpedia.org/resource/Butterfield,_Missouri",0
"http://dbpedia.org/resource/Beverly_Hills,_Michigan",49826
"http://dbpedia.org/resource/Bell,_California",302786
"http://dbpedia.org/resource/Hatton,_Lawrence_County,_Alabama",20174
"http://dbpedia.org/resource/August,_California",0
"http://dbpedia.org/resource/New_Salem_Township,_McDonough_County,_Illinois",52070
"http://dbpedia.org/resource/Geranium_Township,_Valley_County,_Nebraska",0
"http://dbpedia.org/resource/Burchard,_Nebraska",0
"http://dbpedia.org/resource/Country_Club_Hills,_Missouri",0
"http://dbpedia.org/resource/Clover_Township,_Hubbard_County,_Minnesota",4584057
"http://dbpedia.org/resource/Basalt,_Idaho",0
"http://dbpedia.org/resource/County_Line,_Alabama",0
"http://dbpedia.org/resource/Palacky_Township,_Ellsworth_County,_Kansas",83135
"http://dbpedia.org/resource/Blue_Springs,_Nebraska",54179
"http://dbpedia.org/resource/Binford,_North_Dakota",0
"http://dbpedia.org/resource/Auburn_Lake_Trails,_California",56871
http://dbpedia.org/resource/Nevada,1995373822
"http://dbpedia.org/resource/Columbia,_Maryland",684048
"http://dbpedia.org/resource/Sea_Ranch,_California",108730
"http://dbpedia.org/resource/Brooktrails,_California",117888
"http://dbpedia.org/resource/Clarendon,_New_York",0
"http://dbpedia.org/resource/Black_Creek_Township,_Mercer_County,_Ohio",0
"http://dbpedia.org/resource/Brundidge,_Alabama",99261
"http://dbpedia.org/resource/Carpenter_Township,_Jasper_County,_Indiana",223124
"http://dbpedia.org/resource/Eastvale,_California",106601
"http://dbpedia.org/resource/Unity,_Maine",4927058
"http://dbpedia.org/resource/Burlington,_Connecticut",1736144
"http://dbpedia.org/resource/Hickory_Grove_Township,_Scott_County,_Iowa",0
"http://dbpedia.org/resource/Aliquippa,_Pennsylvania",1029841
"http://dbpedia.org/resource/Francis_Township,_Holt_County,_Nebraska",581212
"http://dbpedia.org/resource/Benicia,_California",7360688
"http://dbpedia.org/resource/Jaqua_Township,_Cheyenne_County,_Kansas",9619
"http://dbpedia.org/resource/Clyde,_California",0
"http://dbpedia.org/resource/Key_West_Township,_Coffey_County,_Kansas",812181
"http://dbpedia.org/resource/Akron,_Alabama",0
"http://dbpedia.org/resource/Dalton,_Missouri",0
"http://dbpedia.org/resource/Clover_Hill,_Maryland",0
"http://dbpedia.org/resource/Columbia,_South_Carolina",6706886
"http://dbpedia.org/resource/Beals,_Maine",108851760
"http://dbpedia.org/resource/Black_River_Falls,_Wisconsin",269779
"http://dbpedia.org/resource/Argyle,_Georgia",0
"http://dbpedia.org/resource/Cedar_Springs,_Michigan",186987
"http://dbpedia.org/resource/Ansonia,_Ohio",47793
"http://dbpedia.org/resource/Colfax,_North_Dakota",0
"http://dbpedia.org/resource/Bigelow_Township,_Nobles_County,_Minnesota",4389421
"http://dbpedia.org/resource/Croswell,_Michigan",319462
"http://dbpedia.org/resource/Broome,_New_York",740283
"http://dbpedia.org/resource/Clinton_Township,_New_Jersey",10574843
"http://dbpedia.org/resource/Cuyahoga_Heights,_Ohio",369521
"http://dbpedia.org/resource/Pleasant_Township,_Wabash_County,_Indiana",1744580
"http://dbpedia.org/resource/Barrett,_Minnesota",51142
"http://dbpedia.org/resource/Ann_Lake_Township,_Kanabec_County,_Minnesota",2222687
"http://dbpedia.org/resource/Cave_Spring,_Georgia",39152
"http://dbpedia.org/resource/Dana,_Iowa",0
"http://dbpedia.org/resource/Bellevue,_Nebraska",461398
"http://dbpedia.org/resource/Ferdinand_Township,_Dubois_County,_Indiana",814337
"http://dbpedia.org/resource/Buena_Vista_Charter_Township,_Michigan",602407
"http://dbpedia.org/resource/Burtchville_Township,_Michigan",98725
"http://dbpedia.org/resource/Berlin,_New_Jersey",32040
"http://dbpedia.org/resource/Harmony_(CDP),_New_Jersey",0
"http://dbpedia.org/resource/Chinchilla,_Pennsylvania",205964
"http://dbpedia.org/resource/Spring_Garden,_Alabama",0
"http://dbpedia.org/resource/Cedar_Crest,_Oklahoma",0
"http://dbpedia.org/resource/Cedar_Creek_Township,_Wexford_County,_Michigan",106385
"http://dbpedia.org/resource/Cochecton,_New_York",1896726
"http://dbpedia.org/resource/Charlotte,_Michigan",132781
"http://dbpedia.org/resource/Brilliant,_Alabama",0
"http://dbpedia.org/resource/Cowley_County,_Kansas",16785561
"http://dbpedia.org/resource/Beddington,_Maine",8067157
"http://dbpedia.org/resource/Americus,_Kansas",25368
"http://dbpedia.org/resource/Perry_Township,_Tippecanoe_County,_Indiana",396429
"http://dbpedia.org/resource/Brea,_California",78589
"http://dbpedia.org/resource/Ashland,_Maine",2817669
"http://dbpedia.org/resource/Copley_Township,_Clearwater_County,_Minnesota",487412
"http://dbpedia.org/resource/Caldwell,_Idaho",127082
"http://dbpedia.org/resource/Cohoctah_Township,_Michigan",578614
"http://dbpedia.org/resource/Badin,_North_Carolina",0
"http://dbpedia.org/resource/Bungo_Township,_Cass_County,_Minnesota",3393232
"http://dbpedia.org/resource/Bono,_Arkansas",0
"http://dbpedia.org/resource/Chesterfield,_Massachusetts",521446
"http://dbpedia.org/resource/Alcalde,_New_Mexico",0
"http://dbpedia.org/resource/Centerville,_Gallia_County,_Ohio",0
"http://dbpedia.org/resource/Hamblen_Township,_Brown_County,_Indiana",2546974
"http://dbpedia.org/resource/Cube_Cove,_Alaska",835691
"http://dbpedia.org/resource/Bear_Valley,_Alpine_County,_California",58011
"http://dbpedia.org/resource/Bluewater,_California",1226375
"http://dbpedia.org/resource/Chesterfield_Township,_New_Jersey",478123
"http://dbpedia.org/resource/Swall_Meadows,_California",0
"http://dbpedia.org/resource/Baroda_Township,_Michigan",208998
"http://dbpedia.org/resource/Glenbrook,_Nevada",591919
"http://dbpedia.org/resource/Clarksburg,_Massachusetts",191563
http://dbpedia.org/resource/Alkemade,3738826
"http://dbpedia.org/resource/Dawson,_Iowa",0
"http://dbpedia.org/resource/Nantucket_(CDP),_Massachusetts",3515730
"http://dbpedia.org/resource/Colebrook,_Connecticut",3768936
"http://dbpedia.org/resource/Spotswood,_New_Jersey",545846
"http://dbpedia.org/resource/Black_Creek,_North_Carolina",0
"http://dbpedia.org/resource/Butler,_Kentucky",0
"http://dbpedia.org/resource/Cherry_Hill,_New_Jersey",391127
"http://dbpedia.org/resource/Browns_Creek_Township,_Red_Lake_County,_Minnesota",0
"http://dbpedia.org/resource/Broome,_New_York",723365
"http://dbpedia.org/resource/Beaver_Cove,_Maine",2139554
"http://dbpedia.org/resource/Glidden_Township,_Carroll_County,_Iowa",100700
"http://dbpedia.org/resource/Ironton,_Michigan",0
"http://dbpedia.org/resource/Crescent_City,_California",1173892
"http://dbpedia.org/resource/Beaconsfield,_Iowa",0
"http://dbpedia.org/resource/Adrian,_Missouri",243156
"http://dbpedia.org/resource/Brunswick,_Missouri",124638
"http://dbpedia.org/resource/Branch_Township,_Michigan",1285325
"http://dbpedia.org/resource/Kenneth_Township,_Sheridan_County,_Kansas",0
"http://dbpedia.org/resource/Alton,_Missouri",51196
"http://dbpedia.org/resource/Alderpoint,_California",0
"http://dbpedia.org/resource/Cadillac,_Michigan",5014106
"http://dbpedia.org/resource/Branson,_Colorado",0
"http://dbpedia.org/resource/Arkansas_City,_Arkansas",0
"http://dbpedia.org/resource/Carnesville,_Georgia",59895
"http://dbpedia.org/resource/Blackduck,_Minnesota",99341
"http://dbpedia.org/resource/Broeck_Pointe,_Kentucky",0
"http://dbpedia.org/resource/Columbus,_New_Mexico",0
"http://dbpedia.org/resource/Marmaton_Township,_Allen_County,_Kansas",725532
"http://dbpedia.org/resource/Kipling,_Ohio",0
"http://dbpedia.org/resource/Augusta,_Arkansas",0
"http://dbpedia.org/resource/Champion,_New_York",2086760
"http://dbpedia.org/resource/Newcastle,_California",11421
"http://dbpedia.org/resource/Kirklevington,_Lexington",0
"http://dbpedia.org/resource/Tilden_Township,_Cherokee_County,_Iowa",0
"http://dbpedia.org/resource/Cushing,_Iowa",0
"http://dbpedia.org/resource/Culver,_Oregon",0
"http://dbpedia.org/resource/Cromwell,_Connecticut",1279518
"http://dbpedia.org/resource/Copperopolis,_California",1656335
"http://dbpedia.org/resource/Albertville,_Minnesota",704650
"http://dbpedia.org/resource/Curry_Township,_Sullivan_County,_Indiana",451350
"http://dbpedia.org/resource/Tooleville,_California",0
"http://dbpedia.org/resource/Greenland,_Colorado",0
"http://dbpedia.org/resource/Algona,_Iowa",48424
"http://dbpedia.org/resource/Wayne_Township,_Marion_County,_Indiana",998826
"http://dbpedia.org/resource/Climax,_Michigan",0
"http://dbpedia.org/resource/Ames,_Oklahoma",0
"http://dbpedia.org/resource/Caroga_Lake,_New_York",2368918
"http://dbpedia.org/resource/Spring_Creek_Township,_Coffey_County,_Kansas",706323
"http://dbpedia.org/resource/Cortland,_Nebraska",0
"http://dbpedia.org/resource/Akeley,_Minnesota",78815
"http://dbpedia.org/resource/Baker,_Nevada",0
"http://dbpedia.org/resource/Jackson_Township,_Rush_County,_Indiana",0
"http://dbpedia.org/resource/Newcastle_Township,_Fulton_County,_Indiana",204552
"http://dbpedia.org/resource/Addie_Township,_Griggs_County,_North_Dakota",5970974
"http://dbpedia.org/resource/Alston,_Georgia",0
"http://dbpedia.org/resource/Clark,_New_Jersey",514831
"http://dbpedia.org/resource/Corcoran,_Minnesota",727281
"http://dbpedia.org/resource/Bellevue,_Michigan",215198
"http://dbpedia.org/resource/Adrian_Charter_Township,_Michigan",0
"http://dbpedia.org/resource/Chillicothe,_Iowa",31307
http://dbpedia.org/resource/Nebraska,1246989724
"http://dbpedia.org/resource/Bandon_Township,_Renville_County,_Minnesota",0
"http://dbpedia.org/resource/Grassy_Fork_Township,_Jackson_County,_Indiana",208322
"http://dbpedia.org/resource/Bois_Blanc_Township,_Michigan",36505334
"http://dbpedia.org/resource/Cascade_Township,_Michigan",2274390
"http://dbpedia.org/resource/Berwyn,_Illinois",0
"http://dbpedia.org/resource/Comins_Township,_Michigan",3407383
"http://dbpedia.org/resource/Clearmont,_Missouri",0
"http://dbpedia.org/resource/Dupuyer,_Montana",15083
http://dbpedia.org/resource/Riga,49672589
"http://dbpedia.org/resource/Alexandria,_Kentucky",102814
"http://dbpedia.org/resource/Lincoln,_Nebraska",3378980
"http://dbpedia.org/resource/Alder,_Washington",76946
"http://dbpedia.org/resource/Cairo,_Missouri",0
"http://dbpedia.org/resource/Beloit,_Kansas",74709
"http://dbpedia.org/resource/Christiania_Township,_Jackson_County,_Minnesota",2004419
"http://dbpedia.org/resource/Clifford,_Michigan",0
"http://dbpedia.org/resource/Alabaster,_Alabama",260156
"http://dbpedia.org/resource/Blevins,_Arkansas",0
"http://dbpedia.org/resource/Amor_Township,_Otter_Tail_County,_Minnesota",31586831
"http://dbpedia.org/resource/Caroline,_New_York",257753
"http://dbpedia.org/resource/Anita,_Iowa",0
"http://dbpedia.org/resource/Calumet_Township,_Michigan",198288
"http://dbpedia.org/resource/Basalt,_Colorado",0
"http://dbpedia.org/resource/Corvallis,_Oregon",429467
"http://dbpedia.org/resource/Portland_Township,_Cerro_Gordo_County,_Iowa",81101
"http://dbpedia.org/resource/Bethesda,_Maryland",265642
"http://dbpedia.org/resource/Blackwater,_Missouri",0
"http://dbpedia.org/resource/Ashland,_Massachusetts",1259752
"http://dbpedia.org/resource/Lakeridge,_Nevada",195751
"http://dbpedia.org/resource/Charter_Oak_Township,_Crawford_County,_Iowa",39687
"http://dbpedia.org/resource/Oneida_Township,_Kearney_County,_Nebraska",0
"http://dbpedia.org/resource/Cloud_Lake,_Florida",0
"http://dbpedia.org/resource/Tullahoma,_Tennessee_micropolitan_area",76082762
"http://dbpedia.org/resource/Big_Lake,_Alaska",34095111
"http://dbpedia.org/resource/Carson,_Iowa",0
"http://dbpedia.org/resource/Buena_Vista,_Georgia",0
"http://dbpedia.org/resource/Boger_City,_North_Carolina",0
"http://dbpedia.org/resource/Bow_Mar,_Colorado",255068
"http://dbpedia.org/resource/Arlington_Township,_Sibley_County,_Minnesota",0
"http://dbpedia.org/resource/Carlisle,_Massachusetts",396696
"http://dbpedia.org/resource/Antrim_Township,_Michigan",582686
"http://dbpedia.org/resource/Beaumont_Centre,_Lexington",0
"http://dbpedia.org/resource/Council_Grove,_Kansas",50545
"http://dbpedia.org/resource/Tompkins_Township,_Warren_County,_Illinois",108162
"http://dbpedia.org/resource/Brooklyn,_Michigan",24853
"http://dbpedia.org/resource/Keyser_Township,_DeKalb_County,_Indiana",131355
"http://dbpedia.org/resource/Knowlton_(CDP),_Wisconsin",1068108
"http://dbpedia.org/resource/Clio,_Michigan",26882
"http://dbpedia.org/resource/Byrd_Township,_Cape_Girardeau_County,_Missouri",26849
"http://dbpedia.org/resource/Hanna_Township,_LaPorte_County,_Indiana",338525
"http://dbpedia.org/resource/Danville,_Ohio",24646
"http://dbpedia.org/resource/Crown_Point,_Indiana",49784
"http://dbpedia.org/resource/Belfry,_Montana",135356
"http://dbpedia.org/resource/Alden_Township,_St._Louis_County,_Minnesota",248196
"http://dbpedia.org/resource/Beddington,_Maine",8657065
"http://dbpedia.org/resource/Charlo,_Montana",0
"http://dbpedia.org/resource/Bakersville,_North_Carolina",0
"http://dbpedia.org/resource/Bay_Village,_Ohio",6729443
"http://dbpedia.org/resource/Roswell,_New_Mexico",99336
"http://dbpedia.org/resource/Acres_Green,_Colorado",0
"http://dbpedia.org/resource/Cranberry_Isles,_Maine",111938619
"http://dbpedia.org/resource/Mission_Township,_Brown_County,_Kansas",1648882
"http://dbpedia.org/resource/Bay_Springs,_Mississippi",96937
"http://dbpedia.org/resource/Christmas,_Florida",0
"http://dbpedia.org/resource/Caryville,_Florida",285201
"http://dbpedia.org/resource/Cocoa,_Florida",5567837
"http://dbpedia.org/resource/Atlanta,_Michigan",396495
"http://dbpedia.org/resource/West_Decatur,_Pennsylvania",0
"http://dbpedia.org/resource/Deep_River,_Connecticut",1496602
"http://dbpedia.org/resource/Bonadelle_Ranchos-Madera_Ranchos,_California",0
"http://dbpedia.org/resource/Ardsley,_New_York",0
"http://dbpedia.org/resource/Rock_Township,_Cherokee_County,_Iowa",19995
http://dbpedia.org/resource/Amsterdam,55639302
"http://dbpedia.org/resource/Kingvale,_California",22869
"http://dbpedia.org/resource/Darby_Township,_Madison_County,_Ohio",0
"http://dbpedia.org/resource/Hagerstown,_Maryland",26229
"http://dbpedia.org/resource/Bergen_Township,_McLeod_County,_Minnesota",268663
"http://dbpedia.org/resource/Amherst,_Nebraska",0
"http://dbpedia.org/resource/Lamotte_Township,_Crawford_County,_Illinois",1559308
"http://dbpedia.org/resource/Congers,_New_York",1837336
"http://dbpedia.org/resource/Clarissa,_Minnesota",0
"http://dbpedia.org/resource/Bay_Pines,_Florida",2364356
"http://dbpedia.org/resource/Bunnell,_Florida",2768897
"http://dbpedia.org/resource/Barnard,_Kansas",0
"http://dbpedia.org/resource/Barberton,_Ohio",569977
"http://dbpedia.org/resource/Lake_California,_California",888368
"http://dbpedia.org/resource/Bowlus,_Minnesota",0
"http://dbpedia.org/resource/Amo_Township,_Cottonwood_County,_Minnesota",1889646
"http://dbpedia.org/resource/Bowleys_Quarters,_Maryland",7353793
"http://dbpedia.org/resource/Atqasuk,_Alaska",8723185
"http://dbpedia.org/resource/Crow_Wing_Township,_Crow_Wing_County,_Minnesota",765084
"http://dbpedia.org/resource/Union_Deposit,_Pennsylvania",30338
"http://dbpedia.org/resource/Brownstown,_Indiana",29702
"http://dbpedia.org/resource/Eureka_Roadhouse,_Alaska",3706333
"http://dbpedia.org/resource/Coldwater_Township,_Isabella_County,_Michigan",246967
"http://dbpedia.org/resource/Congress,_Arizona",99796
"http://dbpedia.org/resource/Candler-McAfee,_Georgia",0
"http://dbpedia.org/resource/Los_Ranchos,_California",7587
"http://dbpedia.org/resource/Salt_River_Township,_Adair_County,_Missouri",20021
"http://dbpedia.org/resource/Altamahaw,_North_Carolina",102463
"http://dbpedia.org/resource/Central,_Alaska",3799833
"http://dbpedia.org/resource/Sunset_Beach,_California",12679
"http://dbpedia.org/resource/Automba_Township,_Carlton_County,_Minnesota",0
"http://dbpedia.org/resource/Covelo,_California",110094
"http://dbpedia.org/resource/Avon,_Indiana",255760
"http://dbpedia.org/resource/Conetoe,_North_Carolina",0
"http://dbpedia.org/resource/Bethlehem,_New_Hampshire",902858
"http://dbpedia.org/resource/Grizzly_Flats,_California",0
"http://dbpedia.org/resource/Mingo_Township,_Bates_County,_Missouri",106471
"http://dbpedia.org/resource/Allagash,_Maine",7242667
"http://dbpedia.org/resource/Nubieber,_California",19930
"http://dbpedia.org/resource/Augusta_Township,_Lac_qui_Parle_County,_Minnesota",533291
"http://dbpedia.org/resource/Biscoe,_North_Carolina",0
"http://dbpedia.org/resource/Bartlett_Township,_Todd_County,_Minnesota",0
"http://dbpedia.org/resource/Bentonville,_Arkansas",477825
"http://dbpedia.org/resource/Clifton,_New_Jersey",345822
"http://dbpedia.org/resource/Pottawatomie_Township,_Coffey_County,_Kansas",1193990
"http://dbpedia.org/resource/Coahoma,_Mississippi",0
"http://dbpedia.org/resource/Ann_Arbor,_Michigan",2301961
"http://dbpedia.org/resource/Cricket,_North_Carolina",0
"http://dbpedia.org/resource/Argyle,_Minnesota",0
"http://dbpedia.org/resource/Nances_Creek,_Alabama",20605
"http://dbpedia.org/resource/Danville,_Georgia",0
"http://dbpedia.org/resource/Riverton_Township,_Floyd_County,_Iowa",417079
"http://dbpedia.org/resource/Crandon_Lakes,_New_Jersey",319966
"http://dbpedia.org/resource/Alligator,_Mississippi",101833
"http://dbpedia.org/resource/Coggon,_Iowa",51264
"http://dbpedia.org/resource/Cary,_Mississippi",0
"http://dbpedia.org/resource/Corvallis,_Montana",0
"http://dbpedia.org/resource/Briarwood,_North_Dakota",0
"http://dbpedia.org/resource/Clare,_New_York",1796956
"http://dbpedia.org/resource/Perry_Township,_Martin_County,_Indiana",4503788
"http://dbpedia.org/resource/Carlisle,_Arkansas",0
"http://dbpedia.org/resource/Delaware,_New_York",1547141
"http://dbpedia.org/resource/Rushville_Township,_Rush_County,_Indiana",77281
"http://dbpedia.org/resource/Round_Hill_Village,_Nevada",290044
"http://dbpedia.org/resource/Wauconda_Township,_Lake_County,_Illinois",3499603
"http://dbpedia.org/resource/Athens,_Maine",26170
"http://dbpedia.org/resource/Rossmoor,_California",0
"http://dbpedia.org/resource/Bassett_Township,_St._Louis_County,_Minnesota",19654527
"http://dbpedia.org/resource/Wright_Township,_Greene_County,_Indiana",1331233
"http://dbpedia.org/resource/Clermont,_Iowa",0
"http://dbpedia.org/resource/Coon_Rapids,_Minnesota",1952954
"http://dbpedia.org/resource/Cooper_Landing,_Alaska",10420057
"http://dbpedia.org/resource/Danielson_Township,_Meeker_County,_Minnesota",3541228
"http://dbpedia.org/resource/Jefferson_Township,_Putnam_County,_Indiana",0
"http://dbpedia.org/resource/Camanche,_Iowa",2009060
"http://dbpedia.org/resource/Atwater,_Ohio",0
"http://dbpedia.org/resource/Barry,_Minnesota",0
"http://dbpedia.org/resource/Cormant_Township,_Beltrami_County,_Minnesota",0
"http://dbpedia.org/resource/Almedia,_Pennsylvania",517812
"http://dbpedia.org/resource/Bolton,_Massachusetts",192194
"http://dbpedia.org/resource/Crescent_Mills,_California",0
"http://dbpedia.org/resource/Castle_Hill,_Maine",1176943
"http://dbpedia.org/resource/Dahlgren_Township,_Carver_County,_Minnesota",1081567
"http://dbpedia.org/resource/Washington_Township,_Gibson_County,_Indiana",1124129
"http://dbpedia.org/resource/Benton,_Kentucky",138753
"http://dbpedia.org/resource/Bristol,_Indiana",338173
"http://dbpedia.org/resource/Webber_Township,_Jefferson_County,_Illinois",544431
"http://dbpedia.org/resource/Buellton,_California",1950
http://dbpedia.org/resource/Tecámac,0
"http://dbpedia.org/resource/Fiddletown,_California",0
"http://dbpedia.org/resource/Haw_Creek_Township,_Bartholomew_County,_Indiana",403925
"http://dbpedia.org/resource/Allen,_Nebraska",0
"http://dbpedia.org/resource/Erving_Township,_Jewell_County,_Kansas",79328
"http://dbpedia.org/resource/Lamar_Township,_Barton_County,_Missouri",839764
"http://dbpedia.org/resource/Blodgett_Landing,_New_Hampshire",0
"http://dbpedia.org/resource/Atascadero,_California",1269369
"http://dbpedia.org/resource/Surry_County,_North_Carolina",10386811
"http://dbpedia.org/resource/Concord_Township,_Dodge_County,_Minnesota",0
"http://dbpedia.org/resource/Chilchinbito,_Arizona",0
"http://dbpedia.org/resource/Abbeville,_Alabama",104440
"http://dbpedia.org/resource/Beach_Haven_West,_New_Jersey",1417343
"http://dbpedia.org/resource/Nineveh_Township,_Johnson_County,_Indiana",988954
"http://dbpedia.org/resource/Arlington,_Nebraska",0
"http://dbpedia.org/resource/Darwin,_Minnesota",425412
"http://dbpedia.org/resource/Conesville,_New_York",994958
"http://dbpedia.org/resource/Cimarron,_New_Mexico",0
"http://dbpedia.org/resource/Bryan,_Ohio",76103
"http://dbpedia.org/resource/Carneys_Point_Township,_New_Jersey",2274780
"http://dbpedia.org/resource/Silver_Hill,_Maryland",0
"http://dbpedia.org/resource/Bourbon_Township,_Callaway_County,_Missouri",1331398
"http://dbpedia.org/resource/Cleveland,_Mississippi",0
"http://dbpedia.org/resource/Canton,_Connecticut",1064431
"http://dbpedia.org/resource/Arnolds_Park,_Iowa",0
"http://dbpedia.org/resource/Dunlow,_West_Virginia",0
http://dbpedia.org/resource/Barshi,488343
"http://dbpedia.org/resource/Alborn_Township,_St._Louis_County,_Minnesota",1806921
"http://dbpedia.org/resource/Boonsboro,_Maryland",26006
"http://dbpedia.org/resource/Carson_Township,_Cottonwood_County,_Minnesota",1679437
"http://dbpedia.org/resource/Columbia,_Connecticut",1569970
"http://dbpedia.org/resource/Calais,_Maine",14376668
"http://dbpedia.org/resource/Canyon_Lake,_California",1951502
"http://dbpedia.org/resource/Burtrum,_Minnesota",0
"http://dbpedia.org/resource/Bayonne,_New_Jersey",13851543
"http://dbpedia.org/resource/Hamilton_Square,_New_Jersey",59635
"http://dbpedia.org/resource/Amiret_Township,_Lyon_County,_Minnesota",0
"http://dbpedia.org/resource/Burket,_Indiana",0
"http://dbpedia.org/resource/Sea_Ranch,_California",107590
"http://dbpedia.org/resource/Agnes_City_Township,_Lyon_County,_Kansas",387277
"http://dbpedia.org/resource/Arcadia_Township,_Lapeer_County,_Michigan",2339372
"http://dbpedia.org/resource/Camak,_Georgia",0
"http://dbpedia.org/resource/Cokedale,_Colorado",0
"http://dbpedia.org/resource/Braselton,_Georgia",288304
"http://dbpedia.org/resource/Cordova_Township,_Le_Sueur_County,_Minnesota",3831983
"http://dbpedia.org/resource/Posey_Township,_Switzerland_County,_Indiana",4135576
"http://dbpedia.org/resource/Bellmawr,_New_Jersey",339611
"http://dbpedia.org/resource/Clarksville,_Arkansas",1978457
"http://dbpedia.org/resource/Alexandria,_Indiana",0
"http://dbpedia.org/resource/Pettis_Township,_Adair_County,_Missouri",504254
"http://dbpedia.org/resource/Bowmore,_North_Carolina",0
"http://dbpedia.org/resource/South_Bend_Township,_Barton_County,_Kansas",159846
"http://dbpedia.org/resource/Stapleton_Township,_Chickasaw_County,_Iowa",28591
"http://dbpedia.org/resource/Pine_Flat,_California",0
"http://dbpedia.org/resource/Charlton_Township,_Michigan",5078979
"http://dbpedia.org/resource/Bellair-Meadowbrook_Terrace,_Florida",193073
"http://dbpedia.org/resource/Lyon_Township,_Geary_County,_Kansas",1400201
"http://dbpedia.org/resource/Clark_Township,_Michigan",59282569
"http://dbpedia.org/resource/Wheeler,_Indiana",0
"http://dbpedia.org/resource/Ashford,_Connecticut",1824211
"http://dbpedia.org/resource/Carrollton,_Missouri",52783
"http://dbpedia.org/resource/Alda,_Nebraska",0
"http://dbpedia.org/resource/Plum_Grove_Township,_Butler_County,_Kansas",542251
"http://dbpedia.org/resource/Falls_Township,_Cerro_Gordo_County,_Iowa",0
"http://dbpedia.org/resource/Berkeley_Heights,_New_Jersey",147853
"http://dbpedia.org/resource/Castine,_Maine",32374400
"http://dbpedia.org/resource/Parish_Grove_Township,_Benton_County,_Indiana",26933
"http://dbpedia.org/resource/Brantleyville,_Alabama",26921
"http://dbpedia.org/resource/Camden_Point,_Missouri",0
"http://dbpedia.org/resource/Audubon,_New_Jersey",43196
"http://dbpedia.org/resource/Atlantic_Beach,_New_York",1235177
"http://dbpedia.org/resource/Liberty_Township,_Coffey_County,_Kansas",1084576
"http://dbpedia.org/resource/Arapahoe,_North_Carolina",0
"http://dbpedia.org/resource/Montmorency_Township,_Whiteside_County,_Illinois",125638
"http://dbpedia.org/resource/Jackson_Township,_Elkhart_County,_Indiana",150749
"http://dbpedia.org/resource/Appleton_Township,_Swift_County,_Minnesota",2845322
"http://dbpedia.org/resource/Ahuimanu,_Hawaii",0
"http://dbpedia.org/resource/Agency,_Missouri",132338
"http://dbpedia.org/resource/Alpha,_New_Jersey",67678
"http://dbpedia.org/resource/Belle_Plaine,_Iowa",26115
"http://dbpedia.org/resource/Otterville_Township,_Cooper_County,_Missouri",26322
"http://dbpedia.org/resource/Bargersville,_Indiana",0
"http://dbpedia.org/resource/Arkwright,_New_York",205576
"http://dbpedia.org/resource/Carnuel,_New_Mexico",79714
"http://dbpedia.org/resource/Argusville,_North_Dakota",0
"http://dbpedia.org/resource/Blackshear,_Georgia",194439
"http://dbpedia.org/resource/Caguas,_Puerto_Rico",987026
"http://dbpedia.org/resource/Coeur_d'Alene,_Idaho",1273191
"http://dbpedia.org/resource/Carleton,_Nebraska",0
"http://dbpedia.org/resource/Clarksville,_Allegany_County,_New_York",50705
"http://dbpedia.org/resource/Chester_Borough,_New_Jersey",5284
"http://dbpedia.org/resource/Cobbtown,_Georgia",0
http://dbpedia.org/resource/Bolsward,310854
"http://dbpedia.org/resource/Bolinas,_California",0
"http://dbpedia.org/resource/China_Township,_Michigan",0
"http://dbpedia.org/resource/Ware_Place,_South_Carolina",3137
"http://dbpedia.org/resource/Corinth,_Arkansas",506677
"http://dbpedia.org/resource/Soldier_Township,_Crawford_County,_Iowa",26799
http://dbpedia.org/resource/Gampaha_District,45784660
"http://dbpedia.org/resource/Panther_Valley,_New_Jersey",36559
"http://dbpedia.org/resource/Bolivar,_Missouri",49322
"http://dbpedia.org/resource/Adelphi,_Ohio",0
"http://dbpedia.org/resource/Powell_Township,_Comanche_County,_Kansas",57831
"http://dbpedia.org/resource/Pepperell,_Massachusetts",1598117
"http://dbpedia.org/resource/Arcadia,_Missouri",25121
"http://dbpedia.org/resource/Darien,_Illinois",301762
"http://dbpedia.org/resource/Clinton_Township,_New_Jersey",10123527
"http://dbpedia.org/resource/Anaheim,_California",2622353
"http://dbpedia.org/resource/Veale_Township,_Daviess_County,_Indiana",1511647
"http://dbpedia.org/resource/Potrero,_California",0
"http://dbpedia.org/resource/China_Grove,_North_Carolina",0
"http://dbpedia.org/resource/Belvidere_Township,_Michigan",3206151
"http://dbpedia.org/resource/Chignik_Lagoon,_Alaska",0
"http://dbpedia.org/resource/Bangor_Township,_Van_Buren_County,_Michigan",1967137
"http://dbpedia.org/resource/Spring_Creek_Township,_Greenwood_County,_Kansas",1297264
"http://dbpedia.org/resource/Deerfield,_New_York",256327
"http://dbpedia.org/resource/Bellevue,_Iowa",176194
"http://dbpedia.org/resource/Accokeek,_Maryland",3468317
"http://dbpedia.org/resource/Pine_Mountain_Lake,_California",740700
"http://dbpedia.org/resource/Corinth,_Maine",0
"http://dbpedia.org/resource/Bellevue,_Kentucky",0
"http://dbpedia.org/resource/Thomas_Township,_Ellsworth_County,_Kansas",215078
"http://dbpedia.org/resource/Conway,_North_Dakota",0
"http://dbpedia.org/resource/Bridgeport,_Ohio",25238
"http://dbpedia.org/resource/Aid_Township,_Lawrence_County,_Ohio",0
"http://dbpedia.org/resource/Chatham,_New_Hampshire",1235194
"http://dbpedia.org/resource/Meigs_Township,_Adams_County,_Ohio",1222921
"http://dbpedia.org/resource/Bunker_Hill_Township,_Michigan",0
"http://dbpedia.org/resource/Bruce_Township,_Todd_County,_Minnesota",2013562
"http://dbpedia.org/resource/Bordentown,_New_Jersey",97769
"http://dbpedia.org/resource/Decker,_Indiana",0
"http://dbpedia.org/resource/Coldwater,_Kansas",911348
"http://dbpedia.org/resource/Jackson_Township,_Boone_County,_Indiana",75736
"http://dbpedia.org/resource/Alta_Vista,_Kansas",0
"http://dbpedia.org/resource/Center,_Nebraska",0
"http://dbpedia.org/resource/Captain_Cook,_Hawaii",0
"http://dbpedia.org/resource/Aurora,_Oregon",0
"http://dbpedia.org/resource/Checotah,_Oklahoma",197814
"http://dbpedia.org/resource/Washington_Township,_Pike_County,_Indiana",2544258
"http://dbpedia.org/resource/Clayton,_Ohio",240255
"http://dbpedia.org/resource/Centerville,_Missouri",0
"http://dbpedia.org/resource/Bellbrook,_Ohio",0
"http://dbpedia.org/resource/Anna_Maria,_Florida",494359
"http://dbpedia.org/resource/Covert,_New_York",15106917
"http://dbpedia.org/resource/Mason_Township,_Lawrence_County,_Ohio",1331059
"http://dbpedia.org/resource/Independence_Township,_Doniphan_County,_Kansas",25705
"http://dbpedia.org/resource/Knox_Township,_Jefferson_County,_Ohio",781947
"http://dbpedia.org/resource/Aberdeen_Township,_New_Jersey",6318331
"http://dbpedia.org/resource/Center_Point,_Indiana",47617
"http://dbpedia.org/resource/Attleboro,_Massachusetts",2669298
"http://dbpedia.org/resource/Medicine_Lodge_Township,_Barber_County,_Kansas",1028845
"http://dbpedia.org/resource/Bearville_Township,_Itasca_County,_Minnesota",2938352
"http://dbpedia.org/resource/Bloomfield_Township,_Sheridan_County,_Kansas",0
"http://dbpedia.org/resource/Birchdale_Township,_Todd_County,_Minnesota",8178351
"http://dbpedia.org/resource/Westchester_Township,_Porter_County,_Indiana",10099580
"http://dbpedia.org/resource/Cupey,_San_Juan,_Puerto_Rico",150087
"http://dbpedia.org/resource/Baltimore_Township,_Michigan",2022533
"http://dbpedia.org/resource/Howard_Township,_Bates_County,_Missouri",696466
"http://dbpedia.org/resource/Bellaire,_Ohio",76164
"http://dbpedia.org/resource/Forest_Township,_Clinton_County,_Indiana",24929
"http://dbpedia.org/resource/Cromwell,_Minnesota",419144
"http://dbpedia.org/resource/Crab_Orchard,_Nebraska",0
"http://dbpedia.org/resource/Shady_Cove,_Oregon",271721
"http://dbpedia.org/resource/Bridgeton_Township,_Michigan",1277434
"http://dbpedia.org/resource/Needham_Township,_Johnson_County,_Indiana",52220
"http://dbpedia.org/resource/Alcan_Border,_Alaska",1867914
"http://dbpedia.org/resource/Deerfield,_Massachusetts",2758772
"http://dbpedia.org/resource/Charleston,_Mississippi",0
"http://dbpedia.org/resource/Brownsboro_Farm,_Kentucky",0
"http://dbpedia.org/resource/Bowles,_California",0
"http://dbpedia.org/resource/Washington_Township,_Allen_County,_Indiana",160427
"http://dbpedia.org/resource/Arlone_Township,_Pine_County,_Minnesota",205697
"http://dbpedia.org/resource/Darnen_Township,_Stevens_County,_Minnesota",932798
"http://dbpedia.org/resource/Lakin_Township,_Harvey_County,_Kansas",48482
"http://dbpedia.org/resource/Charlton,_New_York",0
"http://dbpedia.org/resource/Clearwater,_Nebraska",0
"http://dbpedia.org/resource/Avon,_Connecticut",1029661
"http://dbpedia.org/resource/Westphalia_Township,_Anderson_County,_Kansas",910991
"http://dbpedia.org/resource/Brownsville_Township,_Houston_County,_Minnesota",2898048
"http://dbpedia.org/resource/Ardmore,_Alabama",0
"http://dbpedia.org/resource/Licking_Township,_Blackford_County,_Indiana",706884
"http://dbpedia.org/resource/Countryside,_Illinois",0
"http://dbpedia.org/resource/Catalina,_Arizona",0
"http://dbpedia.org/resource/Courtland,_Alabama",0
"http://dbpedia.org/resource/Coalport,_Pennsylvania",9934
"http://dbpedia.org/resource/Bunceton,_Missouri",0
"http://dbpedia.org/resource/Big_Stone_Township,_Big_Stone_County,_Minnesota",11125518
"http://dbpedia.org/resource/Ballwin,_Missouri",0
"http://dbpedia.org/resource/Conesville,_New_York",1006847
"http://dbpedia.org/resource/Brookeville,_Maryland",0
"http://dbpedia.org/resource/Cumberland,_Indiana",26643
"http://dbpedia.org/resource/Carsonville,_Michigan",0
"http://dbpedia.org/resource/Brookville_Township,_Franklin_County,_Indiana",7565812
"http://dbpedia.org/resource/Bostonia,_California",0
"http://dbpedia.org/resource/Clinton,_Minnesota",199724
"http://dbpedia.org/resource/Blairstown,_Iowa",0
"http://dbpedia.org/resource/Springdale_Township,_Cedar_County,_Iowa",0
"http://dbpedia.org/resource/Black_Jack,_Missouri",25428
"http://dbpedia.org/resource/Alamogordo,_New_Mexico",0
"http://dbpedia.org/resource/Custer,_Michigan",0
http://dbpedia.org/resource/Maragüez,2843710
"http://dbpedia.org/resource/La_Hacienda,_New_Mexico",0
"http://dbpedia.org/resource/Milburn_Township,_Custer_County,_Nebraska",51769
"http://dbpedia.org/resource/Blue_Eye,_Missouri",0
"http://dbpedia.org/resource/Albert_Lea_Township,_Freeborn_County,_Minnesota",7120329
"http://dbpedia.org/resource/Meredith_Township,_Cloud_County,_Kansas",26637
"http://dbpedia.org/resource/Danville,_California",0
"http://dbpedia.org/resource/Iona,_South_Dakota",32067694
"http://dbpedia.org/resource/Breedsville,_Michigan",26564
"http://dbpedia.org/resource/Washington_Township,_Butler_County,_Iowa",98944
"http://dbpedia.org/resource/Damariscotta-Newcastle,_Maine",3930080
"http://dbpedia.org/resource/Danbury_Township,_Ottawa_County,_Ohio",101921215
"http://dbpedia.org/resource/Angier,_North_Carolina",0
"http://dbpedia.org/resource/Center_Creek_Township,_Martin_County,_Minnesota",97547
"http://dbpedia.org/resource/Juda,_Wisconsin",0
"http://dbpedia.org/resource/Casar,_North_Carolina",0
"http://dbpedia.org/resource/Kenvir,_Kentucky",0
"http://dbpedia.org/resource/Marcy_Township,_Boone_County,_Iowa",569229
"http://dbpedia.org/resource/Cedar_Township,_Callaway_County,_Missouri",418939
"http://dbpedia.org/resource/Bellevue,_Nebraska",452515
"http://dbpedia.org/resource/Washington_Township,_Knox_County,_Indiana",623041
"http://dbpedia.org/resource/Adamsville,_Alabama",30480
"http://dbpedia.org/resource/Danby_Township,_Michigan",2117817
"http://dbpedia.org/resource/Cleora,_Oklahoma",797624
"http://dbpedia.org/resource/Catawissa,_Pennsylvania",57894
"http://dbpedia.org/resource/Alfsborg_Township,_Sibley_County,_Minnesota",192934
"http://dbpedia.org/resource/Kirby,_Arkansas",350689
"http://dbpedia.org/resource/Jefferson_Township,_Wayne_County,_Indiana",125802
"http://dbpedia.org/resource/Golconda_No._1_Precinct,_Pope_County,_Illinois",2133340
"http://dbpedia.org/resource/Garberville,_California",149596
"http://dbpedia.org/resource/Bluffton,_Minnesota",78389
"http://dbpedia.org/resource/Copperville,_Alaska",0
"http://dbpedia.org/resource/Aurelia,_Iowa",0
"http://dbpedia.org/resource/Gorham_(CDP),_Maine",104089
"http://dbpedia.org/resource/Lyon_Township,_Cloud_County,_Kansas",19300
"http://dbpedia.org/resource/Knox_Township,_Holmes_County,_Ohio",0
"http://dbpedia.org/resource/Ada,_Ohio",0
"http://dbpedia.org/resource/Alex,_Oklahoma",0
"http://dbpedia.org/resource/Black_Hawk,_Colorado",0
"http://dbpedia.org/resource/Colebrook,_Connecticut",3781166
http://dbpedia.org/resource/Uttara_Model_Town_(3rd_Phase),1054604
"http://dbpedia.org/resource/Burden,_Kansas",27149
"http://dbpedia.org/resource/Bird_Island,_Minnesota",0
"http://dbpedia.org/resource/Auburn,_Indiana",0
"http://dbpedia.org/resource/Spring_Creek_Township,_Greenwood_County,_Kansas",1331714
"http://dbpedia.org/resource/Ashland,_Alabama",102346
"http://dbpedia.org/resource/Chester,_Maine",0
"http://dbpedia.org/resource/Binghamton,_New_York",1608195
"http://dbpedia.org/resource/Blue_Creek_Township,_Adams_County,_Indiana",0
"http://dbpedia.org/resource/Browns_Valley,_Minnesota",0
"http://dbpedia.org/resource/Tremont_Township,_Buchanan_County,_Missouri",352640
"http://dbpedia.org/resource/Bruno_Township,_Butler_County,_Kansas",102760
"http://dbpedia.org/resource/Cherokee_Park,_Lexington",0
"http://dbpedia.org/resource/Climax_Springs,_Missouri",0
"http://dbpedia.org/resource/Burnham,_Illinois",229984
"http://dbpedia.org/resource/Badger_Township,_Polk_County,_Minnesota",1283255
"http://dbpedia.org/resource/Chesapeake_City,_Maryland",477675
"http://dbpedia.org/resource/Belk,_Alabama",0
"http://dbpedia.org/resource/Bristol,_Virginia",398713
"http://dbpedia.org/resource/Alexander,_North_Dakota",31145
"http://dbpedia.org/resource/Bovey,_Minnesota",30079
"http://dbpedia.org/resource/Byram_Township,_New_Jersey",2973148
"http://dbpedia.org/resource/Calumet,_Oklahoma",0
"http://dbpedia.org/resource/Bonner-West_Riverside,_Montana",268428
"http://dbpedia.org/resource/Chester,_Warren_County,_New_York",6870694
"http://dbpedia.org/resource/Delano,_Minnesota",0
"http://dbpedia.org/resource/Auburn,_New_Hampshire",9516080
"http://dbpedia.org/resource/Ashland,_Massachusetts",1166128
"http://dbpedia.org/resource/Cornlea,_Nebraska",0
"http://dbpedia.org/resource/Alvwood_Township,_Itasca_County,_Minnesota",1049911
"http://dbpedia.org/resource/Allendale,_Missouri",0
"http://dbpedia.org/resource/Ponderosa,_California",2599
http://dbpedia.org/resource/Tomorrow_Valley,2439994
"http://dbpedia.org/resource/Chariton_Township,_Appanoose_County,_Iowa",17535685
"http://dbpedia.org/resource/Sunset_Beach,_California",12469
"http://dbpedia.org/resource/Chicken,_Alaska",0
"http://dbpedia.org/resource/Callensburg,_Pennsylvania",0
"http://dbpedia.org/resource/Orthel_Township,_Hancock_County,_Iowa",164231
"http://dbpedia.org/resource/Clayton,_Indiana",0
"http://dbpedia.org/resource/Acequia,_Idaho",29064
"http://dbpedia.org/resource/Center_Hill,_Florida",101794
"http://dbpedia.org/resource/Brockton,_Massachusetts",297750
"http://dbpedia.org/resource/Buckley,_Illinois",27034
"http://dbpedia.org/resource/Baraga_Township,_Michigan",8587234
"http://dbpedia.org/resource/Bowcreek_Township,_Sheridan_County,_Kansas",0
"http://dbpedia.org/resource/Alpha,_Michigan",128499
"http://dbpedia.org/resource/Centreville,_Maryland",0
"http://dbpedia.org/resource/Beatty,_Nevada",0
"http://dbpedia.org/resource/Aurora,_Kansas",0
"http://dbpedia.org/resource/Atqasuk,_Alaska",9170001
"http://dbpedia.org/resource/Allen,_Kentucky",41275
"http://dbpedia.org/resource/Lumberton,_New_Mexico",0
"http://dbpedia.org/resource/Ardenhurst_Township,_Itasca_County,_Minnesota",14907179
"http://dbpedia.org/resource/Caruthers,_California",0
"http://dbpedia.org/resource/Study_Butte,_Texas",0
"http://dbpedia.org/resource/Bridgewater,_New_Hampshire",511822
"http://dbpedia.org/resource/Campbell,_Minnesota",0
"http://dbpedia.org/resource/Linn_Township,_Audrain_County,_Missouri",1090475
"http://dbpedia.org/resource/Addison_Township,_Knox_County,_Nebraska",0
"http://dbpedia.org/resource/Boulevard_Gardens,_Florida",0
"http://dbpedia.org/resource/Beloit,_Wisconsin",808081
"http://dbpedia.org/resource/Asharoken,_New_York",13344859
"http://dbpedia.org/resource/Southbridge,_Massachusetts",1359423
"http://dbpedia.org/resource/Alamo_Heights,_Texas",0
"http://dbpedia.org/resource/Applewood,_Colorado",0
"http://dbpedia.org/resource/Kapaa,_Hawaii",574197
"http://dbpedia.org/resource/Breckinridge_Center,_Kentucky",0
"http://dbpedia.org/resource/Bourbon,_Missouri",0
"http://dbpedia.org/resource/Clarks_Grove,_Minnesota",95157
"http://dbpedia.org/resource/Bishop,_California",118968
"http://dbpedia.org/resource/Byhalia,_Mississippi",0
"http://dbpedia.org/resource/Clarkson,_Kentucky",0
"http://dbpedia.org/resource/Bear_Grove_Township,_Cass_County,_Iowa",120199
"http://dbpedia.org/resource/Genoa_Township,_Nance_County,_Nebraska",1894972
"http://dbpedia.org/resource/Jackson_Township,_Fountain_County,_Indiana",231846
"http://dbpedia.org/resource/Byesville,_Ohio",0
"http://dbpedia.org/resource/Beverly,_Massachusetts",20113545
"http://dbpedia.org/resource/Columbia_Falls,_Montana",0
"http://dbpedia.org/resource/Bozeman,_Montana",83917
"http://dbpedia.org/resource/Kirklin_Township,_Clinton_County,_Indiana",0
"http://dbpedia.org/resource/Cologne,_Minnesota",318402
"http://dbpedia.org/resource/Collins_Township,_McLeod_County,_Minnesota",3832995
"http://dbpedia.org/resource/Colrain,_Massachusetts",684431
"http://dbpedia.org/resource/De_Beque,_Colorado",100087
"http://dbpedia.org/resource/Sierra_City,_California",971
"http://dbpedia.org/resource/Bentleyville,_Ohio",96017
"http://dbpedia.org/resource/South_Fork_Township,_Delaware_County,_Iowa",0
"http://dbpedia.org/resource/Barclay_Township,_Cass_County,_Minnesota",2986542
"http://dbpedia.org/resource/Cross_Keys,_Lexington",0
"http://dbpedia.org/resource/Cordova,_Alabama",95895
"http://dbpedia.org/resource/Symmes_Township,_Lawrence_County,_Ohio",0
"http://dbpedia.org/resource/Chickasaw,_Alabama",396912
"http://dbpedia.org/resource/Cumberland,_Maryland",187912
"http://dbpedia.org/resource/Becker_Township,_Cass_County,_Minnesota",2698734
"http://dbpedia.org/resource/Tipton_Township,_Cass_County,_Indiana",366083
"http://dbpedia.org/resource/Centerville,_Ohio",176509
"http://dbpedia.org/resource/Gaines_Township,_Kent_County,_Michigan",101855
"http://dbpedia.org/resource/Newton_Falls,_New_York",204451
"http://dbpedia.org/resource/Cedartown,_Georgia",0
"http://dbpedia.org/resource/Shoal_Creek,_Alabama",769815
"http://dbpedia.org/resource/Dayton,_Kentucky",1638705
http://dbpedia.org/resource/Mannar_District,120823838
"http://dbpedia.org/resource/Callaway_Township,_Becker_County,_Minnesota",3555307
"http://dbpedia.org/resource/Blue_Diamond,_Nevada",0
"http://dbpedia.org/resource/Cooperstown,_New_York",510812
"http://dbpedia.org/resource/Angora_Township,_St._Louis_County,_Minnesota",299941
"http://dbpedia.org/resource/West_Point_Township,_Butler_County,_Iowa",0
"http://dbpedia.org/resource/Adrian_Township,_Watonwan_County,_Minnesota",2281017
"http://dbpedia.org/resource/Brownstown,_Indiana",27123
"http://dbpedia.org/resource/Bremen,_Maine",29461719
"http://dbpedia.org/resource/Coeur_d'Alene,_Idaho",1315159
"http://dbpedia.org/resource/Clarence,_Pennsylvania",0
"http://dbpedia.org/resource/Island_Creek_Township,_Jefferson_County,_Ohio",95411
"http://dbpedia.org/resource/Auburn,_Alabama",1651983
"http://dbpedia.org/resource/Billingsley,_Alabama",0
"http://dbpedia.org/resource/Galena_Township,_LaPorte_County,_Indiana",700303
"http://dbpedia.org/resource/Covington,_Ohio",80565
"http://dbpedia.org/resource/Clinton,_Clinton_County,_New_York",96920
"http://dbpedia.org/resource/Black_Rock,_Arkansas",398714
"http://dbpedia.org/resource/Cicero,_New_York",98661
"http://dbpedia.org/resource/Altheimer,_Arkansas",0
"http://dbpedia.org/resource/Amherst,_Ohio",154032
"http://dbpedia.org/resource/Bee,_Nebraska",0
"http://dbpedia.org/resource/Caton,_New_York",492762
"http://dbpedia.org/resource/Beacon,_New_York",256482
"http://dbpedia.org/resource/Clayton,_Idaho",0
"http://dbpedia.org/resource/Kimberly,_Fayette_County,_West_Virginia",0
"http://dbpedia.org/resource/Bowmans_Addition,_Maryland",0
"http://dbpedia.org/resource/Delaware_Township,_Hancock_County,_Ohio",0
"http://dbpedia.org/resource/Brunswick,_Maryland",1189254
"http://dbpedia.org/resource/Oakland,_Cambria_County,_Pennsylvania",0
"http://dbpedia.org/resource/Sunshine,_Colorado",0
"http://dbpedia.org/resource/Crystal_Falls,_Michigan",365273
"http://dbpedia.org/resource/Fort_McDermitt,_Nevada",0
"http://dbpedia.org/resource/Washington_Township,_Starke_County,_Indiana",156345
"http://dbpedia.org/resource/Atkins,_Iowa",0
"http://dbpedia.org/resource/Bainbridge_Township,_Michigan",1234060
"http://dbpedia.org/resource/Bridgeport,_Connecticut",8899540
"http://dbpedia.org/resource/Cudahy,_California",126837
"http://dbpedia.org/resource/Kinder_Township,_Cape_Girardeau_County,_Missouri",99408
"http://dbpedia.org/resource/D'Lo,_Mississippi",0
"http://dbpedia.org/resource/Cooperstown_Township,_Brown_County,_Illinois",2031171
"http://dbpedia.org/resource/Colfax,_Indiana",0
"http://dbpedia.org/resource/Conehatta,_Mississippi",199345
"http://dbpedia.org/resource/Becker,_Minnesota",1158216
"http://dbpedia.org/resource/Bardstown,_Kentucky",264555
"http://dbpedia.org/resource/Arcola,_Mississippi",0
"http://dbpedia.org/resource/Belcourt,_North_Dakota",529697
"http://dbpedia.org/resource/Charlemont,_Massachusetts",1088735
"http://dbpedia.org/resource/Bear_Creek,_Alaska",2389443
http://dbpedia.org/resource/South_Dakota,3308294357
"http://dbpedia.org/resource/Bliss_Corner,_Massachusetts",0
"http://dbpedia.org/resource/Cedar_Township,_Cowley_County,_Kansas",523544
"http://dbpedia.org/resource/Bloomingdale_Township,_Michigan",2810473
"http://dbpedia.org/resource/Caribou_Township,_Kittson_County,_Minnesota",100446
"http://dbpedia.org/resource/Conway,_Florida",534295
"http://dbpedia.org/resource/Clymer,_New_York",202675
"http://dbpedia.org/resource/Wayne_Township,_Doniphan_County,_Kansas",707851
"http://dbpedia.org/resource/Blue_Eye,_Arkansas",0
"http://dbpedia.org/resource/Jackson_Township,_Kosciusko_County,_Indiana",601509
"http://dbpedia.org/resource/Bellaire,_Ohio",78961
"http://dbpedia.org/resource/Creston,_Nebraska",0
"http://dbpedia.org/resource/Caledonia,_Mississippi",0
"http://dbpedia.org/resource/Boron,_California",53532
"http://dbpedia.org/resource/Bearville_Township,_Itasca_County,_Minnesota",2762941
"http://dbpedia.org/resource/Clarksville,_Ohio",79831
"http://dbpedia.org/resource/Centerville,_Fresno_County,_California",0
"http://dbpedia.org/resource/Columbine,_Colorado",247975
"http://dbpedia.org/resource/Pleasant_Township,_Cass_County,_Iowa",0
"http://dbpedia.org/resource/McGuire_Air_Force_Base__,_New_Jersey__1",13279
"http://dbpedia.org/resource/Amherst_Township,_Fillmore_County,_Minnesota",0
"http://dbpedia.org/resource/Casselton,_North_Dakota",81200
"http://dbpedia.org/resource/Francis_Township,_Holt_County,_Nebraska",591533
"http://dbpedia.org/resource/Cumberland,_Maine",9124391
"http://dbpedia.org/resource/Cogswell,_North_Dakota",0
"http://dbpedia.org/resource/Country_Estates,_Florida",0
"http://dbpedia.org/resource/Conway,_North_Carolina",0
"http://dbpedia.org/resource/Summerset,_South_Dakota",0
"http://dbpedia.org/resource/Covel,_West_Virginia",0
"http://dbpedia.org/resource/Bloomfield,_Iowa",76582
"http://dbpedia.org/resource/Centerville,_Indiana",0
"http://dbpedia.org/resource/Covenant_Life,_Alaska",506496
"http://dbpedia.org/resource/Calhoun_Township,_Calhoun_County,_Iowa",26296
"http://dbpedia.org/resource/Bucks_Lake,_California",21274
"http://dbpedia.org/resource/Brownstown_Township,_Jackson_County,_Indiana",2400802
"http://dbpedia.org/resource/Buckhorn,_Kentucky",0
"http://dbpedia.org/resource/Monclova_Township,_Lucas_County,_Ohio",396260
"http://dbpedia.org/resource/Swan_Lake,_Montana",0
"http://dbpedia.org/resource/Swan_Township,_Noble_County,_Indiana",79194
"http://dbpedia.org/resource/Coaling,_Alabama",103958
"http://dbpedia.org/resource/Aurora,_Ohio",2976394
"http://dbpedia.org/resource/Broadus,_Montana",0
"http://dbpedia.org/resource/Ahoskie,_North_Carolina",0
"http://dbpedia.org/resource/Albert_Lea,_Minnesota",4532799
"http://dbpedia.org/resource/Big_Lake_Township,_Sherburne_County,_Minnesota",3998598
"http://dbpedia.org/resource/Cedar_Creek_Township,_Wexford_County,_Michigan",99789
"http://dbpedia.org/resource/Aurora,_Indiana",827048
"http://dbpedia.org/resource/Seward_Township,_Winnebago_County,_Illinois",0
"http://dbpedia.org/resource/Altus,_Oklahoma",498695
"http://dbpedia.org/resource/Benton,_Columbia_County,_Pennsylvania",47774
"http://dbpedia.org/resource/Chalfant,_California",74813
"http://dbpedia.org/resource/Dodds_Township,_Jefferson_County,_Illinois",499285
"http://dbpedia.org/resource/Franklin,_Milwaukee_County,_Wisconsin",278321
"http://dbpedia.org/resource/Bronson,_Iowa",0
"http://dbpedia.org/resource/Corinna,_Maine",2082451
"http://dbpedia.org/resource/Ashkum,_Illinois",0
"http://dbpedia.org/resource/Beaverton,_Alabama",0
"http://dbpedia.org/resource/Cedar_Ridge,_Tuolumne_County,_California",24013
"http://dbpedia.org/resource/Clarendon,_Arkansas",313201
"http://dbpedia.org/resource/East_Dailey,_West_Virginia",0
"http://dbpedia.org/resource/Appleton,_Maine",1920149
"http://dbpedia.org/resource/Antioch,_California",1821702
"http://dbpedia.org/resource/Belgrade,_Maine",36311571
"http://dbpedia.org/resource/Washington_Township,_Chickasaw_County,_Iowa",0
"http://dbpedia.org/resource/Burkittsville,_Maryland",0
"http://dbpedia.org/resource/Brook_Park_Township,_Pine_County,_Minnesota",0
"http://dbpedia.org/resource/Chevy_Chase_Section_Five,_Maryland",0
"http://dbpedia.org/resource/Brockton,_Montana",0
"http://dbpedia.org/resource/Chester_Township,_New_Jersey",223138
"http://dbpedia.org/resource/Barton_Hills,_Michigan",0
"http://dbpedia.org/resource/Cynthiana,_Indiana",0
"http://dbpedia.org/resource/Sturgeon,_Pennsylvania",0
http://dbpedia.org/resource/Prado_del_Rey,0
"http://dbpedia.org/resource/Brookfield_Township,_Huron_County,_Michigan",0
"http://dbpedia.org/resource/California,_Kentucky",0
"http://dbpedia.org/resource/Cleveland,_Missouri",49775
"http://dbpedia.org/resource/Andover_Forest,_Lexington",0
"http://dbpedia.org/resource/Carthage,_Arkansas",0
"http://dbpedia.org/resource/Caraway,_Arkansas",0
"http://dbpedia.org/resource/Cowarts,_Alabama",0
"http://dbpedia.org/resource/Cottage_Grove,_Minnesota",10471285
"http://dbpedia.org/resource/Aristocrat_Ranchettes,_Colorado",0
"http://dbpedia.org/resource/Cadillac,_Michigan",4794856
"http://dbpedia.org/resource/Grand_Marsh,_Wisconsin",0
"http://dbpedia.org/resource/Mirabile_Township,_Caldwell_County,_Missouri",150848
"http://dbpedia.org/resource/Delhi_Township,_Redwood_County,_Minnesota",204913
"http://dbpedia.org/resource/Battle_Ground,_Indiana",0
"http://dbpedia.org/resource/Delran_Township,_New_Jersey",1654925
"http://dbpedia.org/resource/Crowder,_Oklahoma",0
"http://dbpedia.org/resource/Chief_Township,_Mahnomen_County,_Minnesota",3910253
"http://dbpedia.org/resource/Avon,_Ohio",165929
"http://dbpedia.org/resource/Columbus,_New_York",294410
"http://dbpedia.org/resource/Andrews,_Indiana",31037
"http://dbpedia.org/resource/Caldwell,_Ohio",26225
"http://dbpedia.org/resource/Lake_Don_Pedro,_California",33705
"http://dbpedia.org/resource/Jaqua_Township,_Cheyenne_County,_Kansas",0
"http://dbpedia.org/resource/Nippawalla_Township,_Barber_County,_Kansas",356266
"http://dbpedia.org/resource/Bowling_Green,_Missouri",26927
"http://dbpedia.org/resource/Burlington,_Kansas",25563
"http://dbpedia.org/resource/Country_Club,_Florida",510542
"http://dbpedia.org/resource/Deer_Creek_Township,_Otter_Tail_County,_Minnesota",541086
"http://dbpedia.org/resource/Desert_Center,_California",0
"http://dbpedia.org/resource/Polk_Township,_Monroe_County,_Indiana",11692271
"http://dbpedia.org/resource/Brewster,_Ohio",25846
"http://dbpedia.org/resource/Dripping_Springs,_Texas",0
"http://dbpedia.org/resource/Bagley,_Iowa",0
"http://dbpedia.org/resource/Tisdale_Township,_Cowley_County,_Kansas",103405
"http://dbpedia.org/resource/Ashtabula,_Ohio",430747
"http://dbpedia.org/resource/City_of_Industry,_California",728107
"http://dbpedia.org/resource/Belleville,_New_Jersey",148307
http://dbpedia.org/resource/Houston,74265974
"http://dbpedia.org/resource/Alberton,_Montana",74604
"http://dbpedia.org/resource/Shell_Rock_Township,_Greenwood_County,_Kansas",1187977
"http://dbpedia.org/resource/Bridgeville,_Delaware",0
"http://dbpedia.org/resource/Cave_City,_Kentucky",104275
"http://dbpedia.org/resource/Round_Grove_Township,_White_County,_Indiana",81204
http://dbpedia.org/resource/Uttara_Model_Town_(3rd_Phase),1034599
"http://dbpedia.org/resource/Santa_Claus,_Arizona",0
"http://dbpedia.org/resource/Point_Place,_Louisiana",203819
"http://dbpedia.org/resource/Caro,_Michigan",25612
"http://dbpedia.org/resource/Daisy,_Arkansas",784795
"http://dbpedia.org/resource/Falling_Waters,_West_Virginia",0
"http://dbpedia.org/resource/Brownton,_Minnesota",0
"http://dbpedia.org/resource/Chester,_Warren_County,_New_York",6751626
"http://dbpedia.org/resource/Bertha_Township,_Todd_County,_Minnesota",0
"http://dbpedia.org/resource/Coggon,_Iowa",51159
"http://dbpedia.org/resource/Anchor_Point,_Alaska",295047
http://dbpedia.org/resource/Ciudad_López_Mateos,312438
"http://dbpedia.org/resource/Newcastle_Township,_Dixon_County,_Nebraska",4213541
"http://dbpedia.org/resource/Cornish,_New_Hampshire",1758988
"http://dbpedia.org/resource/Brimfield,_Massachusetts",1349512
"http://dbpedia.org/resource/Amber_Township,_Michigan",508100
"http://dbpedia.org/resource/Claypool,_Indiana",30451
"http://dbpedia.org/resource/Citrus,_California",4923
"http://dbpedia.org/resource/Arcade,_Georgia",0
"http://dbpedia.org/resource/Bruce_Township,_Macomb_County,_Michigan",498273
"http://dbpedia.org/resource/Ballston,_New_York",1046306
"http://dbpedia.org/resource/Bushnell,_Nebraska",0
"http://dbpedia.org/resource/Berkeley,_California",18331103
"http://dbpedia.org/resource/Cornish,_Maine",493827
"http://dbpedia.org/resource/Ithaca,_New_York",1552747
"http://dbpedia.org/resource/Bethlehem_Township,_New_Jersey",294691
"http://dbpedia.org/resource/Caseville_Township,_Michigan",807725
"http://dbpedia.org/resource/Cuba_Township,_Becker_County,_Minnesota",3653377
"http://dbpedia.org/resource/Berkeley_Township,_New_Jersey",33110615
"http://dbpedia.org/resource/Buena_Park,_California",78106
"http://dbpedia.org/resource/Bunche_Park,_Florida",0
"http://dbpedia.org/resource/Burlington,_North_Carolina",521363
"http://dbpedia.org/resource/Callery,_Pennsylvania",0
"http://dbpedia.org/resource/Ada_Township,_Michigan",2462059
"http://dbpedia.org/resource/Bright,_Indiana",49704
"http://dbpedia.org/resource/Beatty_Township,_St._Louis_County,_Minnesota",39084304
"http://dbpedia.org/resource/Nord,_California",0
"http://dbpedia.org/resource/Corning,_Missouri",0
"http://dbpedia.org/resource/Delafield_Township,_Jackson_County,_Minnesota",993213
"http://dbpedia.org/resource/Danville,_Arkansas",194784
"http://dbpedia.org/resource/Barnegat_Light,_New_Jersey",308713
"http://dbpedia.org/resource/Cedar_Township,_Martin_County,_Minnesota",3241140
"http://dbpedia.org/resource/Calera,_Oklahoma",0
"http://dbpedia.org/resource/Coto_de_Caza,_California",60298
"http://dbpedia.org/resource/Clintondale,_New_York",0
"http://dbpedia.org/resource/Crestline,_California",355838
"http://dbpedia.org/resource/Dead_Lake_Township,_Otter_Tail_County,_Minnesota",27268257
"http://dbpedia.org/resource/Chignik,_Alaska",10610575
"http://dbpedia.org/resource/Berkeley_Township,_New_Jersey",32715073
"http://dbpedia.org/resource/Whitewater_Township,_Franklin_County,_Indiana",622393
"http://dbpedia.org/resource/Brockton,_Massachusetts",248404
"http://dbpedia.org/resource/Estherville_Township,_Emmet_County,_Iowa",899340
"http://dbpedia.org/resource/Brockway_Township,_Michigan",0
http://dbpedia.org/resource/Gothenburg,14703504
"http://dbpedia.org/resource/Sugar_Ridge_Township,_Clay_County,_Indiana",1239899
"http://dbpedia.org/resource/Dearing,_Kansas",0
"http://dbpedia.org/resource/Castanea,_Pennsylvania",69471
"http://dbpedia.org/resource/Cortlandt,_New_York",27941544
"http://dbpedia.org/resource/Braymer,_Missouri",0
"http://dbpedia.org/resource/Barnegat_(CDP),_New_Jersey",30970
"http://dbpedia.org/resource/Dade_City,_Florida",256688
"http://dbpedia.org/resource/Perrysburg_Township,_Wood_County,_Ohio",2141477
"http://dbpedia.org/resource/Atkinson,_North_Carolina",0
"http://dbpedia.org/resource/Dogtown,_San_Joaquin_County,_California",59137
"http://dbpedia.org/resource/Cedar_Ridge,_Tuolumne_County,_California",22729
"http://dbpedia.org/resource/Algona,_Iowa",53455
"http://dbpedia.org/resource/Bloomfield_Township,_Huron_County,_Michigan",0
"http://dbpedia.org/resource/Hudson_(CDP),_Massachusetts",508496
"http://dbpedia.org/resource/Boardman,_North_Carolina",0
"http://dbpedia.org/resource/Carmel_Valley_Village,_California",520663
"http://dbpedia.org/resource/Clyde,_North_Carolina",0
"http://dbpedia.org/resource/Wabeno_(CDP),_Wisconsin",0
"http://dbpedia.org/resource/Babson_Park,_Florida",0
"http://dbpedia.org/resource/Clam_Union_Township,_Michigan",519622
"http://dbpedia.org/resource/Leeper,_Pennsylvania",0
"http://dbpedia.org/resource/Caldwell,_Kansas",0
"http://dbpedia.org/resource/Burnhamville_Township,_Todd_County,_Minnesota",8614563
"http://dbpedia.org/resource/El_Dorado_Township,_Butler_County,_Kansas",2001561
"http://dbpedia.org/resource/Palos_Township,_Cook_County,_Illinois",3631348
"http://dbpedia.org/resource/Barryton,_Michigan",209010
"http://dbpedia.org/resource/Binger,_Oklahoma",0
"http://dbpedia.org/resource/Saint_Maurice,_Louisiana",0
"http://dbpedia.org/resource/Republican_Township,_Clay_County,_Kansas",10662608
"http://dbpedia.org/resource/Atlantic,_Iowa",75550
"http://dbpedia.org/resource/Central_Adams,_North_Dakota",47868
"http://dbpedia.org/resource/Aptos,_California",0
"http://dbpedia.org/resource/Cavalier,_North_Dakota",0
"http://dbpedia.org/resource/Arietta,_New_York",30615291
"http://dbpedia.org/resource/Buckhead_Ridge,_Florida",291162
"http://dbpedia.org/resource/Pleasant_Township,_Coffey_County,_Kansas",18229655
"http://dbpedia.org/resource/Vivian,_West_Virginia",0
"http://dbpedia.org/resource/Aloha_Township,_Michigan",7563148
"http://dbpedia.org/resource/Teviston,_California",0
"http://dbpedia.org/resource/Cherry_Fork,_Ohio",0
"http://dbpedia.org/resource/Carthage,_North_Carolina",0
"http://dbpedia.org/resource/Belmar,_New_Jersey",1571716
"http://dbpedia.org/resource/Delhi_Charter_Township,_Michigan",1056863
"http://dbpedia.org/resource/Captiva,_Florida",23113846
"http://dbpedia.org/resource/Carrollwood_(CDP),_Florida",1860505
"http://dbpedia.org/resource/Chardon,_Ohio",101550
"http://dbpedia.org/resource/Honey_Creek_Township,_Delaware_County,_Iowa",0
"http://dbpedia.org/resource/Amherst,_Massachusetts",99102
"http://dbpedia.org/resource/Cove,_Oregon",0
"http://dbpedia.org/resource/Mercer_Township,_Adams_County,_Iowa",0
"http://dbpedia.org/resource/Deal_Island,_Maryland",5570339
"http://dbpedia.org/resource/Vermilion_Township,_Erie_County,_Ohio",6142051
"http://dbpedia.org/resource/Calhoun,_Missouri",28792
"http://dbpedia.org/resource/Lorance_Township,_Bollinger_County,_Missouri",356557
"http://dbpedia.org/resource/Bassett,_Kansas",83941
"http://dbpedia.org/resource/Biglick_Township,_Hancock_County,_Ohio",0
"http://dbpedia.org/resource/Campbell_Station,_Arkansas",0
"http://dbpedia.org/resource/Broad_Fields,_St._Matthews,_Kentucky",0
"http://dbpedia.org/resource/Bangor_Township,_Bay_County,_Michigan",21734485
"http://dbpedia.org/resource/Los_Ranchos,_California",8719
"http://dbpedia.org/resource/Colfax_Township,_Atchison_County,_Missouri",50163
"http://dbpedia.org/resource/Amidon,_North_Dakota",0
"http://dbpedia.org/resource/Colfax_Township,_Oceana_County,_Michigan",1394074
"http://dbpedia.org/resource/Au_Sable_Township,_Roscommon_County,_Michigan",97155
"http://dbpedia.org/resource/Avoca,_Arkansas",0
"http://dbpedia.org/resource/Bloomington,_Indiana",516165
"http://dbpedia.org/resource/Harrington_Park,_New_Jersey",568057
"http://dbpedia.org/resource/Black_Wolf_Township,_Ellsworth_County,_Kansas",99459
"http://dbpedia.org/resource/Volcano,_California",0
"http://dbpedia.org/resource/Camden,_Arkansas",190524
"http://dbpedia.org/resource/Pocono_Springs,_Pennsylvania",463227
"http://dbpedia.org/resource/Avra_Valley,_Arizona",0
"http://dbpedia.org/resource/Utica_Township,_Chickasaw_County,_Iowa",0
"http://dbpedia.org/resource/Bullhead_City,_Arizona",1869254
"http://dbpedia.org/resource/Crow_Wing_Lake_Township,_Hubbard_County,_Minnesota",14799184
"http://dbpedia.org/resource/Chester,_New_Hampshire",268253
"http://dbpedia.org/resource/South_Branch_Township,_Nance_County,_Nebraska",57872
"http://dbpedia.org/resource/Crab_Orchard,_Kentucky",0
"http://dbpedia.org/resource/Dale,_Indiana",30705
"http://dbpedia.org/resource/South_Glastonbury,_Montana",910304
"http://dbpedia.org/resource/Allen_Park,_Michigan",135530
"http://dbpedia.org/resource/Sisquoc,_California",10695
"http://dbpedia.org/resource/Arimo,_Idaho",0
"http://dbpedia.org/resource/Greensboro_Township,_Henry_County,_Indiana",188304
"http://dbpedia.org/resource/Buck_Township,_Hardin_County,_Ohio",247118
"http://dbpedia.org/resource/Dana,_North_Carolina",62056
"http://dbpedia.org/resource/Pepperell_(CDP),_Massachusetts",0
"http://dbpedia.org/resource/Lyon_County,_Kentucky",112282991
"http://dbpedia.org/resource/Arlington,_Georgia",29317
"http://dbpedia.org/resource/Ashburnham,_Massachusetts",6206185
"http://dbpedia.org/resource/Anthon,_Iowa",0
"http://dbpedia.org/resource/Aneta,_North_Dakota",0
"http://dbpedia.org/resource/Batesville,_Arkansas",345327
"http://dbpedia.org/resource/Chapman_Township,_Merrick_County,_Nebraska",1515819
"http://dbpedia.org/resource/Amherst,_Ohio",158184
"http://dbpedia.org/resource/Canisteo_Township,_Dodge_County,_Minnesota",0
"http://dbpedia.org/resource/Arlee,_Montana",0
"http://dbpedia.org/resource/Allenwood,_New_Jersey",305233
"http://dbpedia.org/resource/Filley_Township,_Gage_County,_Nebraska",1072160
"http://dbpedia.org/resource/Baldwin_Park,_Missouri",107567
"http://dbpedia.org/resource/Atoka,_New_Mexico",86611
"http://dbpedia.org/resource/Country_Club,_California",385355
"http://dbpedia.org/resource/Cote_Sans_Dessein_Township,_Callaway_County,_Missouri",4050067
"http://dbpedia.org/resource/Bosworth,_Missouri",0
"http://dbpedia.org/resource/Campbell_Township,_Michigan",392160
"http://dbpedia.org/resource/Breitung_Township,_Michigan",8433646
"http://dbpedia.org/resource/Pleasant_Township,_Perry_County,_Ohio",857268
"http://dbpedia.org/resource/Arley,_Alabama",0
"http://dbpedia.org/resource/Cromwell,_Iowa",0
"http://dbpedia.org/resource/Home_Township,_Newaygo_County,_Michigan",0
"http://dbpedia.org/resource/Carlton_Township,_Michigan",1369183
"http://dbpedia.org/resource/Tremont_City,_Ohio",0
"http://dbpedia.org/resource/Cannon_Township,_Michigan",3244271
"http://dbpedia.org/resource/Sky_Valley,_California",0
"http://dbpedia.org/resource/Belton,_Missouri",188616
"http://dbpedia.org/resource/Danube,_Minnesota",0
"http://dbpedia.org/resource/Charlotte_Hall,_Maryland",0
"http://dbpedia.org/resource/Durand_Township,_Winnebago_County,_Illinois",25845
"http://dbpedia.org/resource/Clarendon,_Arkansas",264233
http://dbpedia.org/resource/Ohio,10271919039
"http://dbpedia.org/resource/Elmore_Township,_Daviess_County,_Indiana",937216
"http://dbpedia.org/resource/Deerfield_Township,_Isabella_County,_Michigan",310399
"http://dbpedia.org/resource/Lake_City_Township,_Barber_County,_Kansas",221703
"http://dbpedia.org/resource/Ault_Township,_St._Louis_County,_Minnesota",4322861
"http://dbpedia.org/resource/Dowling,_Michigan",510906
"http://dbpedia.org/resource/Calio,_North_Dakota",1895825
"http://dbpedia.org/resource/Dayton,_New_Jersey",7466
http://dbpedia.org/resource/Anna_Paulowna,4524348
"http://dbpedia.org/resource/Castroville,_California",0
"http://dbpedia.org/resource/Fort_Edward_(village),_New_York",405567
"http://dbpedia.org/resource/Ellington_Township,_Adams_County,_Illinois",73893
"http://dbpedia.org/resource/Cherry_Creek_Township,_Buffalo_County,_Nebraska",599845
"http://dbpedia.org/resource/Astor,_Florida",0
"http://dbpedia.org/resource/Jackson_Township,_Spencer_County,_Indiana",599095
"http://dbpedia.org/resource/Brook_Highland,_Alabama",269429
"http://dbpedia.org/resource/Anamosa,_Iowa",31385
"http://dbpedia.org/resource/Ava,_Missouri",0
"http://dbpedia.org/resource/Pleasant_Township,_Johnson_County,_Indiana",49413
"http://dbpedia.org/resource/Armada_Township,_Buffalo_County,_Nebraska",79665
"http://dbpedia.org/resource/Auburn_Hills,_Michigan",97235
"http://dbpedia.org/resource/Crate_Township,_Chippewa_County,_Minnesota",0
"http://dbpedia.org/resource/Beals,_Maine",108610695
"http://dbpedia.org/resource/Big_Bend,_California",234548
"http://dbpedia.org/resource/Brushton,_New_York",0
"http://dbpedia.org/resource/Big_Lagoon,_California",0
"http://dbpedia.org/resource/Cottonwood,_Arizona",0
"http://dbpedia.org/resource/Apple_Valley,_California",850466
"http://dbpedia.org/resource/Loraine_Township,_Henry_County,_Illinois",0
"http://dbpedia.org/resource/Alma,_Kansas",30504
"http://dbpedia.org/resource/Cedarville,_Ohio",97829
"http://dbpedia.org/resource/Dellwood,_Minnesota",387441
"http://dbpedia.org/resource/Au_Gres,_Michigan",268494
"http://dbpedia.org/resource/Biddeford,_Maine",76780682
"http://dbpedia.org/resource/Chandler,_Oklahoma",2092811
"http://dbpedia.org/resource/Belmont,_Maine",1431096
"http://dbpedia.org/resource/Beaver_Crossing,_Nebraska",24768
"http://dbpedia.org/resource/Moral_Township,_Shelby_County,_Indiana",364480
"http://dbpedia.org/resource/Nishnabotny_Township,_Crawford_County,_Iowa",111398
"http://dbpedia.org/resource/Aberdeen,_Mississippi",529447
"http://dbpedia.org/resource/Cohutta,_Georgia",0
"http://dbpedia.org/resource/Chistochina,_Alaska",1134003
"http://dbpedia.org/resource/Conover,_North_Carolina",95734
"http://dbpedia.org/resource/Berea,_Kentucky",0
"http://dbpedia.org/resource/Lakin_Township,_Harvey_County,_Kansas",50517
"http://dbpedia.org/resource/Russell_Township,_Camden_County,_Missouri",4229553
"http://dbpedia.org/resource/Castle_Rock_Township,_Dakota_County,_Minnesota",0
"http://dbpedia.org/resource/Buford,_Georgia",98681
"http://dbpedia.org/resource/Centreville,_Michigan",31003
"http://dbpedia.org/resource/Lone_Oak_Township,_Bates_County,_Missouri",72213
"http://dbpedia.org/resource/Creston,_Iowa",156755
"http://dbpedia.org/resource/Jerusalem_Township,_Lucas_County,_Ohio",619361456
"http://dbpedia.org/resource/Brentwood,_New_York",0
"http://dbpedia.org/resource/Hampton,_Texas",0
"http://dbpedia.org/resource/Jackson_Township,_Hancock_County,_Ohio",207683
"http://dbpedia.org/resource/Amityville,_New_York",1037696
"http://dbpedia.org/resource/Brownington,_Missouri",0
"http://dbpedia.org/resource/Brookfield,_Missouri",50670
"http://dbpedia.org/resource/Antis_Township,_Blair_County,_Pennsylvania",603460
"http://dbpedia.org/resource/Belmont,_New_Hampshire",4951767
"http://dbpedia.org/resource/Marlboro_Meadows,_Maryland",199706
"http://dbpedia.org/resource/Jackson_County,_Michigan",59098066
"http://dbpedia.org/resource/Burnside_Township,_Michigan",0
"http://dbpedia.org/resource/Cutchogue,_New_York",1125351
"http://dbpedia.org/resource/Jackson_Township,_Madison_County,_Indiana",216681
"http://dbpedia.org/resource/Batavia,_Iowa",0
"http://dbpedia.org/resource/Millersburg,_Indiana",0
"http://dbpedia.org/resource/Chula,_Missouri",0
"http://dbpedia.org/resource/Dellwood,_Minnesota",376217
"http://dbpedia.org/resource/Josie_Township,_Holt_County,_Nebraska",98516
"http://dbpedia.org/resource/Rougemont,_North_Carolina",198291
"http://dbpedia.org/resource/Horseshoe_Bend,_Texas",217478
"http://dbpedia.org/resource/Ayr,_North_Dakota",0
"http://dbpedia.org/resource/Camanche_Township,_Clinton_County,_Iowa",8505611
"http://dbpedia.org/resource/Oak_Shores,_California",0
"http://dbpedia.org/resource/Delaware,_Iowa",26361
"http://dbpedia.org/resource/Clarinda,_Iowa",83830
"http://dbpedia.org/resource/Copper_Hill,_Arizona",2629
"http://dbpedia.org/resource/Black,_Alabama",0
"http://dbpedia.org/resource/Blakeley_Township,_Scott_County,_Minnesota",1828833
"http://dbpedia.org/resource/Englewood_Township,_Clark_County,_Kansas",388856
"http://dbpedia.org/resource/Los_Osos,_California",53784
"http://dbpedia.org/resource/Buena_Vista,_Virginia",204029
"http://dbpedia.org/resource/Brooksville,_Oklahoma",0
"http://dbpedia.org/resource/Bowne_Township,_Michigan",518347
"http://dbpedia.org/resource/Ashdown,_Arkansas",0
"http://dbpedia.org/resource/Brocket,_North_Dakota",0
"http://dbpedia.org/resource/Almont,_Michigan",0
"http://dbpedia.org/resource/Davey,_Nebraska",0
"http://dbpedia.org/resource/Bethlehem,_Georgia",0
"http://dbpedia.org/resource/Champion_Heights,_Ohio",0
"http://dbpedia.org/resource/Butte,_North_Dakota",0
"http://dbpedia.org/resource/Covington,_Georgia",262783
"http://dbpedia.org/resource/Brookfield_Center,_Ohio",0
"http://dbpedia.org/resource/Crary,_North_Dakota",134243
"http://dbpedia.org/resource/Beckwourth,_California",13181
"http://dbpedia.org/resource/Jackson_Township,_Crawford_County,_Iowa",30529
"http://dbpedia.org/resource/Syracuse,_New_York",1446536
"http://dbpedia.org/resource/Knox_Township,_Jefferson_County,_Ohio",824164
"http://dbpedia.org/resource/Starr_Township,_Hocking_County,_Ohio",0
"http://dbpedia.org/resource/Ames,_Iowa",153566
"http://dbpedia.org/resource/Hampden_Township,_Coffey_County,_Kansas",19341645
"http://dbpedia.org/resource/Connersville_Township,_Fayette_County,_Indiana",159492
"http://dbpedia.org/resource/Akron_Township,_Michigan",10138368
"http://dbpedia.org/resource/Chippewa_Township,_Isabella_County,_Michigan",268893
"http://dbpedia.org/resource/Seacliff,_California",2029
"http://dbpedia.org/resource/Mount_Vernon_Township,_Black_Hawk_County,_Iowa",0
"http://dbpedia.org/resource/Delleker,_California",5007
"http://dbpedia.org/resource/Mead_Valley,_California",0
"http://dbpedia.org/resource/Belmont_Township,_Jackson_County,_Minnesota",514597
"http://dbpedia.org/resource/Bermuda_Dunes,_California",0
"http://dbpedia.org/resource/Beatrice,_Nebraska",232741
"http://dbpedia.org/resource/Copenhagen,_New_York",0
"http://dbpedia.org/resource/Arrowsic,_Maine",7789915
"http://dbpedia.org/resource/Aurora,_Nebraska",29142
"http://dbpedia.org/resource/Arthur,_Nebraska",0
"http://dbpedia.org/resource/Daleville,_Indiana",51592
"http://dbpedia.org/resource/Bear_Creek,_Alabama",602607
"http://dbpedia.org/resource/Athens_Township,_Michigan",484598
"http://dbpedia.org/resource/Amboy,_Indiana",0
"http://dbpedia.org/resource/Cannon_Beach,_Oregon",0
"http://dbpedia.org/resource/Arnold,_California",156031
"http://dbpedia.org/resource/Albion_Township,_Wright_County,_Minnesota",8066100
"http://dbpedia.org/resource/River_Pines,_California",0
"http://dbpedia.org/resource/Meigs_Township,_Muskingum_County,_Ohio",1662103
"http://dbpedia.org/resource/Carver,_Minnesota",488544
"http://dbpedia.org/resource/Grass_Township,_Spencer_County,_Indiana",867950
"http://dbpedia.org/resource/Claremont_Township,_Dodge_County,_Minnesota",265183
"http://dbpedia.org/resource/Bayfield,_Colorado",0
"http://dbpedia.org/resource/Upper_Stewartsville,_New_Jersey",0
"http://dbpedia.org/resource/Blairstown,_New_Jersey",2239328
"http://dbpedia.org/resource/Alva,_Florida",2308768
"http://dbpedia.org/resource/Delaware_Township,_Hunterdon_County,_New_Jersey",954785
"http://dbpedia.org/resource/Algoma_Township,_Michigan",1068232
"http://dbpedia.org/resource/Cedar_Township,_Chase_County,_Kansas",318558
"http://dbpedia.org/resource/Belleville,_New_Jersey",152121
"http://dbpedia.org/resource/Addison,_Maine",154580849
"http://dbpedia.org/resource/Cape_Girardeau_Township,_Cape_Girardeau_County,_Missouri",8998418
"http://dbpedia.org/resource/Taberg,_New_York",509181
"http://dbpedia.org/resource/Anahola,_Hawaii",508724
"http://dbpedia.org/resource/Baker,_Montana",250881
"http://dbpedia.org/resource/Bloomsdale,_Missouri",26930
"http://dbpedia.org/resource/Redwood_Valley,_California",32053
"http://dbpedia.org/resource/Ellington_Township,_Hancock_County,_Iowa",153538
"http://dbpedia.org/resource/Culdrum_Township,_Morrison_County,_Minnesota",575076
"http://dbpedia.org/resource/Clinton,_North_Carolina",107893
"http://dbpedia.org/resource/Brisbin,_Pennsylvania",38454
"http://dbpedia.org/resource/Gerber,_California",0
"http://dbpedia.org/resource/Nettle_Creek_Township,_Grundy_County,_Illinois",77686
"http://dbpedia.org/resource/Cato_Township,_Michigan",2083064
"http://dbpedia.org/resource/Burlington,_Indiana",0
"http://dbpedia.org/resource/Washington_Township,_Hamilton_County,_Indiana",755370
"http://dbpedia.org/resource/Centreville,_Michigan",27006
"http://dbpedia.org/resource/Brady_Township,_Saginaw_County,_Michigan",0
"http://dbpedia.org/resource/Rhea_Mills,_Texas",0
"http://dbpedia.org/resource/Chambers,_Nebraska",0
"http://dbpedia.org/resource/Cayuga_Heights,_New_York",0
"http://dbpedia.org/resource/Auburn,_Massachusetts",2695791
"http://dbpedia.org/resource/Cumberland,_Kentucky",0
"http://dbpedia.org/resource/Carter_Springs,_Nevada",0
"http://dbpedia.org/resource/Odin,_Kansas",0
"http://dbpedia.org/resource/Iowa_Township,_Benton_County,_Iowa",171397
"http://dbpedia.org/resource/Arlington_Heights,_Illinois",96525
"http://dbpedia.org/resource/Clarion,_Pennsylvania",108405
"http://dbpedia.org/resource/Cambridge_Township,_Isanti_County,_Minnesota",3625848
"http://dbpedia.org/resource/Avocado_Heights,_California",348636
"http://dbpedia.org/resource/Conway_Township,_Michigan",0
"http://dbpedia.org/resource/Dedham,_Massachusetts",517008
"http://dbpedia.org/resource/Churchill_Township,_Michigan",776276
"http://dbpedia.org/resource/Bradbury,_California",2858
"http://dbpedia.org/resource/Church_Rock,_New_Mexico",101926
"http://dbpedia.org/resource/Canadian_Lakes,_Michigan",2863052
"http://dbpedia.org/resource/Curtis_Township,_Michigan",6207916
"http://dbpedia.org/resource/East_Barre,_Vermont",41793
"http://dbpedia.org/resource/Brighton,_Colorado",264989
"http://dbpedia.org/resource/Balsam_Township,_Aitkin_County,_Minnesota",1808378
"http://dbpedia.org/resource/Johns_Creek,_Georgia",1448758
"http://dbpedia.org/resource/Bloomfield_Township,_Clinton_County,_Iowa",40189
"http://dbpedia.org/resource/Washington_Township,_Hendricks_County,_Indiana",94096
"http://dbpedia.org/resource/Jackson_Township,_Greene_County,_Indiana",125634
"http://dbpedia.org/resource/Six_Mile_Run,_New_Jersey",20433
"http://dbpedia.org/resource/Beechwood,_Michigan",2432954
"http://dbpedia.org/resource/Bellflower,_California",135555
"http://dbpedia.org/resource/Bejou_Township,_Mahnomen_County,_Minnesota",0
"http://dbpedia.org/resource/Ellisburg,_New_Jersey",0
http://dbpedia.org/resource/Cass_Corridor,0
"http://dbpedia.org/resource/Blooming_Grove_Township,_Waseca_County,_Minnesota",1062858
"http://dbpedia.org/resource/Cathedral_City,_California",637830
"http://dbpedia.org/resource/Cooper,_Maine",4686648
"http://dbpedia.org/resource/Lola_Township,_Cherokee_County,_Kansas",547098
"http://dbpedia.org/resource/Lane_Township,_Warrick_County,_Indiana",1108669
"http://dbpedia.org/resource/Deer_Lodge,_Montana",0
"http://dbpedia.org/resource/Clemons,_Iowa",0
"http://dbpedia.org/resource/Clanton,_Alabama",394230
"http://dbpedia.org/resource/Davison_Township,_Michigan",624165
"http://dbpedia.org/resource/Barnesville,_Ohio",31179
"http://dbpedia.org/resource/Burlington,_Colorado",0
"http://dbpedia.org/resource/Robb_Township,_Posey_County,_Indiana",132765
"http://dbpedia.org/resource/Roaring_River_Township,_Barry_County,_Missouri",8447235
"http://dbpedia.org/resource/Big_Delta,_Alaska",15280580
"http://dbpedia.org/resource/California_City,_California",266348
"http://dbpedia.org/resource/Atalissa,_Iowa",0
"http://dbpedia.org/resource/Casa_Colorada,_New_Mexico",0
"http://dbpedia.org/resource/Bungo_Township,_Cass_County,_Minnesota",3350501
"http://dbpedia.org/resource/Cicero,_Indiana",1022279
"http://dbpedia.org/resource/Conneaut,_Ohio",188072
"http://dbpedia.org/resource/Grand_Meadow_Township,_Cherokee_County,_Iowa",68237
"http://dbpedia.org/resource/Marksboro,_New_Jersey",8953
"http://dbpedia.org/resource/Allen_Township,_Hancock_County,_Ohio",270425
"http://dbpedia.org/resource/Comanche,_Oklahoma",0
"http://dbpedia.org/resource/New_Salem,_Fayette_County,_Pennsylvania",0
"http://dbpedia.org/resource/Chesapeake_Ranch_Estates-Drum_Point,_Maryland",1051501
"http://dbpedia.org/resource/Arnoldsville,_Georgia",0
"http://dbpedia.org/resource/Black_Brook,_New_York",108011837
"http://dbpedia.org/resource/Boneau,_Montana",253883
"http://dbpedia.org/resource/Belle_Township,_Holt_County,_Nebraska",104363
"http://dbpedia.org/resource/Carl,_Georgia",0
"http://dbpedia.org/resource/Columbia,_Alabama",246430
"http://dbpedia.org/resource/Cheyenne_Wells,_Colorado",0
"http://dbpedia.org/resource/Brunswick,_Missouri",134303
"http://dbpedia.org/resource/Charleston,_Missouri",163516
"http://dbpedia.org/resource/Jefferson_Township,_Butler_County,_Iowa",0
"http://dbpedia.org/resource/Bennet,_Nebraska",0
"http://dbpedia.org/resource/Perry_Township,_Miami_County,_Indiana",354517
"http://dbpedia.org/resource/Commerce,_California",2960
"http://dbpedia.org/resource/Dayton,_Iowa",0
"http://dbpedia.org/resource/Galloway,_West_Virginia",0
"http://dbpedia.org/resource/Cicero,_New_York",0
"http://dbpedia.org/resource/Blairstown,_New_Jersey",2212344
"http://dbpedia.org/resource/Clear_Lake_Township,_Steuben_County,_Indiana",3982802
"http://dbpedia.org/resource/Alloway_(CDP),_New_Jersey",662114
"http://dbpedia.org/resource/Bridgeport,_Nebraska",0
"http://dbpedia.org/resource/Bar_Harbor_(CDP),_Maine",0
"http://dbpedia.org/resource/Bladensburg,_Maryland",28805
"http://dbpedia.org/resource/Diamond_Township,_Cherokee_County,_Iowa",53659
"http://dbpedia.org/resource/Belvoir_Township,_Pitt_County,_North_Carolina",954281
"http://dbpedia.org/resource/Bridger,_Montana",0
"http://dbpedia.org/resource/Antioch_Township,_Michigan",246187
"http://dbpedia.org/resource/Casa_Grande,_Arizona",0
"http://dbpedia.org/resource/Barrington,_New_Hampshire",4792917
"http://dbpedia.org/resource/Coolidge,_Kansas",0
"http://dbpedia.org/resource/Crothersville,_Indiana",0
"http://dbpedia.org/resource/Ardentown,_Delaware",0
"http://dbpedia.org/resource/Beverly_Hills,_California",5767
"http://dbpedia.org/resource/Salt_River_Township,_Audrain_County,_Missouri",2443858
"http://dbpedia.org/resource/Blue_Point,_New_York",0
"http://dbpedia.org/resource/Berlin_Township,_Ionia_County,_Michigan",811101
"http://dbpedia.org/resource/Chattanooga_Valley,_Georgia",0
"http://dbpedia.org/resource/Brecksville,_Ohio",277461
"http://dbpedia.org/resource/Atlantic_Beach,_North_Carolina",883572
"http://dbpedia.org/resource/Correctionville,_Iowa",0
