http://dbpedia.org/ontology/Village,Village,http://dbpedia.org/ontology/areaTotal
http://dbpedia.org/resource/Žatčany,Žatčany,8723305.786657896
"http://dbpedia.org/resource/Linwood,_Nebraska","Linwood, Nebraska",902961.5892980193
http://dbpedia.org/resource/Velika_Lašna,Velika Lašna,3948490.403967961
http://dbpedia.org/resource/Nesow,Nesow,9883000.427188884
"http://dbpedia.org/resource/Boba,_Hungary","Boba, Hungary",9964151.168722853
"http://dbpedia.org/resource/Glendale_Heights,_Illinois","Glendale Heights, Illinois",12308886.36427422
http://dbpedia.org/resource/Oechlitz,Oechlitz,11613918.887526993
http://dbpedia.org/resource/Stráž_(Domažlice_District),Stráž (Domažlice District),2442353.994971086
"http://dbpedia.org/resource/South_Charleston,_Ohio","South Charleston, Ohio",3751372.679374608
http://dbpedia.org/resource/Mali_Perelisky,Mali Perelisky,236486.53126072473
"http://dbpedia.org/resource/Verdon,_Nebraska","Verdon, Nebraska",556437.5503386125
http://dbpedia.org/resource/Vysoká_(Mělník_District),Vysoká (Mělník District),26315778.301977567
http://dbpedia.org/resource/Strážná,Strážná,9019531.67624289
"http://dbpedia.org/resource/Country_Life_Acres,_Missouri","Country Life Acres, Missouri",349248.6163728717
"http://dbpedia.org/resource/Sands_Point,_New_York","Sands Point, New York",13874560.15986059
"http://dbpedia.org/resource/Cove_Neck,_New_York","Cove Neck, New York",4708652.857337863
http://dbpedia.org/resource/Harsum,Harsum,43736810.737118796
"http://dbpedia.org/resource/Marseilles,_Ohio","Marseilles, Ohio",307426.6807504075
http://dbpedia.org/resource/Rácovice,Rácovice,6736721.53317399
http://dbpedia.org/resource/Tichá,Tichá,14677043.11604617
http://dbpedia.org/resource/Khubbayza,Khubbayza,4547825749.271766
"http://dbpedia.org/resource/Davenport,_Nebraska","Davenport, Nebraska",1665494.757405974
http://dbpedia.org/resource/Alpington,Alpington,2337379.323862158
"http://dbpedia.org/resource/Lore_City,_Ohio","Lore City, Ohio",869145.9595568395
http://dbpedia.org/resource/Butajnova,Butajnova,7226871.823486112
http://dbpedia.org/resource/Lipová_(Zlín_District),Lipová (Zlín District),10125414.820934819
"http://dbpedia.org/resource/Hardy,_Nebraska","Hardy, Nebraska",1774395.8644673428
http://dbpedia.org/resource/Křídlůvky,Křídlůvky,7441108.370497242
http://dbpedia.org/resource/Prosíčka_(Havlíčkův_Brod_District),Prosíčka (Havlíčkův Brod District),5686443.752760099
http://dbpedia.org/resource/Nagyveleg,Nagyveleg,11178088.746438228
http://dbpedia.org/resource/Stropešín,Stropešín,7605517.148188929
http://dbpedia.org/resource/Bocanovice,Bocanovice,4325482.602179235
"http://dbpedia.org/resource/Chaumont,_New_York","Chaumont, New York",3015004.974283985
http://dbpedia.org/resource/Domanjševci,Domanjševci,10695102.081813792
"http://dbpedia.org/resource/Saginaw,_Missouri","Saginaw, Missouri",2031067.4129517782
http://dbpedia.org/resource/Loke_v_Tuhinju,Loke v Tuhinju,1804162.0850168683
http://dbpedia.org/resource/Botngård,Botngård,956164.5713343997
http://dbpedia.org/resource/Diósjenő,Diósjenő,50422163.89590071
http://dbpedia.org/resource/Bílovice-Lutotín,Bílovice-Lutotín,6703434.410957841
"http://dbpedia.org/resource/Filley,_Nebraska","Filley, Nebraska",316201.3875888377
"http://dbpedia.org/resource/Sylte,_Norddal","Sylte, Norddal",800553.0047688927
http://dbpedia.org/resource/Vanovice,Vanovice,10814035.406843904
http://dbpedia.org/resource/Pankivtsi,Pankivtsi,295946.5367924017
http://dbpedia.org/resource/Újezd_(Domažlice_District),Újezd (Domažlice District),10725937.6090631
"http://dbpedia.org/resource/Free_Soil,_Michigan","Free Soil, Michigan",2298062.478775421
http://dbpedia.org/resource/Bítov_(Nový_Jičín_District),Bítov (Nový Jičín District),4073277.819105123
"http://dbpedia.org/resource/Hrib,_Črnomelj","Hrib, Črnomelj",2406229.233091402
http://dbpedia.org/resource/Kokarje,Kokarje,2215189.211104943
http://dbpedia.org/resource/Krüssau,Krüssau,23454278.15006888
http://dbpedia.org/resource/Upper_Beeding,Upper Beeding,18489146.865749408
http://dbpedia.org/resource/Jiratice,Jiratice,3611539.6960313786
"http://dbpedia.org/resource/Alexandria,_Ohio","Alexandria, Ohio",768221.4373339587
http://dbpedia.org/resource/Svojkovice_(Rokycany_District),Svojkovice (Rokycany District),4876745.602481215
http://dbpedia.org/resource/Těchlovice_(Děčín_District),Těchlovice (Děčín District),10524951.898140814
"http://dbpedia.org/resource/South_Webster,_Ohio","South Webster, Ohio",3996072.114065546
http://dbpedia.org/resource/Rajahar,Rajahar,44338890.16565306
"http://dbpedia.org/resource/Loving,_New_Mexico","Loving, New Mexico",3296414.1643809397
http://dbpedia.org/resource/Paplitz_(Genthin),Paplitz (Genthin),29946472.733322375
"http://dbpedia.org/resource/North_Star,_Ohio","North Star, Ohio",1319079.6387986762
http://dbpedia.org/resource/Tejaban,Tejaban,65062878.00721598
"http://dbpedia.org/resource/Denton,_Nebraska","Denton, Nebraska",316458.4795127481
"http://dbpedia.org/resource/Gaines,_Michigan","Gaines, Michigan",869064.7903278063
"http://dbpedia.org/resource/Lombard,_Illinois","Lombard, Illinois",31559411.579879764
"http://dbpedia.org/resource/Dawson,_Nebraska","Dawson, Nebraska",524517.4956122945
"http://dbpedia.org/resource/Roscoe,_Missouri","Roscoe, Missouri",5267434.890658525
http://dbpedia.org/resource/Rodden,Rodden,3183863.5158634475
"http://dbpedia.org/resource/Wiseton,_Saskatchewan","Wiseton, Saskatchewan",736635.8991559747
"http://dbpedia.org/resource/Hershey,_Nebraska","Hershey, Nebraska",1658792.9720171536
http://dbpedia.org/resource/Frant,Frant,29997940.57173732
http://dbpedia.org/resource/Dolní_Habartice,Dolní Habartice,5092982.091417113
http://dbpedia.org/resource/Křižínkov,Křižínkov,2735797.7001660517
http://dbpedia.org/resource/Kafr_al-Labad,Kafr al-Labad,14332030508.346025
http://dbpedia.org/resource/Ižakovci,Ižakovci,7744781.957385328
http://dbpedia.org/resource/Chuderov,Chuderov,14007767.9901847
"http://dbpedia.org/resource/Elm_Creek,_Nebraska","Elm Creek, Nebraska",1703025.19468324
"http://dbpedia.org/resource/Clarington,_Ohio","Clarington, Ohio",3465637.954034223
http://dbpedia.org/resource/Gröbern,Gröbern,8263775.418828203
http://dbpedia.org/resource/Soběkury,Soběkury,13856306.231218733
http://dbpedia.org/resource/Číčovice,Číčovice,6785518.04891748
"http://dbpedia.org/resource/Calumet,_Michigan","Calumet, Michigan",551672.0591515693
http://dbpedia.org/resource/Sonning_Common,Sonning Common,3584466.7430005916
http://dbpedia.org/resource/Kostelec_(Jihlava_District),Kostelec (Jihlava District),7361635.551873505
http://dbpedia.org/resource/Abu_Zurayq,Abu Zurayq,5529419268.837097
http://dbpedia.org/resource/Němčice_(Mladá_Boleslav_District),Němčice (Mladá Boleslav District),2712317.764609743
"http://dbpedia.org/resource/Bentleyville,_Ohio","Bentleyville, Ohio",6028617.136342431
"http://dbpedia.org/resource/Warner,_Alberta","Warner, Alberta",1266984.004413369
http://dbpedia.org/resource/Trnovany_(Litoměřice_District),Trnovany (Litoměřice District),3356782.985598659
"http://dbpedia.org/resource/Polk,_Nebraska","Polk, Nebraska",1405175.5945392526
"http://dbpedia.org/resource/Dobbs_Ferry,_New_York","Dobbs Ferry, New York",7284081.112708539
"http://dbpedia.org/resource/Grand_River,_Ohio","Grand River, Ohio",1367316.5806307215
"http://dbpedia.org/resource/Beemer,_Nebraska","Beemer, Nebraska",933689.5816009014
http://dbpedia.org/resource/Ban_Sam_Ruen,Ban Sam Ruen,6256097.094544023
http://dbpedia.org/resource/Domoušice,Domoušice,15413575.286069747
http://dbpedia.org/resource/Jhulaghat,Jhulaghat,2583383.5469982037
"http://dbpedia.org/resource/Kalkaska,_Michigan","Kalkaska, Michigan",7621378.839084189
"http://dbpedia.org/resource/Lomond,_Alberta","Lomond, Alberta",1063264.4156725
"http://dbpedia.org/resource/Dundee,_New_York","Dundee, New York",2548919.8479580125
"http://dbpedia.org/resource/Ragan,_Nebraska","Ragan, Nebraska",633991.3945921155
"http://dbpedia.org/resource/Hartville,_Ohio","Hartville, Ohio",6894023.392813876
http://dbpedia.org/resource/Lhota_(Zlín_District),Lhota (Zlín District),4864467.437363991
"http://dbpedia.org/resource/Carey,_Ohio","Carey, Ohio",4966126.312317156
http://dbpedia.org/resource/Cheznovice,Cheznovice,6799688.792101342
http://dbpedia.org/resource/Žerovnica,Žerovnica,4734140.585641895
http://dbpedia.org/resource/Zlazne,Zlazne,3685125.9828542443
"http://dbpedia.org/resource/Forestville,_New_York","Forestville, New York",2557801.771332908
http://dbpedia.org/resource/Polski_Senovets,Polski Senovets,40281882111.729614
http://dbpedia.org/resource/Losiná,Losiná,6452851.557089871
http://dbpedia.org/resource/Ctiboř_(Tachov_District),Ctiboř (Tachov District),9492869.709208054
http://dbpedia.org/resource/Sousedovice,Sousedovice,3980504.3829536214
http://dbpedia.org/resource/Chodský_Újezd,Chodský Újezd,64051872.00392026
http://dbpedia.org/resource/Trstěnice_(Znojmo_District),Trstěnice (Znojmo District),14441238.780274674
http://dbpedia.org/resource/Šumice_(Uherské_Hradiště_District),Šumice (Uherské Hradiště District),15879835.672182571
"http://dbpedia.org/resource/Calumet_Park,_Illinois","Calumet Park, Illinois",2848499.3367578364
"http://dbpedia.org/resource/Corfu,_New_York","Corfu, New York",2908765.7314384975
http://dbpedia.org/resource/Kadov_(Strakonice_District),Kadov (Strakonice District),22109259.65175333
http://dbpedia.org/resource/Biosca,Biosca,63427959.36226057
"http://dbpedia.org/resource/Glandorf,_Ohio","Glandorf, Ohio",3519089.4845771817
http://dbpedia.org/resource/Záblatí_(Prachatice_District),Záblatí (Prachatice District),29913308.02665654
http://dbpedia.org/resource/Brzánky,Brzánky,2473672.3119979766
"http://dbpedia.org/resource/Lorton,_Nebraska","Lorton, Nebraska",105268.89468129282
"http://dbpedia.org/resource/Odessa,_New_York","Odessa, New York",2755436.511429687
"http://dbpedia.org/resource/Chevy_Chase_Section_Five,_Maryland","Chevy Chase Section Five, Maryland",244855.61200024007
"http://dbpedia.org/resource/Pomona,_New_York","Pomona, New York",6017561.139555654
http://dbpedia.org/resource/Schwanefeld,Schwanefeld,5171986.767044991
"http://dbpedia.org/resource/Copemish,_Michigan","Copemish, Michigan",2513902.5662646433
http://dbpedia.org/resource/Věžovatá_Pláně,Věžovatá Pláně,5506099.719661172
"http://dbpedia.org/resource/Great_Neck_Plaza,_New_York","Great Neck Plaza, New York",678947.5384812076
http://dbpedia.org/resource/Iraq_al-Manshiyya,Iraq al-Manshiyya,15481547248.065092
http://dbpedia.org/resource/Chlum_(Třebíč_District),Chlum (Třebíč District),5145377.944964659
http://dbpedia.org/resource/Louka_u_Litvínova,Louka u Litvínova,2389356.4794159904
"http://dbpedia.org/resource/Gibsonburg,_Ohio","Gibsonburg, Ohio",6390506.358126665
http://dbpedia.org/resource/Lemberg_pri_Novi_Cerkvi,Lemberg pri Novi Cerkvi,1960043.7150898278
"http://dbpedia.org/resource/Gordon,_Ohio","Gordon, Ohio",444849.0842665358
"http://dbpedia.org/resource/Deerfield,_Michigan","Deerfield, Michigan",2670183.570171178
http://dbpedia.org/resource/Hrabišín,Hrabišín,13231684.022449737
http://dbpedia.org/resource/Aslacton,Aslacton,5434346.354069423
http://dbpedia.org/resource/Adrijanci,Adrijanci,6340293.891901466
"http://dbpedia.org/resource/Funk,_Nebraska","Funk, Nebraska",728240.5370905267
http://dbpedia.org/resource/Denduluru,Denduluru,1759127.815928709
"http://dbpedia.org/resource/Fort_Loramie,_Ohio","Fort Loramie, Ohio",2710329.4312899676
http://dbpedia.org/resource/Podgajci_Podravski,Podgajci Podravski,20665668.405166063
http://dbpedia.org/resource/Domašín_(Chomutov_District),Domašín (Chomutov District),15268255.334137188
"http://dbpedia.org/resource/Brewster,_New_York","Brewster, New York",1256630.2554642486
"http://dbpedia.org/resource/South_Dayton,_New_York","South Dayton, New York",2659375.533505615
http://dbpedia.org/resource/Tymákov,Tymákov,9287843.357807796
http://dbpedia.org/resource/Stenebyen,Stenebyen,377592.5707812914
"http://dbpedia.org/resource/Ulaka,_Bloke","Ulaka, Bloke",1323264.4161086043
http://dbpedia.org/resource/Drofino,Drofino,0.0
"http://dbpedia.org/resource/Skjold,_Rogaland","Skjold, Rogaland",1068717.4093490487
"http://dbpedia.org/resource/Fruitvale,_British_Columbia","Fruitvale, British Columbia",2235467.410387636
http://dbpedia.org/resource/Kladeruby,Kladeruby,7610957.096263867
"http://dbpedia.org/resource/Galabovo,_Blagoevgrad_Province","Galabovo, Blagoevgrad Province",5028936247.936266
http://dbpedia.org/resource/Kot_pri_Damlju,Kot pri Damlju,915828.560196552
http://dbpedia.org/resource/Řečice_(Žďár_nad_Sázavou_District),Řečice (Žďár nad Sázavou District),6805489.0801386945
"http://dbpedia.org/resource/Ravenna,_Michigan","Ravenna, Michigan",3524206.9164247173
http://dbpedia.org/resource/Slapy_(Tábor_District),Slapy (Tábor District),6581994.07713595
http://dbpedia.org/resource/Dolní_Nětčice,Dolní Nětčice,3924075.242484929
"http://dbpedia.org/resource/Amsterdam,_Ohio","Amsterdam, Ohio",747917.9730017432
"http://dbpedia.org/resource/Decatur,_Nebraska","Decatur, Nebraska",2495872.7587919123
"http://dbpedia.org/resource/Alanson,_Michigan","Alanson, Michigan",2918417.595711191
http://dbpedia.org/resource/Číměř_(Třebíč_District),Číměř (Třebíč District),3635759.098721159
"http://dbpedia.org/resource/Bancroft,_Michigan","Bancroft, Michigan",1235123.5702173465
"http://dbpedia.org/resource/Valparaiso,_Nebraska","Valparaiso, Nebraska",1321258.4109519569
"http://dbpedia.org/resource/La_Due,_Missouri","La Due, Missouri",220982.78580769384
http://dbpedia.org/resource/Suchý_Důl,Suchý Důl,12727777.736403089
"http://dbpedia.org/resource/Chinchilla,_Pennsylvania","Chinchilla, Pennsylvania",6198988.946301083
"http://dbpedia.org/resource/Roy,_New_Mexico","Roy, New Mexico",5542337.0088138385
http://dbpedia.org/resource/Bergh_Apton,Bergh Apton,9025358.810215978
http://dbpedia.org/resource/Lemerje,Lemerje,4142455.2401215187
"http://dbpedia.org/resource/Ithaca,_Nebraska","Ithaca, Nebraska",620436.986796749
http://dbpedia.org/resource/Chalgrove,Chalgrove,9252332.380701298
"http://dbpedia.org/resource/De_Tour_Village,_Michigan","De Tour Village, Michigan",24133492.336992078
http://dbpedia.org/resource/Catsfield,Catsfield,13481159.835800828
"http://dbpedia.org/resource/Morrisville,_New_York","Morrisville, New York",3017156.675805922
http://dbpedia.org/resource/Nevřeň,Nevřeň,7482012.04235242
"http://dbpedia.org/resource/Fonda,_New_York","Fonda, New York",1298362.2051290332
"http://dbpedia.org/resource/Sycamore_Hills,_Missouri","Sycamore Hills, Missouri",390125.7250763176
http://dbpedia.org/resource/Yapton,Yapton,7783199.179228999
http://dbpedia.org/resource/Hrabová_(Šumperk_District),Hrabová (Šumperk District),7515316.335964
http://dbpedia.org/resource/Košík,Košík,13152870.337928195
"http://dbpedia.org/resource/Fredericktown,_Ohio","Fredericktown, Ohio",5524587.953902524
http://dbpedia.org/resource/Barnham_Broom,Barnham Broom,7011280.262433552
"http://dbpedia.org/resource/Bloomdale,_Ohio","Bloomdale, Ohio",2004194.9123361767
"http://dbpedia.org/resource/Sharon_Springs,_New_York","Sharon Springs, New York",5204627.035576206
"http://dbpedia.org/resource/Mayfield,_Ohio","Mayfield, Ohio",8855315.988553092
http://dbpedia.org/resource/Budkov_(Prachatice_District),Budkov (Prachatice District),3923396.3703968637
"http://dbpedia.org/resource/North_Palm_Beach,_Florida","North Palm Beach, Florida",14791581.801452732
http://dbpedia.org/resource/Olešník,Olešník,23402086.228246838
http://dbpedia.org/resource/Všemina,Všemina,10482696.20678956
http://dbpedia.org/resource/Únětice_(Plzeň-South_District),Únětice (Plzeň-South District),6277260.545038428
"http://dbpedia.org/resource/Sunbury,_Ohio","Sunbury, Ohio",8907594.246643456
"http://dbpedia.org/resource/Rio_Grande,_Ohio","Rio Grande, Ohio",3428472.1266275956
"http://dbpedia.org/resource/Sunfield,_Michigan","Sunfield, Michigan",1920215.7802998712
"http://dbpedia.org/resource/Monroeville,_Ohio","Monroeville, Ohio",3835859.849719558
http://dbpedia.org/resource/Lutverci,Lutverci,2659063.977766602
"http://dbpedia.org/resource/Questa,_New_Mexico","Questa, New Mexico",14980903.846050339
http://dbpedia.org/resource/Hörsingen,Hörsingen,9113562.50259279
http://dbpedia.org/resource/Býkovice,Býkovice,4073490.994761382
"http://dbpedia.org/resource/Wyke,_Surrey","Wyke, Surrey",17103610.790125646
"http://dbpedia.org/resource/Ceresco,_Nebraska","Ceresco, Nebraska",1195349.4521045617
http://dbpedia.org/resource/Habří_(České_Budějovice_District),Habří (České Budějovice District),4870735.6174754575
http://dbpedia.org/resource/Ucharpi,Ucharpi,9679695.95658136
http://dbpedia.org/resource/Valašská_Senice,Valašská Senice,16794101.182335597
http://dbpedia.org/resource/Horní_Kamenice_(Domažlice_District),Horní Kamenice (Domažlice District),4233766.985251956
"http://dbpedia.org/resource/Beaver,_Ohio","Beaver, Ohio",915523.6299855245
"http://dbpedia.org/resource/Memphis,_Mississippi","Memphis, Mississippi",11752445.538621185
http://dbpedia.org/resource/Damnice,Damnice,7892889.665154524
"http://dbpedia.org/resource/Artas,_Bethlehem","Artas, Bethlehem",4997898746.557497
"http://dbpedia.org/resource/Ballston_Spa,_New_York","Ballston Spa, New York",4088241.4229353964
"http://dbpedia.org/resource/Centerburg,_Ohio","Centerburg, Ohio",2258026.010285004
http://dbpedia.org/resource/Blatno_(Louny_District),Blatno (Louny District),23616037.088959962
"http://dbpedia.org/resource/Saltaire,_New_York","Saltaire, New York",863042.5181574414
"http://dbpedia.org/resource/Morrice,_Michigan","Morrice, Michigan",3922518.1940047555
"http://dbpedia.org/resource/Hollansburg,_Ohio","Hollansburg, Ohio",376573.66875546996
http://dbpedia.org/resource/Letonice,Letonice,12379749.798840364
"http://dbpedia.org/resource/Ericson,_Nebraska","Ericson, Nebraska",1010668.4267670313
"http://dbpedia.org/resource/Stoutsville,_Ohio","Stoutsville, Ohio",3086008.899246788
"http://dbpedia.org/resource/Sveti_Jernej,_Slovenske_Konjice","Sveti Jernej, Slovenske Konjice",2026892.044237073
http://dbpedia.org/resource/Počenice-Tetětice,Počenice-Tetětice,9684291.988883324
http://dbpedia.org/resource/Dražovice_(Vyškov_District),Dražovice (Vyškov District),6656146.357873706
"http://dbpedia.org/resource/Cariñena,_Aragon","Cariñena, Aragon",77669132.5669634
"http://dbpedia.org/resource/Mount_Orab,_Ohio","Mount Orab, Ohio",19590832.9609596
http://dbpedia.org/resource/Okrouhlá_Radouň,Okrouhlá Radouň,11333693.388830895
"http://dbpedia.org/resource/Hallam,_Nebraska","Hallam, Nebraska",505987.7537328158
http://dbpedia.org/resource/Ostřetice,Ostřetice,4336151.065871282
http://dbpedia.org/resource/Skoronice,Skoronice,4410407.220484423
http://dbpedia.org/resource/Finneidfjord,Finneidfjord,726850.2161719104
http://dbpedia.org/resource/Kozárov,Kozárov,2632513.5784671176
http://dbpedia.org/resource/Dasný,Dasný,3645662.3225618447
http://dbpedia.org/resource/Preußlitz,Preußlitz,9950933.160824593
"http://dbpedia.org/resource/Fountain,_Michigan","Fountain, Michigan",3001961.4606461776
http://dbpedia.org/resource/Malá_Bystřice,Malá Bystřice,19559699.085983988
http://dbpedia.org/resource/Tursko_(Czech_Republic),Tursko (Czech Republic),8635244.522163618
http://dbpedia.org/resource/Sojovice,Sojovice,7143100.602196465
http://dbpedia.org/resource/Streat,Streat,5317806.7298964765
"http://dbpedia.org/resource/New_Era,_Michigan","New Era, Michigan",2169113.78201034
http://dbpedia.org/resource/Smilkov,Smilkov,10525476.634176103
http://dbpedia.org/resource/Březina_(former_Blansko_District),Březina (former Blansko District),6890039.292205866
http://dbpedia.org/resource/Dolní_Krupá_(Havlíčkův_Brod_District),Dolní Krupá (Havlíčkův Brod District),8414958.702894833
"http://dbpedia.org/resource/Brimson,_Missouri","Brimson, Missouri",215814.50114626673
http://dbpedia.org/resource/Styborivka,Styborivka,829287.0286590734
"http://dbpedia.org/resource/Endicott,_Nebraska","Endicott, Nebraska",1120434.8276792797
http://dbpedia.org/resource/Hlince_(Plzeň-North_District),Hlince (Plzeň-North District),6926458.43167096
"http://dbpedia.org/resource/Ridge_Farm,_Illinois","Ridge Farm, Illinois",9394438.51377185
"http://dbpedia.org/resource/Logan,_New_Mexico","Logan, New Mexico",24595834.21185564
http://dbpedia.org/resource/Titchwell,Titchwell,7626237.619171869
http://dbpedia.org/resource/Srednja_Bela,Srednja Bela,960128.4312400733
"http://dbpedia.org/resource/Asharoken,_New_York","Asharoken, New York",19911600.129289374
http://dbpedia.org/resource/Zabenstedt,Zabenstedt,4613437.583233351
http://dbpedia.org/resource/Uthausen,Uthausen,8731322.153588787
"http://dbpedia.org/resource/Nickerson,_Nebraska","Nickerson, Nebraska",964169.6965649301
http://dbpedia.org/resource/Strhaře,Strhaře,5133193.989273347
"http://dbpedia.org/resource/Bartley,_Nebraska","Bartley, Nebraska",1840553.764608175
"http://dbpedia.org/resource/Dashtadem,_Aragatsotn","Dashtadem, Aragatsotn",588668.5811328193
"http://dbpedia.org/resource/Port_Leyden,_New_York","Port Leyden, New York",1508149.1311462258
http://dbpedia.org/resource/Vřesovice_(Prostějov_District),Vřesovice (Prostějov District),5540244.658593977
"http://dbpedia.org/resource/Denzil,_Saskatchewan","Denzil, Saskatchewan",509089.0529709806
http://dbpedia.org/resource/Hvozd_(Plzeň-North_District),Hvozd (Plzeň-North District),11509843.51672474
"http://dbpedia.org/resource/New_Straitsville,_Ohio","New Straitsville, Ohio",3548562.2409171634
http://dbpedia.org/resource/Jeneč,Jeneč,8793823.486980218
http://dbpedia.org/resource/Lanišće,Lanišće,135691637.80637437
"http://dbpedia.org/resource/Fidelity,_Missouri","Fidelity, Missouri",2227450.4062860445
http://dbpedia.org/resource/Lhotka_(Žďár_nad_Sázavou_District),Lhotka (Žďár nad Sázavou District),5862120.613227058
http://dbpedia.org/resource/Drozdov_(Beroun_District),Drozdov (Beroun District),9803396.929704765
http://dbpedia.org/resource/Ždírec_(Plzeň-South_District),Ždírec (Plzeň-South District),11563033.476437801
"http://dbpedia.org/resource/North_Wardell,_Missouri","North Wardell, Missouri",218887.33936554138
"http://dbpedia.org/resource/McNabb,_Illinois","McNabb, Illinois",536160.012672057
http://dbpedia.org/resource/Únice,Únice,5829833.894394608
http://dbpedia.org/resource/Ocoyoacac,Ocoyoacac,143476213.17322722
"http://dbpedia.org/resource/McConnelsville,_Ohio","McConnelsville, Ohio",4906169.202668017
"http://dbpedia.org/resource/Nickerson,_Nebraska","Nickerson, Nebraska",1000721.2161121661
"http://dbpedia.org/resource/Payne,_Ohio","Payne, Ohio",1545129.3033272831
http://dbpedia.org/resource/Sela_pri_Šmarju,Sela pri Šmarju,1937168.533467827
http://dbpedia.org/resource/Kejnice,Kejnice,3670892.5411707405
"http://dbpedia.org/resource/Florida,_Missouri","Florida, Missouri",278255.95567063283
http://dbpedia.org/resource/Carmangay,Carmangay,1622066.1014200246
"http://dbpedia.org/resource/Malverne,_New_York","Malverne, New York",3052892.8558171485
"http://dbpedia.org/resource/Raymondville,_Missouri","Raymondville, Missouri",6028120.694908189
"http://dbpedia.org/resource/Foster,_Nebraska","Foster, Nebraska",511998.79938729753
"http://dbpedia.org/resource/Pleasant_Dale,_Nebraska","Pleasant Dale, Nebraska",252427.17692073985
http://dbpedia.org/resource/Pudukkottai_Village,Pudukkottai Village,3027276.0048255417
http://dbpedia.org/resource/Luštěnice,Luštěnice,15191039.030277342
http://dbpedia.org/resource/Hošťálkovy,Hošťálkovy,27408517.456849154
"http://dbpedia.org/resource/Spring_Valley,_Ohio","Spring Valley, Ohio",745171.2886668046
http://dbpedia.org/resource/Radhostice,Radhostice,11139119.997222058
http://dbpedia.org/resource/Friedeburgerhütte,Friedeburgerhütte,2789897.0055023585
"http://dbpedia.org/resource/Blissfield,_Michigan","Blissfield, Michigan",6204352.423228709
http://dbpedia.org/resource/Bukovany_(Hodonín_District),Bukovany (Hodonín District),2958235.78759959
http://dbpedia.org/resource/Zbytków,Zbytków,4595652.395221701
http://dbpedia.org/resource/Kramolín_(Třebíč_District),Kramolín (Třebíč District),4377122.445123999
http://dbpedia.org/resource/Wimbotsham,Wimbotsham,5724799.535081063
http://dbpedia.org/resource/Breivikbotn,Breivikbotn,316969.9474861795
http://dbpedia.org/resource/Bratřice,Bratřice,10469931.872996964
http://dbpedia.org/resource/Zálezlice,Zálezlice,7376051.604546893
http://dbpedia.org/resource/Kluky_(Písek_District),Kluky (Písek District),13822140.28950732
"http://dbpedia.org/resource/Highland_Hills,_Ohio","Highland Hills, Ohio",5817469.625712786
http://dbpedia.org/resource/Ein_al-Beida,Ein al-Beida,18438243963.673603
"http://dbpedia.org/resource/Herrings,_New_York","Herrings, New York",809896.056646069
http://dbpedia.org/resource/Pindi_Mana,Pindi Mana,189278279.76366413
"http://dbpedia.org/resource/Granger,_Missouri","Granger, Missouri",491195.23572722083
http://dbpedia.org/resource/Habrovany_(Vyškov_District),Habrovany (Vyškov District),6173031.423707372
"http://dbpedia.org/resource/Pemberville,_Ohio","Pemberville, Ohio",2868666.957947669
http://dbpedia.org/resource/Nezdenice,Nezdenice,7532694.410389863
"http://dbpedia.org/resource/Mount_Cory,_Ohio","Mount Cory, Ohio",1092577.6918248911
"http://dbpedia.org/resource/Rocky_Ridge,_Ohio","Rocky Ridge, Ohio",2931148.4090956002
"http://dbpedia.org/resource/Haviland,_Ohio","Haviland, Ohio",1096281.1368659155
"http://dbpedia.org/resource/Republic,_Ohio","Republic, Ohio",2561278.909794511
http://dbpedia.org/resource/Sázava_(Ústí_nad_Orlicí_District),Sázava (Ústí nad Orlicí District),5547507.670390644
http://dbpedia.org/resource/Al-Jiyya,Al-Jiyya,8257656045.607047
http://dbpedia.org/resource/Zámrsky,Zámrsky,6663790.644957782
http://dbpedia.org/resource/Lipovci,Lipovci,7055517.769390033
http://dbpedia.org/resource/Kvasiny,Kvasiny,6772175.3938626945
http://dbpedia.org/resource/Selbekken,Selbekken,442482.7587271937
"http://dbpedia.org/resource/Rulo,_Nebraska","Rulo, Nebraska",1549508.7126852432
http://dbpedia.org/resource/Radenín,Radenín,22337021.709815245
http://dbpedia.org/resource/Dobkovice,Dobkovice,5527690.120666937
http://dbpedia.org/resource/Krátká_Ves,Krátká Ves,5036558.049417624
http://dbpedia.org/resource/Veliki_Cirnik,Veliki Cirnik,2483506.869023011
http://dbpedia.org/resource/Všenory,Všenory,3231151.675263547
http://dbpedia.org/resource/Jenštejn,Jenštejn,4541298.682599503
"http://dbpedia.org/resource/Larchmont,_New_York","Larchmont, New York",2916790.829325338
"http://dbpedia.org/resource/Brookfield,_Illinois","Brookfield, Illinois",6824542.473430565
http://dbpedia.org/resource/Somavarappadu,Somavarappadu,2654072.600945331
"http://dbpedia.org/resource/Uehling,_Nebraska","Uehling, Nebraska",435580.417768395
"http://dbpedia.org/resource/Tabor,_Nova_Gorica","Tabor, Nova Gorica",1219323.043407873
"http://dbpedia.org/resource/Sherwood,_Michigan","Sherwood, Michigan",2500441.024064405
http://dbpedia.org/resource/Seč_(Plzeň-South_District),Seč (Plzeň-South District),3431405.2543902807
http://dbpedia.org/resource/Račice-Pístovice,Račice-Pístovice,20745078.5147534
http://dbpedia.org/resource/Zehbitz,Zehbitz,9255280.02538506
"http://dbpedia.org/resource/Zelma,_Saskatchewan","Zelma, Saskatchewan",758556.5577583379
http://dbpedia.org/resource/Kouty_(Třebíč_District),Kouty (Třebíč District),9334284.276983399
"http://dbpedia.org/resource/Iroquois,_Illinois","Iroquois, Illinois",1566781.6903782366
http://dbpedia.org/resource/Štichovice,Štichovice,10487585.9489182
"http://dbpedia.org/resource/Kelliher,_Saskatchewan","Kelliher, Saskatchewan",2501619.2734732293
"http://dbpedia.org/resource/Harrisburg,_Arkansas","Harrisburg, Arkansas",5611602.368040792
http://dbpedia.org/resource/Úlice,Úlice,13012504.515265275
http://dbpedia.org/resource/Přibice,Přibice,7281185.731538246
"http://dbpedia.org/resource/Vicksburg,_Michigan","Vicksburg, Michigan",7871430.601197715
http://dbpedia.org/resource/Louka_(Hodonín_District),Louka (Hodonín District),10305169.455297943
"http://dbpedia.org/resource/Copper_City,_Michigan","Copper City, Michigan",218710.82172206783
"http://dbpedia.org/resource/Cosby,_Missouri","Cosby, Missouri",247642.20731829666
http://dbpedia.org/resource/Všechlapy_(Nymburk_District),Všechlapy (Nymburk District),2773314.4088848894
http://dbpedia.org/resource/Ublo,Ublo,4768449.182913362
"http://dbpedia.org/resource/Tabor,_Sežana","Tabor, Sežana",757344.627179434
http://dbpedia.org/resource/Guestling,Guestling,16779425.212925337
http://dbpedia.org/resource/Terezín_(Hodonín_District),Terezín (Hodonín District),3612847.5784366718
"http://dbpedia.org/resource/Bethesda,_Ohio","Bethesda, Ohio",1390005.0941437175
http://dbpedia.org/resource/Unterjesingen,Unterjesingen,8841391.373853669
"http://dbpedia.org/resource/Mount_Leonard,_Missouri","Mount Leonard, Missouri",260909.10207050835
http://dbpedia.org/resource/Umm_az-Zinat,Umm az-Zinat,20319641430.556732
http://dbpedia.org/resource/Cugnasco,Cugnasco,16319873.295757677
http://dbpedia.org/resource/Chrastavice,Chrastavice,8029121.682991972
http://dbpedia.org/resource/Rohle,Rohle,21494513.732570782
http://dbpedia.org/resource/Jinočany,Jinočany,3339984.8491796036
http://dbpedia.org/resource/Topolovci,Topolovci,2419148.894908086
http://dbpedia.org/resource/Líšťany_(Louny_District),Líšťany (Louny District),5780416.200942728
http://dbpedia.org/resource/Hněvnice,Hněvnice,7074553.183446605
"http://dbpedia.org/resource/Golf_Manor,_Ohio","Golf Manor, Ohio",1407000.118657402
"http://dbpedia.org/resource/Monowi,_Nebraska","Monowi, Nebraska",686031.23370407
http://dbpedia.org/resource/Kostelany_nad_Moravou,Kostelany nad Moravou,5332935.848324951
"http://dbpedia.org/resource/Johnson,_Nebraska","Johnson, Nebraska",439623.62287740974
"http://dbpedia.org/resource/Hardy,_Nebraska","Hardy, Nebraska",1701882.7696245117
http://dbpedia.org/resource/Bobrůvka_(Žďár_nad_Sázavou_District),Bobrůvka (Žďár nad Sázavou District),7718995.729548433
http://dbpedia.org/resource/Okrouhlo,Okrouhlo,9221602.893601751
http://dbpedia.org/resource/Meiron,Meiron,15417077645.742502
http://dbpedia.org/resource/Boreč,Boreč,7669515.318410422
http://dbpedia.org/resource/Kšice,Kšice,16076252.68261166
http://dbpedia.org/resource/Slavoňov,Slavoňov,4252646.598113751
http://dbpedia.org/resource/Vernířovice,Vernířovice,40968062.085569784
http://dbpedia.org/resource/Sandesneben,Sandesneben,5810820.489735826
"http://dbpedia.org/resource/Krasne,_Turka_Raion","Krasne, Turka Raion",2636494.0761077907
http://dbpedia.org/resource/Nové_Dvory_(Litoměřice_District),Nové Dvory (Litoměřice District),7624242.741999355
"http://dbpedia.org/resource/Upper_Brookville,_New_York","Upper Brookville, New York",9912579.344483787
"http://dbpedia.org/resource/Hopkins,_Michigan","Hopkins, Michigan",1230788.3758673167
http://dbpedia.org/resource/Rokhmaniv,Rokhmaniv,3093515026.97077
http://dbpedia.org/resource/Stránecká_Zhoř,Stránecká Zhoř,12197762.039475817
"http://dbpedia.org/resource/Burton,_Nebraska","Burton, Nebraska",251823.324759768
"http://dbpedia.org/resource/Standard,_Illinois","Standard, Illinois",2039464.4035639537
http://dbpedia.org/resource/Dlouhomilov,Dlouhomilov,10572506.400363337
"http://dbpedia.org/resource/Shoal_Creek_Drive,_Missouri","Shoal Creek Drive, Missouri",1222676.6117950743
http://dbpedia.org/resource/Starovičky,Starovičky,9678885.376693683
"http://dbpedia.org/resource/Akron,_New_York","Akron, New York",4830027.923217495
"http://dbpedia.org/resource/Red_Bay,_Newfoundland_and_Labrador","Red Bay, Newfoundland and Labrador",1587516.3627919795
"http://dbpedia.org/resource/Agency,_Missouri","Agency, Missouri",12623952.053291675
"http://dbpedia.org/resource/Bethel,_Missouri","Bethel, Missouri",380481.1267845068
http://dbpedia.org/resource/Dobronice_u_Bechyně,Dobronice u Bechyně,7871205.919340795
http://dbpedia.org/resource/Stružná,Stružná,12708759.53026639
"http://dbpedia.org/resource/Sparta,_Ohio","Sparta, Ohio",210432.03500007407
http://dbpedia.org/resource/Chörau,Chörau,4024185.997835867
http://dbpedia.org/resource/Vlčice_(Jeseník_District),Vlčice (Jeseník District),14446156.274680957
"http://dbpedia.org/resource/Octa,_Ohio","Octa, Ohio",633071.499728602
"http://dbpedia.org/resource/Ovacık,_Lüleburgaz","Ovacık, Lüleburgaz",39444871.83629297
http://dbpedia.org/resource/Chřenovice,Chřenovice,5765513.335005657
http://dbpedia.org/resource/Senožaty,Senožaty,23224054.902986452
"http://dbpedia.org/resource/Folsom,_New_Mexico","Folsom, New Mexico",1193680.9116292333
http://dbpedia.org/resource/Charlton-on-Otmoor,Charlton-on-Otmoor,3908758.722259449
http://dbpedia.org/resource/Pasiyahi_Kala,Pasiyahi Kala,1698762.8354711034
"http://dbpedia.org/resource/Puckett,_Mississippi","Puckett, Mississippi",5400683.638481446
"http://dbpedia.org/resource/Ford,_West_Sussex","Ford, West Sussex",4638786.887975121
http://dbpedia.org/resource/Morl,Morl,10748304.34745862
http://dbpedia.org/resource/Bušanovice,Bušanovice,11111911.000805033
http://dbpedia.org/resource/Líšina,Líšina,7248208.023517813
"http://dbpedia.org/resource/Malvern,_Ohio","Malvern, Ohio",1815521.9464768097
"http://dbpedia.org/resource/Thurston,_Nebraska","Thurston, Nebraska",319840.0833523644
"http://dbpedia.org/resource/Grantwood_Village,_Missouri","Grantwood Village, Missouri",1951067.421219827
http://dbpedia.org/resource/Černá_(Žďár_nad_Sázavou_District),Černá (Žďár nad Sázavou District),11604594.430072647
"http://dbpedia.org/resource/Linndale,_Ohio","Linndale, Ohio",211101.67188852595
"http://dbpedia.org/resource/Sherrodsville,_Ohio","Sherrodsville, Ohio",813038.0742696079
http://dbpedia.org/resource/Žalkovice,Žalkovice,7321736.308167146
http://dbpedia.org/resource/Milzau,Milzau,19705340.628256455
"http://dbpedia.org/resource/Tarrytown,_New_York","Tarrytown, New York",14715535.150244629
http://dbpedia.org/resource/Uchtspringe,Uchtspringe,11703184.760584269
http://dbpedia.org/resource/Raková_u_Konice,Raková u Konice,3543639.881383732
"http://dbpedia.org/resource/Benzonia,_Michigan","Benzonia, Michigan",3313692.9823816502
"http://dbpedia.org/resource/Portage,_Ohio","Portage, Ohio",3429950.0202771937
http://dbpedia.org/resource/Thurland,Thurland,7035957.68649547
"http://dbpedia.org/resource/Shubert,_Nebraska","Shubert, Nebraska",557119.9168202094
http://dbpedia.org/resource/Jílovice_(České_Budějovice_District),Jílovice (České Budějovice District),40258848.24883267
http://dbpedia.org/resource/Gooderstone,Gooderstone,9735336.930312745
http://dbpedia.org/resource/Ivujivik,Ivujivik,38329114.43931675
http://dbpedia.org/resource/Kubova_Huť,Kubova Huť,1497278.115037504
http://dbpedia.org/resource/Glebitzsch,Glebitzsch,16684472.73079135
http://dbpedia.org/resource/Stanhoe,Stanhoe,6929741.172033222
"http://dbpedia.org/resource/Elk_Rapids,_Michigan","Elk Rapids, Michigan",5396394.783311091
"http://dbpedia.org/resource/Dodge,_Nebraska","Dodge, Nebraska",1153462.7933850833
"http://dbpedia.org/resource/Howard_City,_Michigan","Howard City, Michigan",5708823.230263042
http://dbpedia.org/resource/Hohenlepte,Hohenlepte,15895059.504440801
"http://dbpedia.org/resource/Huta,_Rivne_Oblast","Huta, Rivne Oblast",4534398.709751085
"http://dbpedia.org/resource/Holgate,_Ohio","Holgate, Ohio",2822999.813858131
http://dbpedia.org/resource/Obora_(Tachov_District),Obora (Tachov District),17833458.437131055
"http://dbpedia.org/resource/Mancelona,_Michigan","Mancelona, Michigan",2735925.0993471956
http://dbpedia.org/resource/Goričica_pod_Krimom,Goričica pod Krimom,3660040.975426293
"http://dbpedia.org/resource/Howells,_Nebraska","Howells, Nebraska",1827376.4526061162
http://dbpedia.org/resource/Myslín,Myslín,4346741.380799568
"http://dbpedia.org/resource/Port_Washington,_Ohio","Port Washington, Ohio",1334665.2055821929
http://dbpedia.org/resource/Ševlje,Ševlje,3448024.244081325
http://dbpedia.org/resource/Ban_Laemphrathat,Ban Laemphrathat,10010338.868411396
http://dbpedia.org/resource/Latdorf,Latdorf,7688600.310808987
"http://dbpedia.org/resource/Pinehurst,_North_Carolina","Pinehurst, North Carolina",38926609.6895417
http://dbpedia.org/resource/Drogomyśl,Drogomyśl,14076173.696331747
"http://dbpedia.org/resource/Inglewood,_Nebraska","Inglewood, Nebraska",615479.083558619
http://dbpedia.org/resource/Midsund_(village),Midsund (village),646727.4205107111
http://dbpedia.org/resource/Bezdědovice,Bezdědovice,5565429.1087771915
http://dbpedia.org/resource/Studené,Studené,5550309.224949187
"http://dbpedia.org/resource/Harrisburg,_Missouri","Harrisburg, Missouri",1914016.4489747072
http://dbpedia.org/resource/Níhov,Níhov,5452068.64251857
"http://dbpedia.org/resource/Diehlstadt,_Missouri","Diehlstadt, Missouri",182163.2967240757
"http://dbpedia.org/resource/Lowellville,_Ohio","Lowellville, Ohio",4123461.4871756528
http://dbpedia.org/resource/Zahrádka_(Plzeň-North_District),Zahrádka (Plzeň-North District),15258469.098990852
"http://dbpedia.org/resource/Englefield,_Berkshire","Englefield, Berkshire",10551046.905183032
http://dbpedia.org/resource/Bílov_(Nový_Jičín_District),Bílov (Nový Jičín District),11614065.347167972
http://dbpedia.org/resource/Petrovice_(Znojmo_District),Petrovice (Znojmo District),4711728.7452609
http://dbpedia.org/resource/Jetřichovice,Jetřichovice,49633511.06421361
http://dbpedia.org/resource/Blažejovice,Blažejovice,4763021.452041478
http://dbpedia.org/resource/Uhřičice,Uhřičice,9687901.70329839
http://dbpedia.org/resource/Týnec_(Břeclav_District),Týnec (Břeclav District),9900682.932498097
http://dbpedia.org/resource/Žabovřesky_nad_Ohří,Žabovřesky nad Ohří,4900228.795076926
"http://dbpedia.org/resource/Great_Neck_Estates,_New_York","Great Neck Estates, New York",2019623.0179682288
http://dbpedia.org/resource/Ctiněves,Ctiněves,5381845.557456196
http://dbpedia.org/resource/Terrington_St_John,Terrington St John,8813693.407171773
"http://dbpedia.org/resource/Lithopolis,_Ohio","Lithopolis, Ohio",5982864.564895882
"http://dbpedia.org/resource/Fultonham,_Ohio","Fultonham, Ohio",414222.0534254431
"http://dbpedia.org/resource/Cassopolis,_Michigan","Cassopolis, Michigan",4962814.687753451
http://dbpedia.org/resource/Vockerode,Vockerode,20052808.610793244
http://dbpedia.org/resource/Vážany_(Vyškov_District),Vážany (Vyškov District),5405772.2879185695
"http://dbpedia.org/resource/Farmingdale,_New_York","Farmingdale, New York",2839092.686102461
http://dbpedia.org/resource/Vučja_Gomila,Vučja Gomila,10254890.87520877
"http://dbpedia.org/resource/Cridersville,_Ohio","Cridersville, Ohio",2530971.9990340616
http://dbpedia.org/resource/Rochlov,Rochlov,5277162.366111566
"http://dbpedia.org/resource/Berrien_Springs,_Michigan","Berrien Springs, Michigan",2644603.6092629367
"http://dbpedia.org/resource/Milo,_Missouri","Milo, Missouri",187796.00809781186
http://dbpedia.org/resource/Sedlatice,Sedlatice,3626148.2214431204
"http://dbpedia.org/resource/Portal,_North_Dakota","Portal, North Dakota",1447855.2593588005
"http://dbpedia.org/resource/St._Elizabeth,_Missouri","St. Elizabeth, Missouri",2867433.831152334
"http://dbpedia.org/resource/Volente,_Texas","Volente, Texas",13425895.05788602
"http://dbpedia.org/resource/Weingarten,_Thuringia","Weingarten, Thuringia",3550303.308245591
http://dbpedia.org/resource/Čímice,Čímice,6499431.607544856
"http://dbpedia.org/resource/South_Rockwood,_Michigan","South Rockwood, Michigan",5663990.139992819
http://dbpedia.org/resource/Oslavička,Oslavička,5073008.184686457
"http://dbpedia.org/resource/Elk_Rapids,_Michigan","Elk Rapids, Michigan",4792684.537784156
http://dbpedia.org/resource/Ponova_Vas,Ponova Vas,3399487.1690447996
"http://dbpedia.org/resource/Fultonham,_Ohio","Fultonham, Ohio",424739.8876747914
"http://dbpedia.org/resource/Rockville_Centre,_New_York","Rockville Centre, New York",8117443.567088552
"http://dbpedia.org/resource/Vinton,_Ohio","Vinton, Ohio",2882373.3177973162
"http://dbpedia.org/resource/Port_William,_Ohio","Port William, Ohio",298767.94760991755
http://dbpedia.org/resource/Albourne,Albourne,7600888.9564456465
http://dbpedia.org/resource/Špičky,Špičky,6899729.482669346
http://dbpedia.org/resource/Ježená,Ježená,5080280.763742951
http://dbpedia.org/resource/Bočna,Bočna,15564998.050569816
http://dbpedia.org/resource/Pustiměř,Pustiměř,12387942.153153053
http://dbpedia.org/resource/Liboš,Liboš,3914518.9717231668
http://dbpedia.org/resource/Karlov_(Žďár_nad_Sázavou_District),Karlov (Žďár nad Sázavou District),3528560.0971176885
http://dbpedia.org/resource/Long_Wittenham,Long Wittenham,1104094.6467853377
"http://dbpedia.org/resource/Verdigre,_Nebraska","Verdigre, Nebraska",1313231.3856713518
"http://dbpedia.org/resource/Genoa,_Ohio","Genoa, Ohio",3912737.5727954195
"http://dbpedia.org/resource/Skokie,_Illinois","Skokie, Illinois",29645193.023741156
"http://dbpedia.org/resource/Aua,_American_Samoa","Aua, American Samoa",2730672.405608631
http://dbpedia.org/resource/Kalhov,Kalhov,4613966.427745908
"http://dbpedia.org/resource/Airport_Drive,_Missouri","Airport Drive, Missouri",5286724.088206023
"http://dbpedia.org/resource/Elgin,_Ohio","Elgin, Ohio",575884.1467109439
