http://dbpedia.org/ontology/Book,Book,http://dbpedia.org/ontology/numberOfPages
http://dbpedia.org/resource/Knight_Life,Knight Life,275
http://dbpedia.org/resource/Utopia_(Child_novel),Utopia (Child novel),394
http://dbpedia.org/resource/The_Girl_on_the_Stairs,The Girl on the Stairs,269
http://dbpedia.org/resource/Stoneheart,Stoneheart,452
http://dbpedia.org/resource/The_Big_Man_(novel),The Big Man (novel),255
http://dbpedia.org/resource/The_Philosophy_of_Andy_Warhol,The Philosophy of Andy Warhol,238
http://dbpedia.org/resource/The_Anubis_Gates,The Anubis Gates,345
http://dbpedia.org/resource/Answer_Before_Dark,Answer Before Dark,345
http://dbpedia.org/resource/The_High_Crusade,The High Crusade,220
"http://dbpedia.org/resource/Contingency,_Hegemony,_Universality","Contingency, Hegemony, Universality",242
http://dbpedia.org/resource/Echo_Park_(novel),Echo Park (novel),426
http://dbpedia.org/resource/Christmas_with_the_Dead_(short_story),Christmas with the Dead (short story),21
http://dbpedia.org/resource/Little_Misunderstandings_of_No_Importance,Little Misunderstandings of No Importance,174
http://dbpedia.org/resource/Swastika_Night,Swastika Night,346
http://dbpedia.org/resource/Tom_Clancy's_EndWar_(novel),Tom Clancy's EndWar (novel),462
http://dbpedia.org/resource/Sacrifice_(novel),Sacrifice (novel),289
http://dbpedia.org/resource/Ratha's_Courage,Ratha's Courage,380
http://dbpedia.org/resource/A_Tramp_Abroad,A Tramp Abroad,603
http://dbpedia.org/resource/Alpha_&_Omega_(book),Alpha & Omega (book),319
http://dbpedia.org/resource/The_Story_of_Lucy_Gault,The Story of Lucy Gault,235
http://dbpedia.org/resource/A_Figure_in_Hiding,A Figure in Hiding,226
http://dbpedia.org/resource/Sankya_(novel),Sankya (novel),326
http://dbpedia.org/resource/The_King's_Orchard,The King's Orchard,360
http://dbpedia.org/resource/Laughing_Whitefish,Laughing Whitefish,223
http://dbpedia.org/resource/Terry_Carr's_Best_Science_Fiction_of_the_Year,Terry Carr's Best Science Fiction of the Year,419
http://dbpedia.org/resource/Conan_the_Rogue,Conan the Rogue,264
http://dbpedia.org/resource/Misquoting_Jesus,Misquoting Jesus,268
http://dbpedia.org/resource/The_Dinosauria,The Dinosauria,945
http://dbpedia.org/resource/Aspects_of_the_Theory_of_Syntax,Aspects of the Theory of Syntax,263
http://dbpedia.org/resource/The_Seventh_Gate,The Seventh Gate,391
"http://dbpedia.org/resource/Millicent_Min,_Girl_Genius","Millicent Min, Girl Genius",318
http://dbpedia.org/resource/That_Summer_(Drury_novel),That Summer (Drury novel),283
http://dbpedia.org/resource/Sky_Island,Sky Island,266
http://dbpedia.org/resource/An_Anthropologist_on_Mars,An Anthropologist on Mars,247
http://dbpedia.org/resource/The_Message_to_the_Planet,The Message to the Planet,539
http://dbpedia.org/resource/Past_Perfect_(novel),Past Perfect (novel),299
http://dbpedia.org/resource/Measle_and_the_Wrathmonk,Measle and the Wrathmonk,192
http://dbpedia.org/resource/December_Park,December Park,460
http://dbpedia.org/resource/Contes_et_nouvelles_en_vers,Contes et nouvelles en vers,101
http://dbpedia.org/resource/Callahan's_Lady,Callahan's Lady,180
http://dbpedia.org/resource/Allan's_Wife_and_Other_Tales,Allan's Wife and Other Tales,248
http://dbpedia.org/resource/Jasper_Johns_(book),Jasper Johns (book),217
http://dbpedia.org/resource/Pundits_from_Pakistan,Pundits from Pakistan,408
http://dbpedia.org/resource/Starters_with_Mocktales,Starters with Mocktales,189
http://dbpedia.org/resource/The_Dark_Wind,The Dark Wind,202
http://dbpedia.org/resource/The_Lost_Dog,The Lost Dog,348
http://dbpedia.org/resource/Shooting_Star_(Temple_novel),Shooting Star (Temple novel),263
"http://dbpedia.org/resource/Quasar,_Quasar,_Burning_Bright","Quasar, Quasar, Burning Bright",196
http://dbpedia.org/resource/Teachings_of_the_Prophet_Joseph_Smith_(book),Teachings of the Prophet Joseph Smith (book),498
http://dbpedia.org/resource/Rogue_(novel),Rogue (novel),293
http://dbpedia.org/resource/Beautiful_Creatures_(novel),Beautiful Creatures (novel),556
http://dbpedia.org/resource/Blitzkrieg:_From_the_Rise_of_Hitler_to_the_Fall_of_Dunkirk,Blitzkrieg: From the Rise of Hitler to the Fall of Dunkirk,381
http://dbpedia.org/resource/The_Fire_Engine_That_Disappeared,The Fire Engine That Disappeared,269
http://dbpedia.org/resource/A_Stitch_in_Time_(novel),A Stitch in Time (novel),328
http://dbpedia.org/resource/Age_of_Iron,Age of Iron,243
http://dbpedia.org/resource/Oberon_Old_and_New,Oberon Old and New,92
http://dbpedia.org/resource/Gog_(novel),Gog (novel),359
http://dbpedia.org/resource/The_Valley_of_Bones,The Valley of Bones,284
http://dbpedia.org/resource/Child_of_a_Dream,Child of a Dream,512
http://dbpedia.org/resource/The_Party_of_Death,The Party of Death,317
http://dbpedia.org/resource/Fabiola_(novel),Fabiola (novel),615
http://dbpedia.org/resource/Babbitt_(novel),Babbitt (novel),456
http://dbpedia.org/resource/Kiss_(novel),Kiss (novel),324
http://dbpedia.org/resource/Hawk_of_May,Hawk of May,258
http://dbpedia.org/resource/Shaman's_Crossing,Shaman's Crossing,424
http://dbpedia.org/resource/Limitations_(novel),Limitations (novel),178
http://dbpedia.org/resource/Looking_East_to_Look_West,Looking East to Look West,368
http://dbpedia.org/resource/Cuando_quiero_llorar_no_lloro,Cuando quiero llorar no lloro,204
http://dbpedia.org/resource/Live_and_Let_Die_(novel),Live and Let Die (novel),260
http://dbpedia.org/resource/The_Carved_Lions,The Carved Lions,144
http://dbpedia.org/resource/Loner_(novel),Loner (novel),212
http://dbpedia.org/resource/The_Tree_of_Seasons,The Tree of Seasons,311
http://dbpedia.org/resource/Failed_States:_The_Abuse_of_Power_and_the_Assault_on_Democracy,Failed States: The Abuse of Power and the Assault on Democracy,332
http://dbpedia.org/resource/World_War_Z,World War Z,312
http://dbpedia.org/resource/Julie's_Wolf_Pack,Julie's Wolf Pack,207
http://dbpedia.org/resource/The_Tain_(novella),The Tain (novella),93
http://dbpedia.org/resource/Wolfskin,Wolfskin,553
http://dbpedia.org/resource/Our_Dumb_Century,Our Dumb Century,202
http://dbpedia.org/resource/Shadow_World_(novel),Shadow World (novel),374
http://dbpedia.org/resource/The_Rainbow,The Rainbow,431
http://dbpedia.org/resource/Palace_of_the_Red_Sun,Palace of the Red Sun,299
http://dbpedia.org/resource/A_High_Wind_in_Jamaica_(novel),A High Wind in Jamaica (novel),284
http://dbpedia.org/resource/Berlin:_The_Downfall_1945,Berlin: The Downfall 1945,476
http://dbpedia.org/resource/Polio:_An_American_Story,Polio: An American Story,327
http://dbpedia.org/resource/The_Forbidden_Garden_(novel),The Forbidden Garden (novel),315
http://dbpedia.org/resource/A_Redwall_Winter's_Tale,A Redwall Winter's Tale,55
http://dbpedia.org/resource/Existentialism_and_Humanism,Existentialism and Humanism,81
http://dbpedia.org/resource/Hardboiled_&_Hard_Luck,Hardboiled & Hard Luck,151
http://dbpedia.org/resource/Of_Grammatology,Of Grammatology,318
http://dbpedia.org/resource/An_Asian_Minor,An Asian Minor,149
http://dbpedia.org/resource/The_Republic_of_Thieves,The Republic of Thieves,542
http://dbpedia.org/resource/The_Cometeers,The Cometeers,245
http://dbpedia.org/resource/Atomic_Chili,Atomic Chili,310
http://dbpedia.org/resource/Light_a_Penny_Candle,Light a Penny Candle,707
http://dbpedia.org/resource/Snakehead_(novel),Snakehead (novel),387
http://dbpedia.org/resource/The_Shadow_Lines,The Shadow Lines,280
http://dbpedia.org/resource/Narrow_Boat_(book),Narrow Boat (book),206
http://dbpedia.org/resource/The_Harper_Hall_Trilogy,The Harper Hall Trilogy,516
http://dbpedia.org/resource/Flashman_and_the_Dragon,Flashman and the Dragon,435
http://dbpedia.org/resource/Moribito_II:_Guardian_of_Darkness,Moribito II: Guardian of Darkness,252
http://dbpedia.org/resource/No_Logo,No Logo,477
http://dbpedia.org/resource/The_Sunday_Philosophy_Club,The Sunday Philosophy Club,284
http://dbpedia.org/resource/NOS4A2,NOS4A2,657
http://dbpedia.org/resource/Kidnapped_(novel),Kidnapped (novel),127
http://dbpedia.org/resource/Conqueror_(Baxter_novel),Conqueror (Baxter novel),348
http://dbpedia.org/resource/Good-Bye_to_All_That,Good-Bye to All That,376
http://dbpedia.org/resource/A_Briefer_History_of_Time_(Hawking_and_Mlodinow_book),A Briefer History of Time (Hawking and Mlodinow book),174
http://dbpedia.org/resource/Beware_the_Stranger,Beware the Stranger,180
http://dbpedia.org/resource/The_Betrothed_(Manzoni_novel),The Betrothed (Manzoni novel),772
http://dbpedia.org/resource/45_(book),45 (book),323
http://dbpedia.org/resource/Kai_Lung_Beneath_the_Mulberry_Tree,Kai Lung Beneath the Mulberry Tree,380
"http://dbpedia.org/resource/Danny_Dunn,_Invisible_Boy","Danny Dunn, Invisible Boy",140
http://dbpedia.org/resource/Tapasa_vai_Ganga,Tapasa vai Ganga,151
"http://dbpedia.org/resource/Mission:_Earth,_Voyage_to_the_Home_Planet","Mission: Earth, Voyage to the Home Planet",41
http://dbpedia.org/resource/Lost_Paradise_(novel),Lost Paradise (novel),141
http://dbpedia.org/resource/Asuravithu_(novel),Asuravithu (novel),295
http://dbpedia.org/resource/Snow_White_(1967_novel),Snow White (1967 novel),191
http://dbpedia.org/resource/Briar_Rose_(novel),Briar Rose (novel),215
http://dbpedia.org/resource/Counterknowledge,Counterknowledge,167
http://dbpedia.org/resource/Citizen_Cyborg,Citizen Cyborg,331
http://dbpedia.org/resource/Gone_with_the_Wind_(novel),Gone with the Wind (novel),1042
http://dbpedia.org/resource/The_Boy_Who_Taught_the_Beekeeper_to_Read,The Boy Who Taught the Beekeeper to Read,277
http://dbpedia.org/resource/The_Dalek_Generation,The Dalek Generation,272
http://dbpedia.org/resource/Introduction_to_Kant's_Anthropology,Introduction to Kant's Anthropology,122
http://dbpedia.org/resource/Dark_Tide:_Onslaught,Dark Tide: Onslaught,279
http://dbpedia.org/resource/Hidden_Warrior,Hidden Warrior,474
http://dbpedia.org/resource/The_Fabric_of_the_Cosmos,The Fabric of the Cosmos,572
http://dbpedia.org/resource/The_Hidden_Child,The Hidden Child,359
http://dbpedia.org/resource/San_Andreas_(novel),San Andreas (novel),263
http://dbpedia.org/resource/The_Deportees_and_Other_Stories,The Deportees and Other Stories,240
http://dbpedia.org/resource/Bringing_Down_the_House_(book),Bringing Down the House (book),277
http://dbpedia.org/resource/My_Name_Is_Caroline,My Name Is Caroline,291
http://dbpedia.org/resource/The_Melancholy_Death_of_Oyster_Boy_&_Other_Stories,The Melancholy Death of Oyster Boy & Other Stories,116
http://dbpedia.org/resource/Franny_and_Zooey,Franny and Zooey,168
http://dbpedia.org/resource/Last_Orders,Last Orders,246
http://dbpedia.org/resource/Anti-intellectualism_in_American_Life,Anti-intellectualism in American Life,393
http://dbpedia.org/resource/King_Ink_II,King Ink II,202
"http://dbpedia.org/resource/1,000_Recordings_to_Hear_Before_You_Die","1,000 Recordings to Hear Before You Die",897
http://dbpedia.org/resource/Radical_(book),Radical (book),263
http://dbpedia.org/resource/Freddy_the_Magician,Freddy the Magician,286
http://dbpedia.org/resource/Dragon's_Teeth_(novel),Dragon's Teeth (novel),574
http://dbpedia.org/resource/The_Cup_(book),The Cup (book),227
http://dbpedia.org/resource/The_New_Canada,The New Canada,367
http://dbpedia.org/resource/Stone_Mattress,Stone Mattress,312
http://dbpedia.org/resource/The_Test_of_My_Life,The Test of My Life,205
http://dbpedia.org/resource/Draconomicon,Draconomicon,235
http://dbpedia.org/resource/The_Yipping_Tiger,The Yipping Tiger,270
http://dbpedia.org/resource/Children's_Songbook,Children's Songbook,344
http://dbpedia.org/resource/The_Mammoth_Book_of_Mindblowing_SF,The Mammoth Book of Mindblowing SF,517
http://dbpedia.org/resource/Back_Home_(novel),Back Home (novel),362
http://dbpedia.org/resource/My_Cat_Likes_to_Hide_in_Boxes,My Cat Likes to Hide in Boxes,29
http://dbpedia.org/resource/White_Dawns,White Dawns,28
http://dbpedia.org/resource/The_Deadstone_Memorial,The Deadstone Memorial,256
http://dbpedia.org/resource/Sperm_Wars,Sperm Wars,402
"http://dbpedia.org/resource/Ladies_and_Gentlemen,_the_Bronx_Is_Burning","Ladies and Gentlemen, the Bronx Is Burning",375
http://dbpedia.org/resource/The_Job_of_Sex,The Job of Sex,138
http://dbpedia.org/resource/World's_Best_Science_Fiction:_1965,World's Best Science Fiction: 1965,254
http://dbpedia.org/resource/The_Book_of_est,The Book of est,329
http://dbpedia.org/resource/The_Peace_War,The Peace War,234
http://dbpedia.org/resource/Matriarch_(novel),Matriarch (novel),461
http://dbpedia.org/resource/Cheryl:_My_Story,Cheryl: My Story,291
http://dbpedia.org/resource/Mandra_(novel),Mandra (novel),534
http://dbpedia.org/resource/Elidor,Elidor,175
http://dbpedia.org/resource/Mexico_Unconquered,Mexico Unconquered,282
http://dbpedia.org/resource/Reservoir_Pups,Reservoir Pups,337
http://dbpedia.org/resource/Mad_Shadows_(novel),Mad Shadows (novel),180
http://dbpedia.org/resource/October_Sky_(novel),October Sky (novel),409
http://dbpedia.org/resource/Now_Wait_for_Last_Year,Now Wait for Last Year,205
http://dbpedia.org/resource/Warlock_(Hall_novel),Warlock (Hall novel),489
http://dbpedia.org/resource/Why_We_Disagree_About_Climate_Change,Why We Disagree About Climate Change,490
http://dbpedia.org/resource/%22D%22_Is_for_Deadbeat,"""D"" Is for Deadbeat",223
http://dbpedia.org/resource/Hatchet_(novel),Hatchet (novel),183
http://dbpedia.org/resource/The_Very_Bad_Book,The Very Bad Book,189
http://dbpedia.org/resource/The_Philosopher's_Pupil,The Philosopher's Pupil,557
http://dbpedia.org/resource/Dark_Universe_(novel),Dark Universe (novel),167
http://dbpedia.org/resource/The_Behavior_of_Organisms,The Behavior of Organisms,444
"http://dbpedia.org/resource/Broke:_The_Plan_to_Restore_Our_Trust,_Truth,_and_Treasure","Broke: The Plan to Restore Our Trust, Truth, and Treasure",374
http://dbpedia.org/resource/Post_Captain_(novel),Post Captain (novel),410
http://dbpedia.org/resource/Landscape_for_a_Good_Woman,Landscape for a Good Woman,153
http://dbpedia.org/resource/The_Tesseract_(novel),The Tesseract (novel),226
http://dbpedia.org/resource/Outbreak_(novel),Outbreak (novel),315
http://dbpedia.org/resource/Netochka_Nezvanova_(novel),Netochka Nezvanova (novel),173
http://dbpedia.org/resource/The_Closed_Circle_(novel),The Closed Circle (novel),424
http://dbpedia.org/resource/Herland_(novel),Herland (novel),137
http://dbpedia.org/resource/Postsingular,Postsingular,331
"http://dbpedia.org/resource/Danny_Dunn,_Time_Traveler","Danny Dunn, Time Traveler",159
http://dbpedia.org/resource/U.S.A._(trilogy),U.S.A. (trilogy),1348
http://dbpedia.org/resource/The_Doorbell_Rang,The Doorbell Rang,163
http://dbpedia.org/resource/Blockade_Billy,Blockade Billy,95
http://dbpedia.org/resource/Cheaper_by_the_Dozen,Cheaper by the Dozen,215
http://dbpedia.org/resource/Why_Freud_Was_Wrong,Why Freud Was Wrong,684
http://dbpedia.org/resource/The_8-Week_Cholesterol_Cure,The 8-Week Cholesterol Cure,515
http://dbpedia.org/resource/Never_Send_Flowers,Never Send Flowers,241
http://dbpedia.org/resource/The_Path_of_Daggers,The Path of Daggers,662
http://dbpedia.org/resource/Ghost_Rider:_Travels_on_the_Healing_Road,Ghost Rider: Travels on the Healing Road,340
http://dbpedia.org/resource/Jews_Against_Zionism,Jews Against Zionism,270
http://dbpedia.org/resource/The_Good_Girl_Revolution,The Good Girl Revolution,287
http://dbpedia.org/resource/The_Last_of_the_Jedi:_A_Tangled_Web,The Last of the Jedi: A Tangled Web,134
http://dbpedia.org/resource/The_Salmon_Fly,The Salmon Fly,615
http://dbpedia.org/resource/The_Winter_Knights,The Winter Knights,298
http://dbpedia.org/resource/Sex_Tips_from_Rock_Stars,Sex Tips from Rock Stars,307
"http://dbpedia.org/resource/God,_No!","God, No!",296
http://dbpedia.org/resource/Sengsara_Membawa_Nikmat,Sengsara Membawa Nikmat,184
http://dbpedia.org/resource/The_Year's_Best_Science_Fiction:_Thirteenth_Annual_Collection,The Year's Best Science Fiction: Thirteenth Annual Collection,520
http://dbpedia.org/resource/The_Colossus_of_Rhodes_(novel),The Colossus of Rhodes (novel),205
http://dbpedia.org/resource/Eve's_Seed,Eve's Seed,378
http://dbpedia.org/resource/A_Manhã_do_Mundo,A Manhã do Mundo,174
http://dbpedia.org/resource/Leap_into_Darkness,Leap into Darkness,298
http://dbpedia.org/resource/The_Deceivers:_Allied_Military_Deception_in_the_Second_World_War,The Deceivers: Allied Military Deception in the Second World War,911
http://dbpedia.org/resource/Wrong_Things,Wrong Things,116
http://dbpedia.org/resource/The_Last_Sin_Eater,The Last Sin Eater,353
http://dbpedia.org/resource/The_Careful_Use_of_Compliments,The Careful Use of Compliments,250
http://dbpedia.org/resource/The_Honor_of_the_Queen,The Honor of the Queen,427
http://dbpedia.org/resource/Arrhythmia_(novel),Arrhythmia (novel),327
http://dbpedia.org/resource/Letters_from_the_Editors_of_National_Lampoon,Letters from the Editors of National Lampoon,196
http://dbpedia.org/resource/The_Mismeasure_of_Man,The Mismeasure of Man,364
http://dbpedia.org/resource/Gandhi_as_a_Political_Strategist,Gandhi as a Political Strategist,295
http://dbpedia.org/resource/The_Mucker,The Mucker,399
http://dbpedia.org/resource/Hush_(novel),Hush (novel),382
http://dbpedia.org/resource/Kit's_Wilderness,Kit's Wilderness,250
http://dbpedia.org/resource/Tough_Trip_Through_Paradise,Tough Trip Through Paradise,461
http://dbpedia.org/resource/Moonwalking_with_Einstein,Moonwalking with Einstein,305
http://dbpedia.org/resource/The_Islanders_(Christopher_Priest_novel),The Islanders (Christopher Priest novel),308
http://dbpedia.org/resource/In_the_Eye_of_the_Sun:_Mexican_Fiestas,In the Eye of the Sun: Mexican Fiestas,85
http://dbpedia.org/resource/We_Were_Here_(novel),We Were Here (novel),306
http://dbpedia.org/resource/Juggling_(novel),Juggling (novel),371
http://dbpedia.org/resource/Issola,Issola,230
http://dbpedia.org/resource/Halloween_ABC,Halloween ABC,32
http://dbpedia.org/resource/The_Third_Eye_(book),The Third Eye (book),252
http://dbpedia.org/resource/Letters_to_Ottla,Letters to Ottla,145
http://dbpedia.org/resource/I_Wish_Someone_Were_Waiting_for_Me_Somewhere,I Wish Someone Were Waiting for Me Somewhere,250
http://dbpedia.org/resource/Innocence_(Mendelsohn_novel),Innocence (Mendelsohn novel),235
http://dbpedia.org/resource/A_Year_of_Prophesying,A Year of Prophesying,320
http://dbpedia.org/resource/Obernewtyn_(novel),Obernewtyn (novel),232
http://dbpedia.org/resource/Symbols_of_Power,Symbols of Power,378
http://dbpedia.org/resource/Renewable_Electricity_and_the_Grid,Renewable Electricity and the Grid,209
http://dbpedia.org/resource/Occupy_(book),Occupy (book),125
http://dbpedia.org/resource/Red_Scarf_Girl,Red Scarf Girl,319
http://dbpedia.org/resource/Babar's_Museum_of_Art,Babar's Museum of Art,55
http://dbpedia.org/resource/Turpentine_Jake,Turpentine Jake,113
http://dbpedia.org/resource/The_Darkness_That_Comes_Before,The Darkness That Comes Before,577
http://dbpedia.org/resource/The_Tenth_City,The Tenth City,203
http://dbpedia.org/resource/Love_and_Other_Impossible_Pursuits,Love and Other Impossible Pursuits,318
http://dbpedia.org/resource/Echoes_in_the_Darkness,Echoes in the Darkness,346
http://dbpedia.org/resource/Tenth_Grade_Bleeds,Tenth Grade Bleeds,283
http://dbpedia.org/resource/Secrets_at_Sea,Secrets at Sea,280
http://dbpedia.org/resource/Dominant_Species_(novel),Dominant Species (novel),281
http://dbpedia.org/resource/The_Life_I_Lead_(novel),The Life I Lead (novel),309
http://dbpedia.org/resource/Seeing_Voices,Seeing Voices,187
http://dbpedia.org/resource/Homosexuality:_A_Philosophical_Inquiry,Homosexuality: A Philosophical Inquiry,395
http://dbpedia.org/resource/Deep_and_Dark_and_Dangerous,Deep and Dark and Dangerous,215
http://dbpedia.org/resource/The_Memoirs_of_Sherlock_Holmes,The Memoirs of Sherlock Holmes,274
http://dbpedia.org/resource/Love_Never_Faileth,Love Never Faileth,308
http://dbpedia.org/resource/Luck_or_Grace:_The_Intersect,Luck or Grace: The Intersect,118
http://dbpedia.org/resource/London_Calling_(Sheridan_novel),London Calling (Sheridan novel),224
http://dbpedia.org/resource/The_Outpost_(Resnick_novel),The Outpost (Resnick novel),427
http://dbpedia.org/resource/Shadows_over_Innsmouth,Shadows over Innsmouth,369
http://dbpedia.org/resource/Star_Guard,Star Guard,0
http://dbpedia.org/resource/The_Return_(short_story_collection),The Return (short story collection),223
http://dbpedia.org/resource/Treasure_of_Khan,Treasure of Khan,542
http://dbpedia.org/resource/Taxi_(book),Taxi (book),164
http://dbpedia.org/resource/King_Kelson's_Bride,King Kelson's Bride,392
http://dbpedia.org/resource/The_Songs_of_Distant_Earth,The Songs of Distant Earth,302
http://dbpedia.org/resource/The_Crystal_Horde,The Crystal Horde,213
http://dbpedia.org/resource/Aspects_of_the_Novel,Aspects of the Novel,207
http://dbpedia.org/resource/The_Kingdom_(novel),The Kingdom (novel),492
http://dbpedia.org/resource/Not_in_Our_Genes,Not in Our Genes,315
http://dbpedia.org/resource/Who_Rules_America%3F,Who Rules America?,283
http://dbpedia.org/resource/Never_Tease_a_Siamese,Never Tease a Siamese,333
http://dbpedia.org/resource/The_Case_for_an_Independent_Socialist_Scotland,The Case for an Independent Socialist Scotland,43
http://dbpedia.org/resource/The_Fight_(book),The Fight (book),203
http://dbpedia.org/resource/El_Señor_Presidente,El Señor Presidente,299
http://dbpedia.org/resource/The_Ghost_King,The Ghost King,325
"http://dbpedia.org/resource/Pipe_Dreams:_Greed,_Ego,_and_the_Death_of_Enron","Pipe Dreams: Greed, Ego, and the Death of Enron",493
http://dbpedia.org/resource/Microserfs,Microserfs,457
http://dbpedia.org/resource/Encyclopedia_of_Australian_Rock_and_Pop,Encyclopedia of Australian Rock and Pop,727
http://dbpedia.org/resource/Time_and_Chance:_an_Autobiography,Time and Chance: an Autobiography,496
http://dbpedia.org/resource/Sharpe's_Skirmish,Sharpe's Skirmish,62
http://dbpedia.org/resource/A_History_of_Philosophy_(Copleston),A History of Philosophy (Copleston),4641
http://dbpedia.org/resource/The_Dreamers_(novel_series),The Dreamers (novel series),553
http://dbpedia.org/resource/I_Drink_for_a_Reason,I Drink for a Reason,282
http://dbpedia.org/resource/Black_Swan_Green,Black Swan Green,294
http://dbpedia.org/resource/The_Coffee_Trader,The Coffee Trader,385
http://dbpedia.org/resource/The_Sadeian_Woman_and_the_Ideology_of_Pornography,The Sadeian Woman and the Ideology of Pornography,126
http://dbpedia.org/resource/Royal_Assassin,Royal Assassin,615
http://dbpedia.org/resource/The_Best_Science_Fiction_of_the_Year_4,The Best Science Fiction of the Year 4,295
"http://dbpedia.org/resource/Life,_the_Universe_and_Everything","Life, the Universe and Everything",137
http://dbpedia.org/resource/The_Sea_(novel),The Sea (novel),202
"http://dbpedia.org/resource/More_Guns,_Less_Crime","More Guns, Less Crime",456
http://dbpedia.org/resource/Krishnamurti_to_Himself,Krishnamurti to Himself,106
http://dbpedia.org/resource/Shine_(novel),Shine (novel),402
http://dbpedia.org/resource/The_Year's_Best_Science_Fiction:_Nineteenth_Annual_Collection,The Year's Best Science Fiction: Nineteenth Annual Collection,743
http://dbpedia.org/resource/Generation_of_Swine,Generation of Swine,330
http://dbpedia.org/resource/Into_the_Storm_(Anderson_novel),Into the Storm (Anderson novel),417
http://dbpedia.org/resource/The_Woman_Warrior,The Woman Warrior,169
http://dbpedia.org/resource/The_Laws_of_Our_Fathers,The Laws of Our Fathers,732
http://dbpedia.org/resource/Dzur_(Steven_Brust_novel),Dzur (Steven Brust novel),329
http://dbpedia.org/resource/The_Life_of_John_Maynard_Keynes,The Life of John Maynard Keynes,709
http://dbpedia.org/resource/London_Bridge:_Guignol's_Band_II,London Bridge: Guignol's Band II,333
http://dbpedia.org/resource/Eye_to_Eye_(novel),Eye to Eye (novel),160
http://dbpedia.org/resource/Behind_the_Crimson_Blind,Behind the Crimson Blind,249
http://dbpedia.org/resource/Kacper_Ryx,Kacper Ryx,390
http://dbpedia.org/resource/The_Autobiography_of_a_Flea,The Autobiography of a Flea,260
http://dbpedia.org/resource/Kiki_Strike,Kiki Strike,390
http://dbpedia.org/resource/The_Architecture_of_Fear,The Architecture of Fear,261
http://dbpedia.org/resource/Foundations_of_Christianity,Foundations of Christianity,334
http://dbpedia.org/resource/Leviathan_Wakes,Leviathan Wakes,525
http://dbpedia.org/resource/Farside_Cannon,Farside Cannon,426
http://dbpedia.org/resource/World's_Best_Science_Fiction:_1968,World's Best Science Fiction: 1968,323
http://dbpedia.org/resource/The_First_Three_Minutes,The First Three Minutes,217
http://dbpedia.org/resource/Cabal_(Dibdin_novel),Cabal (Dibdin novel),273
http://dbpedia.org/resource/Les_Chemins_de_Katmandou,Les Chemins de Katmandou,341
http://dbpedia.org/resource/The_Early_Fears,The Early Fears,479
http://dbpedia.org/resource/Freddy_and_the_Dragon,Freddy and the Dragon,220
http://dbpedia.org/resource/One_Amazing_Thing,One Amazing Thing,236
http://dbpedia.org/resource/Epic_Level_Handbook,Epic Level Handbook,288
http://dbpedia.org/resource/Death_in_Summer,Death in Summer,243
http://dbpedia.org/resource/The_Harsh_Cry_of_the_Heron,The Harsh Cry of the Heron,598
http://dbpedia.org/resource/The_Causal_Angel,The Causal Angel,247
http://dbpedia.org/resource/Frozen_in_Time_(novel),Frozen in Time (novel),363
http://dbpedia.org/resource/The_Seekers_(book),The Seekers (book),312
http://dbpedia.org/resource/Miramar_(novel),Miramar (novel),193
http://dbpedia.org/resource/Breaking_Stalin's_Nose,Breaking Stalin's Nose,143
http://dbpedia.org/resource/I_Am_Wings,I Am Wings,43
http://dbpedia.org/resource/Where_the_Heart_Is_(novel),Where the Heart Is (novel),412
http://dbpedia.org/resource/The_Birthday_of_the_World,The Birthday of the World,333
http://dbpedia.org/resource/The_Second_Life_of_Samuel_Tyne,The Second Life of Samuel Tyne,317
http://dbpedia.org/resource/Flashman_and_the_Angel_of_the_Lord,Flashman and the Angel of the Lord,467
http://dbpedia.org/resource/The_Official_Razzie_Movie_Guide,The Official Razzie Movie Guide,382
http://dbpedia.org/resource/A_World_to_Win_(Sinclair_novel),A World to Win (Sinclair novel),709
http://dbpedia.org/resource/Dragonseye,Dragonseye,355
http://dbpedia.org/resource/Amazing_Grace_(novel),Amazing Grace (novel),299
http://dbpedia.org/resource/The_Warrior_Prophet,The Warrior Prophet,783
http://dbpedia.org/resource/The_Edible_Woman,The Edible Woman,249
http://dbpedia.org/resource/How_Green_Was_My_Valley,How Green Was My Valley,573
http://dbpedia.org/resource/DoubleShot,DoubleShot,367
http://dbpedia.org/resource/The_Third_World_War_(novel),The Third World War (novel),473
http://dbpedia.org/resource/The_Year's_Best_Science_Fiction:_Twenty-Seventh_Annual_Collection,The Year's Best Science Fiction: Twenty-Seventh Annual Collection,820
http://dbpedia.org/resource/Marching_Men,Marching Men,325
http://dbpedia.org/resource/Chronicles_of_Avonlea,Chronicles of Avonlea,265
http://dbpedia.org/resource/The_New_Jim_Crow,The New Jim Crow,365
http://dbpedia.org/resource/On_Acting,On Acting,437
http://dbpedia.org/resource/The_Runaway_Bunny,The Runaway Bunny,44
http://dbpedia.org/resource/The_Legacy_(novel),The Legacy (novel),267
http://dbpedia.org/resource/Fourth_Mansions,Fourth Mansions,227
http://dbpedia.org/resource/Free_Love_and_Other_Stories,Free Love and Other Stories,146
http://dbpedia.org/resource/Sky_Pirates_of_Callisto,Sky Pirates of Callisto,204
http://dbpedia.org/resource/Shadow_Forest,Shadow Forest,412
http://dbpedia.org/resource/The_Persistent_Image,The Persistent Image,286
http://dbpedia.org/resource/And_Then_There_Was_No_One,And Then There Was No One,219
http://dbpedia.org/resource/Three_Day_Road,Three Day Road,365
http://dbpedia.org/resource/Commonwealth_Saga,Commonwealth Saga,1157
http://dbpedia.org/resource/Skin_Folk,Skin Folk,262
http://dbpedia.org/resource/Flight_of_the_Nighthawks,Flight of the Nighthawks,379
http://dbpedia.org/resource/Sag_Harbor_(novel),Sag Harbor (novel),269
http://dbpedia.org/resource/O_Strange_New_World,O Strange New World,409
http://dbpedia.org/resource/The_Swimming_Pool_Library,The Swimming Pool Library,382
http://dbpedia.org/resource/Boot_Camp_(novel),Boot Camp (novel),254
http://dbpedia.org/resource/The_Heathen's_Guide_to_World_Religions,The Heathen's Guide to World Religions,193
http://dbpedia.org/resource/Sea_Change_(Parker_novel),Sea Change (Parker novel),303
http://dbpedia.org/resource/The_Brothers_Lionheart,The Brothers Lionheart,218
http://dbpedia.org/resource/The_Day_Must_Dawn,The Day Must Dawn,538
http://dbpedia.org/resource/The_Hidden_(novel),The Hidden (novel),133
http://dbpedia.org/resource/Thriller_(book),Thriller (book),578
http://dbpedia.org/resource/Deep_Navigation,Deep Navigation,337
http://dbpedia.org/resource/The_Green_Berets_(book),The Green Berets (book),284
http://dbpedia.org/resource/Putt's_Law_and_the_Successful_Technocrat,Putt's Law and the Successful Technocrat,208
http://dbpedia.org/resource/The_Little_Endless_Storybook,The Little Endless Storybook,58
http://dbpedia.org/resource/Slovenska_smer,Slovenska smer,228
http://dbpedia.org/resource/With_Child,With Child,223
http://dbpedia.org/resource/New_York_(Morand_book),New York (Morand book),307
http://dbpedia.org/resource/The_Sisters_Brothers,The Sisters Brothers,312
http://dbpedia.org/resource/Jurassic_Park_(novel),Jurassic Park (novel),453
http://dbpedia.org/resource/Sharpe's_Escape,Sharpe's Escape,385
http://dbpedia.org/resource/Love_and_War_in_the_Apennines,Love and War in the Apennines,234
http://dbpedia.org/resource/High_Cotton:_Selected_Stories_of_Joe_R._Lansdale,High Cotton: Selected Stories of Joe R. Lansdale,257
http://dbpedia.org/resource/Songs_of_Love_and_Death_(anthology),Songs of Love and Death (anthology),410
http://dbpedia.org/resource/A_Capitalism_for_the_People,A Capitalism for the People,373
http://dbpedia.org/resource/The_Easter_Parade,The Easter Parade,213
http://dbpedia.org/resource/Eclipse_(Banville_novel),Eclipse (Banville novel),186
http://dbpedia.org/resource/The_Mirage_(Ruff_novel),The Mirage (Ruff novel),418
http://dbpedia.org/resource/Maha_Razawin,Maha Razawin,1731
http://dbpedia.org/resource/The_Mask_of_Loki,The Mask of Loki,339
http://dbpedia.org/resource/Forbidden_Archeology,Forbidden Archeology,945
http://dbpedia.org/resource/Chicka_Chicka_Boom_Boom,Chicka Chicka Boom Boom,38
http://dbpedia.org/resource/Undersea_Trilogy,Undersea Trilogy,554
http://dbpedia.org/resource/Fed_Up!_(book),Fed Up! (book),269
http://dbpedia.org/resource/Vida_(novel),Vida (novel),418
http://dbpedia.org/resource/The_Dead-Tossed_Waves,The Dead-Tossed Waves,347
http://dbpedia.org/resource/The_Zap_Gun,The Zap Gun,205
http://dbpedia.org/resource/On_the_Trail_of_the_Golden_Owl,On the Trail of the Golden Owl,24
http://dbpedia.org/resource/Web_of_Dreams,Web of Dreams,413
http://dbpedia.org/resource/The_Soul_of_Baseball,The Soul of Baseball,289
http://dbpedia.org/resource/The_Pact_(2002_book),The Pact (2002 book),307
http://dbpedia.org/resource/Young_Adam,Young Adam,186
http://dbpedia.org/resource/Mathews'_Chinese-English_Dictionary,Mathews' Chinese-English Dictionary,1203
"http://dbpedia.org/resource/Cry,_the_Beloved_Country","Cry, the Beloved Country",261
http://dbpedia.org/resource/The_Hours_(novel),The Hours (novel),244
http://dbpedia.org/resource/The_Sentimentalists_(novel),The Sentimentalists (novel),168
http://dbpedia.org/resource/A_Clan_in_Need,A Clan in Need,108
http://dbpedia.org/resource/Hard_Landing_(novel),Hard Landing (novel),405
http://dbpedia.org/resource/Hideaway_(novel),Hideaway (novel),350
http://dbpedia.org/resource/Invisible_Monsters,Invisible Monsters,285
http://dbpedia.org/resource/Cryptonomicon,Cryptonomicon,777
http://dbpedia.org/resource/The_American_Religion,The American Religion,254
http://dbpedia.org/resource/The_Lolly-Madonna_War,The Lolly-Madonna War,192
http://dbpedia.org/resource/My_Take,My Take,272
http://dbpedia.org/resource/The_Death_Cure,The Death Cure,300
http://dbpedia.org/resource/The_Year's_Best_Science_Fiction:_Twenty-Fourth_Annual_Collection,The Year's Best Science Fiction: Twenty-Fourth Annual Collection,629
http://dbpedia.org/resource/Sprout_(novel),Sprout (novel),271
http://dbpedia.org/resource/Silent_Honor,Silent Honor,414
http://dbpedia.org/resource/Shadow_Wave,Shadow Wave,383
http://dbpedia.org/resource/American_Fantastic_Tales,American Fantastic Tales,750
http://dbpedia.org/resource/The_Piratica_Series,The Piratica Series,360
http://dbpedia.org/resource/The_Grapes_of_Wrath,The Grapes of Wrath,453
http://dbpedia.org/resource/Flambards_in_Summer,Flambards in Summer,194
http://dbpedia.org/resource/Chronicle_of_Malaysia,Chronicle of Malaysia,438
http://dbpedia.org/resource/Larger_than_Life_(novel),Larger than Life (novel),149
http://dbpedia.org/resource/Den_of_Thieves_(novel),Den of Thieves (novel),511
http://dbpedia.org/resource/Dhammapada_(Easwaran_translation),Dhammapada (Easwaran translation),234
http://dbpedia.org/resource/Work_Diva,Work Diva,203
http://dbpedia.org/resource/Thomas_Ince:_Hollywood's_Independent_Pioneer,Thomas Ince: Hollywood's Independent Pioneer,335
http://dbpedia.org/resource/In_Enemy_Hands_(novel),In Enemy Hands (novel),484
http://dbpedia.org/resource/Six_lectures_about_loneliness,Six lectures about loneliness,290
http://dbpedia.org/resource/A_Clockwork_Orange_(novel),A Clockwork Orange (novel),177
http://dbpedia.org/resource/Keepers_of_the_Flame:_Understanding_Amnesty_International,Keepers of the Flame: Understanding Amnesty International,248
http://dbpedia.org/resource/J._R._R._Tolkien:_Artist_and_Illustrator,J. R. R. Tolkien: Artist and Illustrator,201
http://dbpedia.org/resource/Thirteen_Reasons_Why,Thirteen Reasons Why,289
http://dbpedia.org/resource/Moe_Howard_and_the_Three_Stooges,Moe Howard and the Three Stooges,215
http://dbpedia.org/resource/The_Secret_House_of_Death,The Secret House of Death,159
http://dbpedia.org/resource/The_Graveyard_Book,The Graveyard Book,247
http://dbpedia.org/resource/Where_They_Were_Missed,Where They Were Missed,220
http://dbpedia.org/resource/Yaprak_Dökümü,Yaprak Dökümü,115
http://dbpedia.org/resource/Syren_(novel),Syren (novel),597
http://dbpedia.org/resource/The_Shiva_Option,The Shiva Option,744
http://dbpedia.org/resource/Boy_Meets_Girl_(novel),Boy Meets Girl (novel),451
http://dbpedia.org/resource/Death_in_Five_Boxes,Death in Five Boxes,278
http://dbpedia.org/resource/Lando_Calrissian_and_the_Mindharp_of_Sharu,Lando Calrissian and the Mindharp of Sharu,165
http://dbpedia.org/resource/The_Sound_of_Thunder,The Sound of Thunder,414
http://dbpedia.org/resource/City_Boy:_The_Adventures_of_Herbie_Bookbinder,City Boy: The Adventures of Herbie Bookbinder,274
http://dbpedia.org/resource/Multiculturalism_Without_Culture,Multiculturalism Without Culture,224
http://dbpedia.org/resource/This_Is_Craig_Brown,This Is Craig Brown,405
http://dbpedia.org/resource/The_Year's_Best_Science_Fiction:_Seventeenth_Annual_Collection,The Year's Best Science Fiction: Seventeenth Annual Collection,788
http://dbpedia.org/resource/Indiana_(novel),Indiana (novel),352
http://dbpedia.org/resource/Adultery_(novel),Adultery (novel),268
http://dbpedia.org/resource/The_Men_Who_Stare_at_Goats,The Men Who Stare at Goats,217
http://dbpedia.org/resource/Woman's_World_(novel),Woman's World (novel),443
http://dbpedia.org/resource/Ingrid_Caven_(novel),Ingrid Caven (novel),204
http://dbpedia.org/resource/Shakespeare_and_the_Goddess_of_Complete_Being,Shakespeare and the Goddess of Complete Being,565
http://dbpedia.org/resource/Modelland,Modelland,640
http://dbpedia.org/resource/Invaders_from_the_Infinite,Invaders from the Infinite,177
http://dbpedia.org/resource/Grave_Secrets,Grave Secrets,478
http://dbpedia.org/resource/Kaboom_(book),Kaboom (book),281
http://dbpedia.org/resource/The_Deemster,The Deemster,324
http://dbpedia.org/resource/Sarah_(LeRoy_novel),Sarah (LeRoy novel),180
http://dbpedia.org/resource/Guy_Mannering,Guy Mannering,2
http://dbpedia.org/resource/The_Naama_War,The Naama War,326
http://dbpedia.org/resource/Moonfleet,Moonfleet,304
http://dbpedia.org/resource/The_Skeleton_in_the_Clock,The Skeleton in the Clock,260
http://dbpedia.org/resource/Welcome_to_the_Jungle_(comics),Welcome to the Jungle (comics),155
http://dbpedia.org/resource/Kate_Remembered,Kate Remembered,331
http://dbpedia.org/resource/The_Goblin_Wood,The Goblin Wood,259
http://dbpedia.org/resource/The_Varieties_of_the_Meditative_Experience,The Varieties of the Meditative Experience,224
http://dbpedia.org/resource/Vacation_(novel),Vacation (novel),166
http://dbpedia.org/resource/Les_Enfants_Terribles,Les Enfants Terribles,192
http://dbpedia.org/resource/Journey_to_the_River_Sea,Journey to the River Sea,281
http://dbpedia.org/resource/The_Truth_About_Poop,The Truth About Poop,43
http://dbpedia.org/resource/Dave_Barry's_History_of_the_Millennium_(So_Far),Dave Barry's History of the Millennium (So Far),184
http://dbpedia.org/resource/Return_to_Killybegs,Return to Killybegs,301
http://dbpedia.org/resource/Hunted_(Gardner_novel),Hunted (Gardner novel),434
http://dbpedia.org/resource/Samurai_Widow,Samurai Widow,398
http://dbpedia.org/resource/Capitol_(short_story_collection),Capitol (short story collection),278
http://dbpedia.org/resource/The_Glory,The Glory,722
http://dbpedia.org/resource/Wintering_Out,Wintering Out,78
http://dbpedia.org/resource/The_Golden_Cage_(book),The Golden Cage (book),250
http://dbpedia.org/resource/Orange_Crush_(novel),Orange Crush (novel),279
http://dbpedia.org/resource/The_Philosophical_Corps,The Philosophical Corps,154
http://dbpedia.org/resource/The_Three_Stigmata_of_Palmer_Eldritch,The Three Stigmata of Palmer Eldritch,291
http://dbpedia.org/resource/Dead_Man's_Handle,Dead Man's Handle,228
http://dbpedia.org/resource/The_Anatomy_of_Dependence,The Anatomy of Dependence,145
http://dbpedia.org/resource/Aunt_Jane's_Nieces_on_Vacation,Aunt Jane's Nieces on Vacation,312
http://dbpedia.org/resource/Lies_of_Silence,Lies of Silence,223
http://dbpedia.org/resource/William's_Doll,William's Doll,31
http://dbpedia.org/resource/Fablehaven:_Keys_to_the_Demon_Prison,Fablehaven: Keys to the Demon Prison,552
http://dbpedia.org/resource/The_Character_of_Physical_Law,The Character of Physical Law,175
http://dbpedia.org/resource/Blubber_(novel),Blubber (novel),156
http://dbpedia.org/resource/The_Wide_Window,The Wide Window,202
http://dbpedia.org/resource/Captain_Nemo:_The_Fantastic_History_of_a_Dark_Genius,Captain Nemo: The Fantastic History of a Dark Genius,388
http://dbpedia.org/resource/The_Shape_of_Sola_Scriptura,The Shape of Sola Scriptura,326
http://dbpedia.org/resource/Dark_of_the_Moon:_Poems_of_Fantasy_and_the_Macabre,Dark of the Moon: Poems of Fantasy and the Macabre,470
http://dbpedia.org/resource/Moose:_Chapters_from_My_Life,Moose: Chapters from My Life,443
http://dbpedia.org/resource/Oru_Sankeerthanam_Pole,Oru Sankeerthanam Pole,202
http://dbpedia.org/resource/Face_of_Courage,Face of Courage,205
http://dbpedia.org/resource/Why_Truth_Matters,Why Truth Matters,228
http://dbpedia.org/resource/Freud_Evaluated,Freud Evaluated,666
http://dbpedia.org/resource/The_Wellstone,The Wellstone,306
http://dbpedia.org/resource/A_Mind_Is_a_Terrible_Thing_to_Read,A Mind Is a Terrible Thing to Read,267
http://dbpedia.org/resource/Animal_Farm,Animal Farm,124
http://dbpedia.org/resource/The_Spanish_Helmet,The Spanish Helmet,352
http://dbpedia.org/resource/Catch_the_Beat,Catch the Beat,433
http://dbpedia.org/resource/Nightshades:_Thirteen_Journeys_Into_Shadow,Nightshades: Thirteen Journeys Into Shadow,263
http://dbpedia.org/resource/The_Cruel_Sea_(novel),The Cruel Sea (novel),586
http://dbpedia.org/resource/Culture_Warrior,Culture Warrior,225
http://dbpedia.org/resource/Next_(novel),Next (novel),540
http://dbpedia.org/resource/The_Basketball_Diaries,The Basketball Diaries,217
http://dbpedia.org/resource/Alphabet_(poetry_collection),Alphabet (poetry collection),82
http://dbpedia.org/resource/Conan_the_Usurper,Conan the Usurper,284
http://dbpedia.org/resource/Robert's_Rules_of_Order,Robert's Rules of Order,767
http://dbpedia.org/resource/Trend_Following:_Learn_to_Make_Millions_in_Up_or_Down_Markets,Trend Following: Learn to Make Millions in Up or Down Markets,492
http://dbpedia.org/resource/The_Crystal_Cave,The Crystal Cave,394
http://dbpedia.org/resource/There's_a_Bat_in_Bunk_Five,There's a Bat in Bunk Five,163
http://dbpedia.org/resource/A_Message_to_Garcia,A Message to Garcia,39
http://dbpedia.org/resource/Non_Serviam_(poetry_collection),Non Serviam (poetry collection),118
http://dbpedia.org/resource/A_Case_of_Exploding_Mangoes,A Case of Exploding Mangoes,284
http://dbpedia.org/resource/The_Terrible_Privacy_of_Maxwell_Sim,The Terrible Privacy of Maxwell Sim,325
http://dbpedia.org/resource/Sandkings_(novelette),Sandkings (novelette),226
http://dbpedia.org/resource/In_Praise_of_the_Stepmother,In Praise of the Stepmother,202
http://dbpedia.org/resource/A_God_Against_the_Gods,A God Against the Gods,256
http://dbpedia.org/resource/The_Holy_Temple,The Holy Temple,284
http://dbpedia.org/resource/Enchanted_Glass,Enchanted Glass,338
http://dbpedia.org/resource/How_to_Be_Cool,How to Be Cool,189
http://dbpedia.org/resource/The_Brass_Verdict,The Brass Verdict,471
http://dbpedia.org/resource/Les_Géants_(novel),Les Géants (novel),306
http://dbpedia.org/resource/Theory_of_International_Politics,Theory of International Politics,264
http://dbpedia.org/resource/Deadman's_Road,Deadman's Road,284
http://dbpedia.org/resource/Where_Men_Win_Glory,Where Men Win Glory,403
http://dbpedia.org/resource/Piter_(novel),Piter (novel),704
http://dbpedia.org/resource/Colony_(Rob_Grant_novel),Colony (Rob Grant novel),328
http://dbpedia.org/resource/The_Pnume,The Pnume,122
http://dbpedia.org/resource/Walking_Wounded_(short_story_collection),Walking Wounded (short story collection),193
http://dbpedia.org/resource/Killing_Pablo,Killing Pablo,302
"http://dbpedia.org/resource/The_Mexican_Dream,_or,_The_Interrupted_Thought_of_Amerindian_Civilizations","The Mexican Dream, or, The Interrupted Thought of Amerindian Civilizations",270
"http://dbpedia.org/resource/Hubris:_The_Inside_Story_of_Spin,_Scandal,_and_the_Selling_of_the_Iraq_War","Hubris: The Inside Story of Spin, Scandal, and the Selling of the Iraq War",415
http://dbpedia.org/resource/The_War_of_the_Saints,The War of the Saints,339
http://dbpedia.org/resource/Curse_of_the_Mistwraith,Curse of the Mistwraith,711
http://dbpedia.org/resource/World_of_Wonder_(anthology),World of Wonder (anthology),411
http://dbpedia.org/resource/Agatha_Christie:_An_Autobiography,Agatha Christie: An Autobiography,554
http://dbpedia.org/resource/Blackwater:_The_Rise_of_the_World's_Most_Powerful_Mercenary_Army,Blackwater: The Rise of the World's Most Powerful Mercenary Army,464
http://dbpedia.org/resource/One_L,One L,353
http://dbpedia.org/resource/The_1987_Annual_World's_Best_SF,The 1987 Annual World's Best SF,260
http://dbpedia.org/resource/Gathering_Blue,Gathering Blue,183
http://dbpedia.org/resource/If_There_Be_Thorns,If There Be Thorns,358
http://dbpedia.org/resource/Francis_Itty_Cora,Francis Itty Cora,303
http://dbpedia.org/resource/The_Twelve_Tribes_of_Hattie,The Twelve Tribes of Hattie,253
http://dbpedia.org/resource/Brother_in_the_Land,Brother in the Land,149
http://dbpedia.org/resource/The_Rising_(LaHaye_novel),The Rising (LaHaye novel),418
http://dbpedia.org/resource/A_Critique_of_Pure_Tolerance,A Critique of Pure Tolerance,126
http://dbpedia.org/resource/The_Erl-King_(novel),The Erl-King (novel),324
http://dbpedia.org/resource/Spycatcher,Spycatcher,409
http://dbpedia.org/resource/The_Seven_Minutes,The Seven Minutes,755
http://dbpedia.org/resource/The_Rings_of_Saturn,The Rings of Saturn,348
http://dbpedia.org/resource/Christie_Malry's_Own_Double-Entry,Christie Malry's Own Double-Entry,194
http://dbpedia.org/resource/A_World_Transformed,A World Transformed,598
http://dbpedia.org/resource/In_the_Belly_of_the_Bloodhound,In the Belly of the Bloodhound,475
http://dbpedia.org/resource/The_Wilderness_(novel),The Wilderness (novel),212035
http://dbpedia.org/resource/The_Modern_School_Movement,The Modern School Movement,526
http://dbpedia.org/resource/How_Sex_Works,How Sex Works,277
http://dbpedia.org/resource/The_Emperor's_Tomb,The Emperor's Tomb,222
http://dbpedia.org/resource/The_Battle_of_Jericho_(novel),The Battle of Jericho (novel),324
http://dbpedia.org/resource/Nõiduse_õpilane,Nõiduse õpilane,287
http://dbpedia.org/resource/Eight_Days_of_Luke,Eight Days of Luke,154
http://dbpedia.org/resource/The_God_Who_Is_There,The God Who Is There,219
http://dbpedia.org/resource/Weird_Shadows_Over_Innsmouth,Weird Shadows Over Innsmouth,280
http://dbpedia.org/resource/Ten_Little_Aliens,Ten Little Aliens,273
http://dbpedia.org/resource/Lanark:_A_Life_in_Four_Books,Lanark: A Life in Four Books,537
"http://dbpedia.org/resource/One_Across,_Two_Down","One Across, Two Down",157
http://dbpedia.org/resource/Blood_Red_Road,Blood Red Road,594
http://dbpedia.org/resource/Castle_Rackrent,Castle Rackrent,88
http://dbpedia.org/resource/Rule_34_(novel),Rule 34 (novel),371
http://dbpedia.org/resource/The_Heart_of_a_Warrior,The Heart of a Warrior,104
http://dbpedia.org/resource/The_Modern_World_(novel),The Modern World (novel),316
http://dbpedia.org/resource/The_Americans_(novel),The Americans (novel),790
http://dbpedia.org/resource/Frog_and_Toad_Are_Friends,Frog and Toad Are Friends,72
http://dbpedia.org/resource/Triple_Feature,Triple Feature,22
http://dbpedia.org/resource/Frostbite_(Wellington_novel),Frostbite (Wellington novel),307
http://dbpedia.org/resource/Starring_Sally_J._Freedman_as_Herself,Starring Sally J. Freedman as Herself,302
http://dbpedia.org/resource/Back_Roads_(novel),Back Roads (novel),294
http://dbpedia.org/resource/Sure_of_You,Sure of You,214
http://dbpedia.org/resource/Ironweed_(novel),Ironweed (novel),188
http://dbpedia.org/resource/The_Mobile_Wave,The Mobile Wave,284
http://dbpedia.org/resource/Divergent_(novel),Divergent (novel),425
http://dbpedia.org/resource/Reborn_(novel),Reborn (novel),300
http://dbpedia.org/resource/The_Book_of_Ebenezer_Le_Page,The Book of Ebenezer Le Page,515
http://dbpedia.org/resource/Time_and_Stars,Time and Stars,280
http://dbpedia.org/resource/Hitlerland,Hitlerland,407
http://dbpedia.org/resource/What_Happened_to_Burger's_Daughter_or_How_South_African_Censorship_Works,What Happened to Burger's Daughter or How South African Censorship Works,70
http://dbpedia.org/resource/The_Long_Mars,The Long Mars,296
http://dbpedia.org/resource/The_Sky_Is_Falling_(Pearson_novel),The Sky Is Falling (Pearson novel),242
http://dbpedia.org/resource/Les_Dames_à_la_licorne,Les Dames à la licorne,337
http://dbpedia.org/resource/The_Night_People_(novel),The Night People (novel),30
http://dbpedia.org/resource/How_It_Ends:_From_You_to_the_Universe,How It Ends: From You to the Universe,385
http://dbpedia.org/resource/Gilgamesh_the_King,Gilgamesh the King,321
http://dbpedia.org/resource/The_Story_of_a_Great_Schoolmaster,The Story of a Great Schoolmaster,154
http://dbpedia.org/resource/Incredible_Bodies,Incredible Bodies,346
http://dbpedia.org/resource/Violence_and_the_Sacred,Violence and the Sacred,316
http://dbpedia.org/resource/The_Enemy_Stars,The Enemy Stars,162
http://dbpedia.org/resource/The_Farm_(Smith_novel),The Farm (Smith novel),323
http://dbpedia.org/resource/Bloodchild_and_Other_Stories,Bloodchild and Other Stories,139
http://dbpedia.org/resource/Endgame_(Derrick_Jensen_books),Endgame (Derrick Jensen books),1041
http://dbpedia.org/resource/Fablehaven:_Rise_of_the_Evening_Star,Fablehaven: Rise of the Evening Star,372
http://dbpedia.org/resource/Leo_Africanus_(novel),Leo Africanus (novel),349
http://dbpedia.org/resource/Toms_River_(book),Toms River (book),647
http://dbpedia.org/resource/Vespers_Rising,Vespers Rising,293
http://dbpedia.org/resource/Soldier_of_the_Mist,Soldier of the Mist,320
http://dbpedia.org/resource/The_Pilgrim_of_Hate,The Pilgrim of Hate,233
http://dbpedia.org/resource/Crusade_in_Jeans,Crusade in Jeans,259
http://dbpedia.org/resource/Monster_(Kellerman_novel),Monster (Kellerman novel),388
http://dbpedia.org/resource/A_Treatise_of_Human_Nature,A Treatise of Human Nature,368
http://dbpedia.org/resource/Diaspora_(novel),Diaspora (novel),350
http://dbpedia.org/resource/Monkey_Bridge,Monkey Bridge,267
http://dbpedia.org/resource/Conan_the_Invincible,Conan the Invincible,316
http://dbpedia.org/resource/Ordinary_Heroes_(novel),Ordinary Heroes (novel),497
http://dbpedia.org/resource/The_3rd_Alternative,The 3rd Alternative,457
http://dbpedia.org/resource/Skimrande_vårar,Skimrande vårar,160
http://dbpedia.org/resource/A_Concise_Treatise_on_the_Art_of_Angling,A Concise Treatise on the Art of Angling,208
http://dbpedia.org/resource/Nothing_to_Envy,Nothing to Envy,400
http://dbpedia.org/resource/The_Imaginary_(Sartre),The Imaginary (Sartre),207
http://dbpedia.org/resource/The_Fifth_Woman,The Fifth Woman,382
http://dbpedia.org/resource/Hollywood_Causes_Cancer,Hollywood Causes Cancer,232
http://dbpedia.org/resource/The_Man_Who_Laughs,The Man Who Laughs,317
http://dbpedia.org/resource/The_Rookie_(novel),The Rookie (novel),453
http://dbpedia.org/resource/Xenesis,Xenesis,376
http://dbpedia.org/resource/Babylon_5:_Legions_of_Fire_–_The_Long_Night_of_Centauri_Prime,Babylon 5: Legions of Fire – The Long Night of Centauri Prime,315
http://dbpedia.org/resource/Maigret_and_the_Dosser,Maigret and the Dosser,174
http://dbpedia.org/resource/Puritan_Village:_The_Formation_of_a_New_England_Town,Puritan Village: The Formation of a New England Town,186
http://dbpedia.org/resource/The_Body_Electric_(book),The Body Electric (book),333
http://dbpedia.org/resource/The_Quiet_Gentleman,The Quiet Gentleman,263
http://dbpedia.org/resource/The_Naked_Society,The Naked Society,402
http://dbpedia.org/resource/The_Book_of_Pleasure,The Book of Pleasure,69
http://dbpedia.org/resource/Katy_(novel),Katy (novel),559
http://dbpedia.org/resource/The_Blade_of_Conan,The Blade of Conan,325
http://dbpedia.org/resource/Night_Shift_(short_story_collection),Night Shift (short story collection),331
http://dbpedia.org/resource/Tangerine_(novel),Tangerine (novel),306
http://dbpedia.org/resource/In_Praise_of_Shadows,In Praise of Shadows,62
http://dbpedia.org/resource/Hauptmann's_Ladder,Hauptmann's Ladder,435
"http://dbpedia.org/resource/Skin:_Talking_About_Sex,_Class_&_Literature","Skin: Talking About Sex, Class & Literature",211
"http://dbpedia.org/resource/These_Are_The_Voyages:_TOS,_Season_Two","These Are The Voyages: TOS, Season Two",653
http://dbpedia.org/resource/The_Art_of_the_Sale,The Art of the Sale,252
http://dbpedia.org/resource/The_Hoopster,The Hoopster,201
http://dbpedia.org/resource/Cry_of_the_Justice_Bird,Cry of the Justice Bird,377
http://dbpedia.org/resource/James_Bond_and_Moonraker,James Bond and Moonraker,237
http://dbpedia.org/resource/On_the_Run_(novel),On the Run (novel),191
http://dbpedia.org/resource/A_String_in_the_Harp,A String in the Harp,375
http://dbpedia.org/resource/Rushing_to_Paradise,Rushing to Paradise,224
http://dbpedia.org/resource/Who_Fears_Death,Who Fears Death,281
http://dbpedia.org/resource/Ruins_&_Relics,Ruins & Relics,178
http://dbpedia.org/resource/The_Other_Log_of_Phileas_Fogg,The Other Log of Phileas Fogg,348
http://dbpedia.org/resource/The_Andromeda_Strain,The Andromeda Strain,387
http://dbpedia.org/resource/Space_Opera_(novel),Space Opera (novel),147
http://dbpedia.org/resource/Easy_Money_(novel),Easy Money (novel),446
http://dbpedia.org/resource/The_Last_Battle,The Last Battle,171
http://dbpedia.org/resource/Hiroshima_(book),Hiroshima (book),197
http://dbpedia.org/resource/La_Toya:_Growing_Up_in_the_Jackson_Family,La Toya: Growing Up in the Jackson Family,252
http://dbpedia.org/resource/Skulduggery_Pleasant:_Kingdom_of_the_Wicked,Skulduggery Pleasant: Kingdom of the Wicked,483
http://dbpedia.org/resource/A_Murder_on_the_Appian_Way,A Murder on the Appian Way,332
http://dbpedia.org/resource/Daja's_Book,Daja's Book,222
http://dbpedia.org/resource/Puttering_About_in_a_Small_Land,Puttering About in a Small Land,261
http://dbpedia.org/resource/The_AWK_Programming_Language,The AWK Programming Language,245
http://dbpedia.org/resource/Angel_Fire_East,Angel Fire East,301
http://dbpedia.org/resource/The_Bridge_of_Light,The Bridge of Light,224
http://dbpedia.org/resource/The_Tower_on_the_Rift,The Tower on the Rift,671
http://dbpedia.org/resource/Fine_Things,Fine Things,419
http://dbpedia.org/resource/A_Useless_Death,A Useless Death,1
http://dbpedia.org/resource/Theodore_Boone:_The_Activist,Theodore Boone: The Activist,259
http://dbpedia.org/resource/With_Every_Mistake,With Every Mistake,333
http://dbpedia.org/resource/Stormwrack,Stormwrack,250
http://dbpedia.org/resource/The_War_for_Late_Night,The War for Late Night,317
http://dbpedia.org/resource/The_Fall-Down_Artist,The Fall-Down Artist,305
http://dbpedia.org/resource/London_Consequences,London Consequences,170
http://dbpedia.org/resource/Golf_in_the_Kingdom,Golf in the Kingdom,231
"http://dbpedia.org/resource/One,_Two,_Buckle_My_Shoe_(novel)","One, Two, Buckle My Shoe (novel)",242
http://dbpedia.org/resource/Maximum_City,Maximum City,691
http://dbpedia.org/resource/Deadline_(Crutcher_novel),Deadline (Crutcher novel),328
http://dbpedia.org/resource/Ruins_of_Adventure,Ruins of Adventure,96
http://dbpedia.org/resource/The_Cases_That_Haunt_Us,The Cases That Haunt Us,439
http://dbpedia.org/resource/Reef_(novel),Reef (novel),157
http://dbpedia.org/resource/Pontoon:_A_Novel_of_Lake_Wobegon,Pontoon: A Novel of Lake Wobegon,202
http://dbpedia.org/resource/Bleeding_Shadows,Bleeding Shadows,422
http://dbpedia.org/resource/The_White_Boy_Shuffle,The White Boy Shuffle,243
http://dbpedia.org/resource/A_Flag_on_the_Island,A Flag on the Island,214
http://dbpedia.org/resource/The_Book_of_the_War,The Book of the War,224
http://dbpedia.org/resource/Century_Rain,Century Rain,607
http://dbpedia.org/resource/A_Little_Princess,A Little Princess,353
http://dbpedia.org/resource/Messiah_(Vidal_novel),Messiah (Vidal novel),213
http://dbpedia.org/resource/Imagining_Numbers,Imagining Numbers,294
http://dbpedia.org/resource/Traitor's_Knot,Traitor's Knot,649
http://dbpedia.org/resource/Heart_of_Gold_(novel),Heart of Gold (novel),339
http://dbpedia.org/resource/The_Evolution_of_Human_Sexuality,The Evolution of Human Sexuality,381
http://dbpedia.org/resource/Noman_(novel),Noman (novel),362
http://dbpedia.org/resource/Them_(novel),Them (novel),549
http://dbpedia.org/resource/A_History_of_Warfare,A History of Warfare,420
http://dbpedia.org/resource/A_Thread_of_Scarlet,A Thread of Scarlet,218
http://dbpedia.org/resource/In_the_Valley_of_the_Kings,In the Valley of the Kings,285
http://dbpedia.org/resource/Travelers_of_Space,Travelers of Space,337
http://dbpedia.org/resource/Metropolitan_(novel),Metropolitan (novel),374
http://dbpedia.org/resource/Rollo_in_Emblemland,Rollo in Emblemland,142
http://dbpedia.org/resource/The_Virtu,The Virtu,413
http://dbpedia.org/resource/Ha!_Ha!_Houdini!,Ha! Ha! Houdini!,6
http://dbpedia.org/resource/Little_T_Learns_to_Share,Little T Learns to Share,25
http://dbpedia.org/resource/American_Exorcist:_Critical_Essays_on_William_Peter_Blatty,American Exorcist: Critical Essays on William Peter Blatty,180
http://dbpedia.org/resource/Handling_the_Undead,Handling the Undead,390
http://dbpedia.org/resource/Thank_You_for_This_Moment,Thank You for This Moment,343
http://dbpedia.org/resource/Space_Opera_(1974_anthology),Space Opera (1974 anthology),340
http://dbpedia.org/resource/The_Race_Beat,The Race Beat,543
http://dbpedia.org/resource/Banglapedia,Banglapedia,12
http://dbpedia.org/resource/Skinny_Dip_(novel),Skinny Dip (novel),316
http://dbpedia.org/resource/Last_of_the_Amazons,Last of the Amazons,432
http://dbpedia.org/resource/I_Am_Not_a_Serial_Killer,I Am Not a Serial Killer,281
http://dbpedia.org/resource/Saint_Peter's_Fair,Saint Peter's Fair,231
http://dbpedia.org/resource/Envy:_A_Luxe_Novel,Envy: A Luxe Novel,357
http://dbpedia.org/resource/Sidney_Psalms,Sidney Psalms,131
http://dbpedia.org/resource/One_of_Cleopatra's_Nights_and_Other_Fantastic_Romances,One of Cleopatra's Nights and Other Fantastic Romances,335
http://dbpedia.org/resource/The_End_of_History_and_the_Last_Man,The End of History and the Last Man,443
http://dbpedia.org/resource/Excalibur_(novel),Excalibur (novel),232
http://dbpedia.org/resource/The_Changing_of_the_Guard_(novel),The Changing of the Guard (novel),136
http://dbpedia.org/resource/In_Bluebeard's_Castle,In Bluebeard's Castle,173
http://dbpedia.org/resource/Bear_(novel),Bear (novel),145
http://dbpedia.org/resource/Catholics_(novel),Catholics (novel),108
http://dbpedia.org/resource/1001_Vrouwen_uit_de_Nederlandse_geschiedenis,1001 Vrouwen uit de Nederlandse geschiedenis,1788
http://dbpedia.org/resource/Old_Ghosts_of_New_England,Old Ghosts of New England,183
http://dbpedia.org/resource/Do_Hard_Things,Do Hard Things,198
http://dbpedia.org/resource/So_Much_to_Tell_You,So Much to Tell You,140
http://dbpedia.org/resource/The_Hard_Life,The Hard Life,162
http://dbpedia.org/resource/The_Gates_of_Aulis,The Gates of Aulis,671
"http://dbpedia.org/resource/Sarah,_Plain_and_Tall","Sarah, Plain and Tall",69
http://dbpedia.org/resource/The_Road_(Jack_London),The Road (Jack London),187
http://dbpedia.org/resource/Redemption_(Angel_novel),Redemption (Angel novel),343
http://dbpedia.org/resource/Through_a_Dark_Mist,Through a Dark Mist,488
http://dbpedia.org/resource/Bloodstained_Oz,Bloodstained Oz,110
http://dbpedia.org/resource/Madeline_and_the_Bad_Hat,Madeline and the Bad Hat,61
http://dbpedia.org/resource/The_Diamond_Smugglers,The Diamond Smugglers,123
http://dbpedia.org/resource/The_Oligarchs,The Oligarchs,630
http://dbpedia.org/resource/The_Undercover_Economist,The Undercover Economist,257
http://dbpedia.org/resource/Omon_Ra,Omon Ra,276
http://dbpedia.org/resource/The_Killing_Dance,The Killing Dance,353
http://dbpedia.org/resource/Second_Chance_(Steel_novel),Second Chance (Steel novel),287
http://dbpedia.org/resource/Win_Shares,Win Shares,701
http://dbpedia.org/resource/Yes_(novel),Yes (novel),139
http://dbpedia.org/resource/That_Summer_(Dessen_novel),That Summer (Dessen novel),153
http://dbpedia.org/resource/Repairing_Rainbows,Repairing Rainbows,253
http://dbpedia.org/resource/Do_Androids_Dream_of_Electric_Sheep%3F,Do Androids Dream of Electric Sheep?,235
http://dbpedia.org/resource/The_Measure_of_Civilization,The Measure of Civilization,407
http://dbpedia.org/resource/Rhode_Island_on_Lovecraft,Rhode Island on Lovecraft,18
http://dbpedia.org/resource/The_Lie_(novel),The Lie (novel),145
http://dbpedia.org/resource/Diwan_on_the_Prince_of_Emgion,Diwan on the Prince of Emgion,96
http://dbpedia.org/resource/Timeless_(Carriger_novel),Timeless (Carriger novel),434
http://dbpedia.org/resource/Fandemonium_(book),Fandemonium (book),327
http://dbpedia.org/resource/Gateways_(novel),Gateways (novel),350
http://dbpedia.org/resource/One_Day_in_My_Life,One Day in My Life,114
http://dbpedia.org/resource/Exodus_(Uris_novel),Exodus (Uris novel),647
http://dbpedia.org/resource/Lady_Oracle,Lady Oracle,393
http://dbpedia.org/resource/Diamonds_Are_Forever_(novel),Diamonds Are Forever (novel),213
http://dbpedia.org/resource/Ways_of_Seeing,Ways of Seeing,153
http://dbpedia.org/resource/Grand_Conspiracy,Grand Conspiracy,666
http://dbpedia.org/resource/Wilderness_Boy,Wilderness Boy,212
http://dbpedia.org/resource/The_Farseekers,The Farseekers,339
http://dbpedia.org/resource/Sholay:_The_Making_of_a_Classic,Sholay: The Making of a Classic,162
http://dbpedia.org/resource/Soonchild,Soonchild,126
http://dbpedia.org/resource/Where_Are_You_Dying_Tonight%3F,Where Are You Dying Tonight?,362
http://dbpedia.org/resource/The_John_Varley_Reader,The John Varley Reader,532
http://dbpedia.org/resource/Star_Light,Star Light,338
http://dbpedia.org/resource/Domnei:_A_Comedy_of_Woman-Worship,Domnei: A Comedy of Woman-Worship,234
http://dbpedia.org/resource/Nightmares_and_Geezenstacks,Nightmares and Geezenstacks,118
http://dbpedia.org/resource/The_Armourer's_House,The Armourer's House,216
http://dbpedia.org/resource/Ships_of_Merior,Ships of Merior,1000
http://dbpedia.org/resource/On_Being_a_Pagan,On Being a Pagan,244
http://dbpedia.org/resource/We_All_Fall_Down_(Walters_novel),We All Fall Down (Walters novel),182
http://dbpedia.org/resource/Best_of_the_Best:_20_Years_of_the_Year's_Best_Science_Fiction,Best of the Best: 20 Years of the Year's Best Science Fiction,663
http://dbpedia.org/resource/Core_Python_Programming,Core Python Programming,999
http://dbpedia.org/resource/Unforgettable_(novel),Unforgettable (novel),247
http://dbpedia.org/resource/Joe_Cinque's_Consolation,Joe Cinque's Consolation,322
http://dbpedia.org/resource/Across_the_Universe_(Star_Trek),Across the Universe (Star Trek),245
http://dbpedia.org/resource/The_Complete_Thief's_Handbook,The Complete Thief's Handbook,146
http://dbpedia.org/resource/Dred:_A_Tale_of_the_Great_Dismal_Swamp,Dred: A Tale of the Great Dismal Swamp,327
http://dbpedia.org/resource/Illusions_(Bach_novel),Illusions (Bach novel),161
http://dbpedia.org/resource/Jacklight,Jacklight,70
http://dbpedia.org/resource/Sleep_No_More_(anthology),Sleep No More (anthology),328
http://dbpedia.org/resource/Dubliners,Dubliners,186
http://dbpedia.org/resource/Summer_Knight,Summer Knight,394
http://dbpedia.org/resource/Rocket_Jockey_(novel),Rocket Jockey (novel),202
http://dbpedia.org/resource/The_Wild_Girls,The Wild Girls,307
http://dbpedia.org/resource/And_the_Mountains_Echoed,And the Mountains Echoed,476
http://dbpedia.org/resource/Winterheim,Winterheim,334
http://dbpedia.org/resource/The_Autocracy_of_Mr._Parham,The Autocracy of Mr. Parham,282
http://dbpedia.org/resource/%22G%22_Is_for_Gumshoe,"""G"" Is for Gumshoe",244
http://dbpedia.org/resource/Dereliction_of_Duty_(1997_book),Dereliction of Duty (1997 book),369
http://dbpedia.org/resource/Conan_and_the_Manhunters,Conan and the Manhunters,233
http://dbpedia.org/resource/Portrait_in_Death,Portrait in Death,414
http://dbpedia.org/resource/The_Wolf-Sisters,The Wolf-Sisters,259
http://dbpedia.org/resource/Who_Goes_There%3F_(collection),Who Goes There? (collection),255
http://dbpedia.org/resource/Empire_(Saylor_novel),Empire (Saylor novel),518
http://dbpedia.org/resource/Tales_of_the_Dead,Tales of the Dead,250
http://dbpedia.org/resource/Just_for_Fun,Just for Fun,332
http://dbpedia.org/resource/The_March_(novel),The March (novel),312
http://dbpedia.org/resource/Vi_är_inte_ensamma,Vi är inte ensamma,226
http://dbpedia.org/resource/Darwin's_Angel,Darwin's Angel,126
http://dbpedia.org/resource/Amped_(novel),Amped (novel),296
http://dbpedia.org/resource/Among_the_Barons,Among the Barons,178
http://dbpedia.org/resource/Lila_(Robinson_novel),Lila (Robinson novel),266
http://dbpedia.org/resource/Wonderland_(novella),Wonderland (novella),123
http://dbpedia.org/resource/The_Oregon_Desert,The Oregon Desert,362
http://dbpedia.org/resource/The_Complex:_How_the_Military_Invades_Our_Everyday_Lives,The Complex: How the Military Invades Our Everyday Lives,336
http://dbpedia.org/resource/Roald_Dahl:_Collected_Stories,Roald Dahl: Collected Stories,908
http://dbpedia.org/resource/Endgame:_The_Blueprint_for_Victory_in_the_War_on_Terror,Endgame: The Blueprint for Victory in the War on Terror,248
http://dbpedia.org/resource/Shadow_Fires,Shadow Fires,422
http://dbpedia.org/resource/The_CIA_and_the_Cult_of_Intelligence,The CIA and the Cult of Intelligence,419
http://dbpedia.org/resource/The_Brief_Wondrous_Life_of_Oscar_Wao,The Brief Wondrous Life of Oscar Wao,285
http://dbpedia.org/resource/Elect_Mr._Robinson_for_a_Better_World,Elect Mr. Robinson for a Better World,206
http://dbpedia.org/resource/Visitors_(Buffy_novel),Visitors (Buffy novel),210
http://dbpedia.org/resource/Another_Roadside_Attraction,Another Roadside Attraction,495
http://dbpedia.org/resource/The_Cat's_Table,The Cat's Table,332
http://dbpedia.org/resource/The_English_Assassin_(Silva_novel),The English Assassin (Silva novel),385
http://dbpedia.org/resource/The_Silver_Sword,The Silver Sword,211
http://dbpedia.org/resource/Galaxy_of_Fear:_Clones,Galaxy of Fear: Clones,118
http://dbpedia.org/resource/The_Path_to_Power_(Margaret_Thatcher),The Path to Power (Margaret Thatcher),760
http://dbpedia.org/resource/The_Book_Of_Strange_New_Things,The Book Of Strange New Things,512
http://dbpedia.org/resource/Fragile_Things,Fragile Things,399
http://dbpedia.org/resource/The_Lean_Startup,The Lean Startup,353
http://dbpedia.org/resource/A_Soldier's_Daughter_Never_Cries_(novel),A Soldier's Daughter Never Cries (novel),167
http://dbpedia.org/resource/Blood_Secret,Blood Secret,270
http://dbpedia.org/resource/Bihu_Songs_of_Assam,Bihu Songs of Assam,227
http://dbpedia.org/resource/The_1978_Annual_World's_Best_SF,The 1978 Annual World's Best SF,242
http://dbpedia.org/resource/Deadfalls_and_Snares,Deadfalls and Snares,241
http://dbpedia.org/resource/Time_and_the_River,Time and the River,237
http://dbpedia.org/resource/Sir_Percy_Leads_the_Band,Sir Percy Leads the Band,279
http://dbpedia.org/resource/Tim_Thompson_in_the_Jungle,Tim Thompson in the Jungle,243
"http://dbpedia.org/resource/A_History_of_the_Civil_War,_1861–1865","A History of the Civil War, 1861–1865",526
http://dbpedia.org/resource/Children_of_Paranoia,Children of Paranoia,443
http://dbpedia.org/resource/Posing_as_People,Posing as People,185
http://dbpedia.org/resource/Voices_(Indriðason_novel),Voices (Indriðason novel),327
http://dbpedia.org/resource/Black_Magic_(book),Black Magic (book),348
http://dbpedia.org/resource/The_Gown_of_Glory,The Gown of Glory,412
http://dbpedia.org/resource/The_Gallifrey_Chronicles_(Doctor_Who_novel),The Gallifrey Chronicles (Doctor Who novel),278
http://dbpedia.org/resource/The_Best_Australian_Poetry_2007,The Best Australian Poetry 2007,140
http://dbpedia.org/resource/A_Journey_in_Other_Worlds,A Journey in Other Worlds,410
http://dbpedia.org/resource/Maria_Light,Maria Light,200
http://dbpedia.org/resource/Hunted_(Cast_novel),Hunted (Cast novel),500
http://dbpedia.org/resource/The_Rat_(novel),The Rat (novel),525
http://dbpedia.org/resource/The_White_Giraffe,The White Giraffe,198
http://dbpedia.org/resource/Starship_Through_Space,Starship Through Space,218
http://dbpedia.org/resource/Field_Work_(poetry_collection),Field Work (poetry collection),66
http://dbpedia.org/resource/Avakasikal,Avakasikal,3983
"http://dbpedia.org/resource/I,_Robot","I, Robot",258
http://dbpedia.org/resource/Common_Nonsense,Common Nonsense,300
http://dbpedia.org/resource/Only_the_Super-Rich_Can_Save_Us!,Only the Super-Rich Can Save Us!,942
http://dbpedia.org/resource/Against_the_Odds_(novel),Against the Odds (novel),483
http://dbpedia.org/resource/Joker_in_the_Pack_(novel),Joker in the Pack (novel),173
http://dbpedia.org/resource/Humble_Before_the_Void,Humble Before the Void,239
http://dbpedia.org/resource/Class_A_(novel),Class A (novel),301
http://dbpedia.org/resource/Graven_Images_(book),Graven Images (book),69
http://dbpedia.org/resource/Half_a_Team,Half a Team,95
http://dbpedia.org/resource/Letter_to_My_Daughter,Letter to My Daughter,169
http://dbpedia.org/resource/If_He_Hollers_Let_Him_Go,If He Hollers Let Him Go,200
http://dbpedia.org/resource/Reckless_(Gross_novel),Reckless (Gross novel),404
http://dbpedia.org/resource/Fire_and_Fame,Fire and Fame,241
http://dbpedia.org/resource/Mistborn:_The_Final_Empire,Mistborn: The Final Empire,487
http://dbpedia.org/resource/Monographic_sketch_of_Sălaj_County,Monographic sketch of Sălaj County,347
http://dbpedia.org/resource/Flash_for_Freedom!,Flash for Freedom!,211
http://dbpedia.org/resource/Ongoingness,Ongoingness,166
http://dbpedia.org/resource/The_Willing_Flesh,The Willing Flesh,358
http://dbpedia.org/resource/Mr_Stink,Mr Stink,318
http://dbpedia.org/resource/%22K%22_Is_for_Killer,"""K"" Is for Killer",296
http://dbpedia.org/resource/Signals_of_Belief_in_Early_England,Signals of Belief in Early England,233
"http://dbpedia.org/resource/Author,_Author_(novel)","Author, Author (novel)",368
http://dbpedia.org/resource/The_Scar,The Scar,651
http://dbpedia.org/resource/The_Engines_of_God,The Engines of God,367
http://dbpedia.org/resource/Green_Fairy_(novel),Green Fairy (novel),260
http://dbpedia.org/resource/In_Another_Light,In Another Light,565
http://dbpedia.org/resource/The_Cannibal_(novel),The Cannibal (novel),165
http://dbpedia.org/resource/The_Eyes_of_Heisenberg,The Eyes of Heisenberg,186
http://dbpedia.org/resource/Breakfast_in_the_Ruins,Breakfast in the Ruins,154
http://dbpedia.org/resource/The_High_Road_(novel),The High Road (novel),216
http://dbpedia.org/resource/The_Blue_Castle,The Blue Castle,313
http://dbpedia.org/resource/Greybeard,Greybeard,210
http://dbpedia.org/resource/Friends_'Til_the_End_(book),Friends 'Til the End (book),311
http://dbpedia.org/resource/The_Sundering_Flood,The Sundering Flood,461
http://dbpedia.org/resource/The_Klingon_Dictionary,The Klingon Dictionary,180
http://dbpedia.org/resource/A_Whole_Nother_Story,A Whole Nother Story,268
http://dbpedia.org/resource/The_Miracle_of_Castel_di_Sangro,The Miracle of Castel di Sangro,415
http://dbpedia.org/resource/Lady_L_(novel),Lady L (novel),193
http://dbpedia.org/resource/Tatja_Grimm's_World,Tatja Grimm's World,238
http://dbpedia.org/resource/Our_Common_Future,Our Common Future,407
http://dbpedia.org/resource/Midnight_(Hunter_novel),Midnight (Hunter novel),384
http://dbpedia.org/resource/Shōgun_(novel),Shōgun (novel),1151
http://dbpedia.org/resource/Long_Lost,Long Lost,360
http://dbpedia.org/resource/The_Aesthetic_Dimension,The Aesthetic Dimension,98
http://dbpedia.org/resource/The_Politics_of_Bones,The Politics of Bones,453
http://dbpedia.org/resource/The_Truce_at_Bakura,The Truce at Bakura,311
http://dbpedia.org/resource/On_Hallowed_Ground,On Hallowed Ground,209
http://dbpedia.org/resource/Poésies_(Mallarmé_collection),Poésies (Mallarmé collection),151
http://dbpedia.org/resource/Crusader_Gold,Crusader Gold,340
http://dbpedia.org/resource/Inside_Delta_Force,Inside Delta Force,312
http://dbpedia.org/resource/Yes_Man_(book),Yes Man (book),382
http://dbpedia.org/resource/Vendetta:_Lucky's_Revenge,Vendetta: Lucky's Revenge,489
http://dbpedia.org/resource/Montmorency_(novel),Montmorency (novel),154
http://dbpedia.org/resource/Where's_Wally%3F_The_Great_Picture_Hunt!,Where's Wally? The Great Picture Hunt!,31
http://dbpedia.org/resource/Rules_of_Attraction_(Elkeles_novel),Rules of Attraction (Elkeles novel),288
http://dbpedia.org/resource/Past_Continuous,Past Continuous,285
http://dbpedia.org/resource/The_American_Religion,The American Religion,276
http://dbpedia.org/resource/The_Gathering_(Armstrong_novel),The Gathering (Armstrong novel),332
http://dbpedia.org/resource/Under_Wildwood,Under Wildwood,517
http://dbpedia.org/resource/Splendours_of_Royal_Mysore,Splendours of Royal Mysore,741
http://dbpedia.org/resource/The_Third_World_War_Book,The Third World War Book,277
http://dbpedia.org/resource/Iggie's_House,Iggie's House,118
http://dbpedia.org/resource/A_Good_Scent_from_a_Strange_Mountain,A Good Scent from a Strange Mountain,236
http://dbpedia.org/resource/List_of_Transformers_books,List of Transformers books,77
http://dbpedia.org/resource/The_Valley_(novel),The Valley (novel),308
http://dbpedia.org/resource/The_Fatwa_Girl,The Fatwa Girl,195
http://dbpedia.org/resource/The_Road,The Road,221
http://dbpedia.org/resource/The_Last_Colony,The Last Colony,374
http://dbpedia.org/resource/City_of_Fallen_Angels,City of Fallen Angels,429
http://dbpedia.org/resource/John_Henry_Days,John Henry Days,454
http://dbpedia.org/resource/Field_Notes_from_a_Catastrophe,Field Notes from a Catastrophe,250
http://dbpedia.org/resource/%22O%22_Is_for_Outlaw,"""O"" Is for Outlaw",340
http://dbpedia.org/resource/The_Machine's_Child,The Machine's Child,329
http://dbpedia.org/resource/The_Dark_Side_(book),The Dark Side (book),369
http://dbpedia.org/resource/Hexed_(novel),Hexed (novel),342
http://dbpedia.org/resource/French_Leave_(de_Larrabeiti),French Leave (de Larrabeiti),257
http://dbpedia.org/resource/Flashman_and_the_Tiger,Flashman and the Tiger,405
http://dbpedia.org/resource/Rêveuse_bourgeoisie,Rêveuse bourgeoisie,374
http://dbpedia.org/resource/Danger_Society:_The_Young_Bond_Dossier,Danger Society: The Young Bond Dossier,231
http://dbpedia.org/resource/Colonization:_Aftershocks,Colonization: Aftershocks,521
http://dbpedia.org/resource/Skulduggery_Pleasant:_Mortal_Coil,Skulduggery Pleasant: Mortal Coil,294
http://dbpedia.org/resource/Nuns_and_Soldiers,Nuns and Soldiers,436
http://dbpedia.org/resource/By_the_Sword_(novel),By the Sword (novel),447
http://dbpedia.org/resource/Young_Dracula_and_Young_Monsters,Young Dracula and Young Monsters,149
http://dbpedia.org/resource/Mitte_2,Mitte 2,304
http://dbpedia.org/resource/Lankar_of_Callisto,Lankar of Callisto,206
http://dbpedia.org/resource/Wrath_of_a_Mad_God,Wrath of a Mad God,561
http://dbpedia.org/resource/Wolf_in_Shadow,Wolf in Shadow,272
"http://dbpedia.org/resource/The_Princess_Diaries,_Volume_IV:_Princess_in_Waiting","The Princess Diaries, Volume IV: Princess in Waiting",250
http://dbpedia.org/resource/The_1981_Annual_World's_Best_SF,The 1981 Annual World's Best SF,210
http://dbpedia.org/resource/News_from_Nowhere,News from Nowhere,168
http://dbpedia.org/resource/A_Dragon_at_Worlds'_End,A Dragon at Worlds' End,385
http://dbpedia.org/resource/Inversions_(novel),Inversions (novel),344
http://dbpedia.org/resource/Dead_Girls,Dead Girls,207
http://dbpedia.org/resource/Founding_Brothers,Founding Brothers,291
"http://dbpedia.org/resource/You_Read_to_Me,_I'll_Read_to_You","You Read to Me, I'll Read to You",32
http://dbpedia.org/resource/Crimes_of_War,Crimes of War,312
http://dbpedia.org/resource/The_White_Stag,The White Stag,110
http://dbpedia.org/resource/The_Dragon_Waiting,The Dragon Waiting,353
http://dbpedia.org/resource/Outside_Over_There,Outside Over There,34
http://dbpedia.org/resource/Career_Guide_to_Industries,Career Guide to Industries,376
http://dbpedia.org/resource/From_Black_Rooms,From Black Rooms,325
http://dbpedia.org/resource/The_Sherwood_Ring,The Sherwood Ring,265
http://dbpedia.org/resource/The_Mahdi,The Mahdi,424
http://dbpedia.org/resource/Silhouette_(Doctor_Who),Silhouette (Doctor Who),301
"http://dbpedia.org/resource/My_Mother_She_Killed_Me,_My_Father_He_Ate_Me","My Mother She Killed Me, My Father He Ate Me",653
http://dbpedia.org/resource/The_Cluetrain_Manifesto,The Cluetrain Manifesto,290
http://dbpedia.org/resource/The_Ruins_of_Gorlan,The Ruins of Gorlan,245
http://dbpedia.org/resource/The_Master_of_Disguise_(novel),The Master of Disguise (novel),322
http://dbpedia.org/resource/Martial_Power,Martial Power,140
http://dbpedia.org/resource/The_Fountains_of_Paradise,The Fountains of Paradise,257
http://dbpedia.org/resource/Carver_(novel),Carver (novel),446
http://dbpedia.org/resource/The_Ghost_at_Skeleton_Rock,The Ghost at Skeleton Rock,212
http://dbpedia.org/resource/Waking_Up:_A_Guide_to_Spirituality_Without_Religion,Waking Up: A Guide to Spirituality Without Religion,212
http://dbpedia.org/resource/Mistborn:_Shadows_of_Self,Mistborn: Shadows of Self,358
http://dbpedia.org/resource/Dark_Sun_(novel),Dark Sun (novel),112
http://dbpedia.org/resource/Pageant_(Lancaster_novel),Pageant (Lancaster novel),447
http://dbpedia.org/resource/The_Great_Impersonation_(novel),The Great Impersonation (novel),295
http://dbpedia.org/resource/The_Secret_River_(Rawlings_book),The Secret River (Rawlings book),54
http://dbpedia.org/resource/The_Psychology_of_Religion_and_Coping,The Psychology of Religion and Coping,502
http://dbpedia.org/resource/The_Complete_Book_of_Dwarves,The Complete Book of Dwarves,106
http://dbpedia.org/resource/I_Am_a_Barbarian,I Am a Barbarian,276
http://dbpedia.org/resource/Jeevanko_Chheubaata,Jeevanko Chheubaata,129
http://dbpedia.org/resource/Rakvere_romaan,Rakvere romaan,293
http://dbpedia.org/resource/The_Temptation_of_Eileen_Hughes,The Temptation of Eileen Hughes,225
http://dbpedia.org/resource/Outcast_(Paver_novel),Outcast (Paver novel),327
http://dbpedia.org/resource/A_Thief_of_Time,A Thief of Time,203
http://dbpedia.org/resource/The_Perfect_Murder,The Perfect Murder,280
http://dbpedia.org/resource/National_Lampoon_The_Up_Yourself_Book,National Lampoon The Up Yourself Book,111
http://dbpedia.org/resource/Secrets_of_the_Morning,Secrets of the Morning,405
http://dbpedia.org/resource/Explorers_of_the_Infinite,Explorers of the Infinite,376
http://dbpedia.org/resource/Ritson's_Bishopric_Garland_or_Durham_Minstrel_1792,Ritson's Bishopric Garland or Durham Minstrel 1792,18
http://dbpedia.org/resource/Conan_the_Buccaneer,Conan the Buccaneer,223
http://dbpedia.org/resource/A_Picture_of_Her_Tombstone,A Picture of Her Tombstone,218
http://dbpedia.org/resource/The_Great_Cow_Race,The Great Cow Race,151
http://dbpedia.org/resource/Eichmann_in_Jerusalem,Eichmann in Jerusalem,333
http://dbpedia.org/resource/Synthespians™,Synthespians™,270
http://dbpedia.org/resource/Inside_the_Third_Reich,Inside the Third Reich,791
http://dbpedia.org/resource/Dawn_(Andrews_novel),Dawn (Andrews novel),406
http://dbpedia.org/resource/The_Riddle_(novel),The Riddle (novel),507
http://dbpedia.org/resource/Hunger's_Rogues,Hunger's Rogues,315
http://dbpedia.org/resource/Stormrider,Stormrider,681
http://dbpedia.org/resource/In_Other_Worlds,In Other Worlds,195
http://dbpedia.org/resource/A_Song_of_Sixpence,A Song of Sixpence,347
http://dbpedia.org/resource/White_Death_(novel),White Death (novel),423
http://dbpedia.org/resource/Bridge_of_Birds,Bridge of Birds,207
http://dbpedia.org/resource/The_Bone_Doll's_Twin,The Bone Doll's Twin,529
http://dbpedia.org/resource/Tarzan_and_the_Ant_Men,Tarzan and the Ant Men,294
http://dbpedia.org/resource/A_Soldier_of_the_Great_War,A Soldier of the Great War,744
http://dbpedia.org/resource/The_Deadly_Streets,The Deadly Streets,184
http://dbpedia.org/resource/Krondor:_The_Betrayal,Krondor: The Betrayal,398
http://dbpedia.org/resource/Mosaic:_Pieces_of_My_Life_So_Far,Mosaic: Pieces of My Life So Far,231
http://dbpedia.org/resource/Mortal_Error,Mortal Error,328
http://dbpedia.org/resource/Les_Fiançailles_de_M._Hire,Les Fiançailles de M. Hire,131
http://dbpedia.org/resource/The_Venus_of_Konpara,The Venus of Konpara,280
http://dbpedia.org/resource/The_Throne_of_Saturn_(short_story_collection),The Throne of Saturn (short story collection),180
http://dbpedia.org/resource/Expedition_to_Earth,Expedition to Earth,194
http://dbpedia.org/resource/Cabo_Verde:_Viagem_pela_história_das_ilhas,Cabo Verde: Viagem pela história das ilhas,185
