http://dbpedia.org/ontology/City,http://dbpedia.org/ontology/maximumElevation
Río Segundo,480.0
Río Segundo (ciudad),480.0
Río Segundo (Argentina),480.0
Río Segundo (Córdoba),480.0
Río Segundo (cidade),480.0
"Río Segundo, Córdoba",480.0
مار موسى (المتن),1150.0
Mar-Moussa,1150.0
MarMoussa,1150.0
Yarze,1200.0
جنرال روكا، ريو نيغرو (مدينة),300.0
General Roca,300.0
Ciudad de General Roca,300.0
"General Roca, Río Negro",300.0
General Roca (Río Negro),300.0
General Roca,300.0
General Roca (Río Negro),300.0
General Roca,300.0
General Roca (Río Negro),300.0
羅卡將軍市,300.0
Kotli,3000.0
Kotli,3000.0
Котли,3000.0
ديشونية,250.0
Daychounieh,250.0
Daychounieh,250.0
دره شهر,695.0
Darrehshahr,695.0
Darre Szahr,695.0
Даррешехр,695.0
Darreh Shahr,695.0
Haret ech Cheikh,50.0
Barakaldo,560.0
باراكالدو,560.0
Barakaldo,560.0
Baracaldo,560.0
Barakaldo,560.0
Barakaldo,560.0
Barakaldo,560.0
バラカルド,560.0
Barakaldo,560.0
Baracaldo,560.0
Баракальдо,560.0
巴拉卡尔多,560.0
Montreal,233.0
مونتريال,233.0
Montreal,233.0
Montreal,233.0
Montréal,233.0
Montréal,233.0
モントリオール,233.0
Montreal (Canada),233.0
Montreal,233.0
Montreal,233.0
Монреаль,233.0
蒙特利尔,233.0
مدينة أوردوس,2149.0
Ordos (Stadt),2149.0
Ordos (city),2149.0
Ciudad de Ordos,2149.0
Ordos (ville),2149.0
Ordos (Mongolia Interna),2149.0
オルドス市,2149.0
Ordos (Binnen-Mongolië),2149.0
Ordos (miasto),2149.0
Ordos,2149.0
Ордос (городской округ),2149.0
鄂尔多斯市,2149.0
Acámbaro,3100.0
Acámbaro,3100.0
Acámbaro,3100.0
Acámbaro,3100.0
Acámbaro,3100.0
Acámbaro,3100.0
Acámbaro,3100.0
Акамбаро,3100.0
阿坎巴罗,3100.0
Aarhus,105.0
آرهوس,105.0
Aarhus,105.0
Aarhus,105.0
Aarhus,105.0
Aarhus,105.0
オーフス,105.0
Aarhus (stad),105.0
Aarhus,105.0
Aarhus,105.0
Орхус,105.0
奥胡斯,105.0
Algiers,424.0
الجزائر (مدينة),424.0
Algier,424.0
Argel,424.0
Alger,424.0
Algeri,424.0
アルジェ,424.0
Algiers,424.0
Algier,424.0
Argel,424.0
Алжир (город),424.0
阿爾及爾,424.0
Bayonne,55.0
بايون,55.0
Bayonne,55.0
Bayona (Francia),55.0
Bayonne,55.0
Bayonne,55.0
バイヨンヌ,55.0
Bayonne (Frankrijk),55.0
Bajonna,55.0
Baiona (França),55.0
Байонна,55.0
巴约讷 (比利牛斯-大西洋省),55.0
Ceuta,349.0
سبتة,349.0
Ceuta,349.0
Ceuta,349.0
Ceuta,349.0
Ceuta,349.0
セウタ,349.0
Ceuta,349.0
Ceuta,349.0
Ceuta,349.0
Сеута,349.0
休达,349.0
Chicago,204.826
شيكاغو,204.826
Chicago,204.826
Chicago,204.826
Chicago,204.826
Chicago,204.826
シカゴ,204.826
Chicago,204.826
Chicago,204.826
Chicago,204.826
Чикаго,204.826
芝加哥,204.826
City of London,21.0
حي السيتي (لندن),21.0
City of London,21.0
City de Londres,21.0
Cité de Londres,21.0
Città di Londra,21.0
シティ・オブ・ロンドン,21.0
City of London,21.0
City of London,21.0
Cidade de Londres,21.0
Сити (Лондон),21.0
倫敦市,21.0
Corinth,10.0
كورنث,10.0
Korinth,10.0
Corinto,10.0
Corinthe,10.0
Corinto,10.0
コリントス,10.0
Korinthe (stad),10.0
Korynt,10.0
Corinto,10.0
Коринф,10.0
科林斯,10.0
Gdynia,205.0
غدينيا,205.0
Gdynia,205.0
Gdynia,205.0
Gdynia,205.0
Gdynia,205.0
グディニャ,205.0
Gdynia,205.0
Gdynia,205.0
Gdynia,205.0
Гдыня,205.0
格丁尼亚,205.0
"Hamilton, Ontario",324.0
هاميلتون,324.0
Hamilton (Ontario),324.0
Hamilton (Ontario),324.0
Hamilton (Ontario),324.0
Hamilton (Canada),324.0
ハミルトン (オンタリオ州),324.0
Hamilton (Ontario),324.0
Hamilton (Kanada),324.0
Hamilton (Ontário),324.0
Гамильтон (Онтарио),324.0
哈密尔顿 (安大略),324.0
Lausanne,929.4
لوزان,929.4
Lausanne,929.4
Lausana,929.4
Lausanne,929.4
Losanna,929.4
ローザンヌ,929.4
Lausanne (stad),929.4
Lozanna,929.4
Lausana,929.4
Лозанна,929.4
洛桑,929.4
Le Mans,134.0
لو مان,134.0
Le Mans,134.0
Le Mans,134.0
Le Mans,134.0
Le Mans,134.0
ル・マン,134.0
Le Mans (stad),134.0
Le Mans,134.0
Le Mans,134.0
Ле-Ман,134.0
勒芒,134.0
Los Angeles,1546.56
لوس أنجلوس,1546.56
Los Angeles,1546.56
Los Ángeles,1546.56
Los Angeles,1546.56
Los Angeles,1546.56
ロサンゼルス,1546.56
Los Angeles,1546.56
Los Angeles,1546.56
Los Angeles,1546.56
Лос-Анджелес,1546.56
洛杉矶,1546.56
Moncton,70.0
مونكتون,70.0
Moncton,70.0
Moncton,70.0
Moncton,70.0
Moncton,70.0
Moncton,70.0
モンクトン,70.0
Moncton,70.0
Moncton,70.0
Монктон,70.0
蒙克顿,70.0
Nijmegen,88.0
نايميخن,88.0
Nijmegen,88.0
Nimega,88.0
Nimègue,88.0
Nimega,88.0
ナイメーヘン,88.0
Nijmegen,88.0
Nijmegen,88.0
Nimega,88.0
Неймеген,88.0
奈梅亨,88.0
Pittsburgh,417.576
بيتسبرغ (بنسيلفانيا),417.576
Pittsburgh,417.576
Pittsburgh,417.576
Pittsburgh,417.576
Pittsburgh,417.576
Pittsburgh,417.576
ピッツバーグ,417.576
Pittsburgh,417.576
Pittsburgh,417.576
Питтсбург,417.576
匹兹堡,417.576
Plymouth,155.0
بليموث,155.0
Plymouth,155.0
Plymouth,155.0
Plymouth (Angleterre),155.0
Plymouth,155.0
プリマス,155.0
Plymouth (Verenigd Koninkrijk),155.0
Plymouth,155.0
Plymouth (Devon),155.0
Плимут (Англия),155.0
普利茅斯,155.0
"Portland, Oregon",362.102
بورتلاند (أوريغون),362.102
Portland (Oregon),362.102
Portland,362.102
Portland (Oregon),362.102
Portland,362.102
ポートランド (オレゴン州),362.102
Portland (Oregon),362.102
Portland (Oregon),362.102
Portland (Oregon),362.102
Портленд (Орегон),362.102
波特蘭 (俄勒岡州),362.102
Poznań,154.0
بوزنان,154.0
Posen,154.0
Poznań,154.0
Poznań,154.0
Poznań,154.0
ポズナン,154.0
Poznań (stad),154.0
Poznań,154.0
Poznań,154.0
Познань,154.0
波茲南,154.0
Prague,399.0
براغ,399.0
Prag,399.0
Praga,399.0
Prague,399.0
Praga,399.0
プラハ,399.0
Praag,399.0
Praga,399.0
Praga,399.0
Прага,399.0
布拉格,399.0
San Diego,484.937
سان دييغو (كاليفورنيا),484.937
San Diego,484.937
San Diego (California),484.937
San Diego,484.937
San Diego,484.937
サンディエゴ,484.937
San Diego (Californië),484.937
San Diego,484.937
San Diego,484.937
Сан-Диего,484.937
聖地牙哥 (加利福尼亞州),484.937
St. Louis,187.147
سانت لويس (ميزوري),187.147
St. Louis,187.147
San Luis (Misuri),187.147
Saint-Louis (Missouri),187.147
Saint Louis (Missouri),187.147
セントルイス,187.147
Saint Louis (Missouri),187.147
Saint Louis,187.147
St. Louis (Missouri),187.147
Сент-Луис,187.147
圣路易斯 (密苏里州),187.147
The Bronx,85.344
ذا برونكس,85.344
Bronx,85.344
El Bronx,85.344
Bronx,85.344
The Bronx,85.344
ブロンクス区,85.344
The Bronx,85.344
Bronx,85.344
Bronx,85.344
Бронкс,85.344
布朗克斯,85.344
Buenaventura (Valle del Cauca),7.0
Buenaventura (Valle del Cauca),7.0
Buenaventura (Valle del Cauca),7.0
"Buenaventura, Valle del Cauca",7.0
Buenaventura (Colombia),7.0
Buenaventura (Colombia),7.0
Buenaventura,7.0
Buenaventura (Colômbia),7.0
Буэнавентура (Колумбия),7.0
布埃納文圖拉,7.0
عين إبل,850.0
Ain Ebel,850.0
Ain Ebel,850.0
Ajn Ibil,850.0
أميون,330.0
Amioun,330.0
Amioun,330.0
Amioun,330.0
Amioun,330.0
Amioun,330.0
Amjun,330.0
Amioun,330.0
Амион,330.0
艾姆雲,330.0
Bazhong,2507.0
Bazhong,2507.0
Bazhong,2507.0
Bazhong,2507.0
Bazhong,2507.0
Bazhong,2507.0
巴中市,2507.0
Bazhong,2507.0
Бачжун,2507.0
巴中市,2507.0
بتغرين,1100.0
Bteghrine,1100.0
Bteghrine,1100.0
Bteghrine,1100.0
Bitighrin,1100.0
الدامور,200.0
Damur,200.0
Damour,200.0
Damour,200.0
Damour (Liban),200.0
Ad-Damur,200.0
Damour,200.0
Ebene City,273.0
Ebene CyberCity,273.0
Kiskunfélegyháza,105.0
Kiskunfélegyháza,105.0
Kiskunfélegyháza,105.0
Kiskunfélegyháza,105.0
Kiskunfélegyháza,105.0
Kiskunfélegyháza,105.0
Kiskunfélegyháza,105.0
Кишкунфеледьхаза,105.0
基什孔費萊吉哈佐,105.0
مودرا,709.0
Modra,709.0
Modra,709.0
Modra,709.0
Modra,709.0
Modra,709.0
Modra,709.0
Modra,709.0
Модра,709.0
莫德拉,709.0
الناقورة,60.0
Naqura,60.0
Naqoura,60.0
Naqoura,60.0
Naqoura,60.0
Naqura,60.0
Naqoura,60.0
An-Nakura,60.0
Vučitrn,1380.0
Vushtrria,1380.0
Vučitrn,1380.0
Vučitrn,1380.0
Vushtrri,1380.0
Vučitrn,1380.0
Vučitrn,1380.0
Вучитрн,1380.0
武契特爾恩,1380.0
فنار (جبل لبنان),250.0
Fanar (Matn),250.0
Fanar (Matn),250.0
Buverchy,64.0
Buverchy,64.0
Buverchy,64.0
Buverchy,64.0
Buverchy,64.0
Buverchy,64.0
Buverchy,64.0
Buverchy,64.0
比韦尔希,64.0
كوسبا,500.0
Kousba,500.0
Kousba,500.0
Kousba,500.0
Pagadian,208.0
Pagadian City,208.0
Pagadían,208.0
Pagadian,208.0
Pagadian,208.0
パガディアン,208.0
Pagadian,208.0
Pagadian,208.0
Пагадиан,208.0
帕嘎蒂安,208.0
Amiens,106.0
أميان,106.0
Amiens,106.0
Amiens,106.0
Amiens,106.0
Amiens,106.0
アミアン,106.0
Amiens (stad),106.0
Amiens,106.0
Amiens,106.0
Амьен,106.0
亞眠,106.0
Amman,1100.0
عمان (مدينة),1100.0
Amman,1100.0
Amán,1100.0
Amman,1100.0
Amman,1100.0
アンマン,1100.0
Amman (stad),1100.0
Amman,1100.0
Amã,1100.0
安曼,1100.0
Амман,1100.0
Angers,64.0
أنجيه,64.0
Angers,64.0
Angers,64.0
Angers,64.0
Angers,64.0
アンジェ,64.0
Angers,64.0
Angers,64.0
Angers,64.0
Анже,64.0
昂热,64.0
Arles,57.0
آرل,57.0
Arles,57.0
Arlés,57.0
Arles,57.0
Arles,57.0
アルル,57.0
Arles,57.0
Arles,57.0
Arles,57.0
Арль,57.0
阿爾勒,57.0
"Auburn, Alabama",258.0
أوبورن (ألاباما),258.0
Auburn (Alabama),258.0
Auburn (Alabama),258.0
Auburn (Alabama),258.0
Auburn (Alabama),258.0
Auburn (Alabama),258.0
オーバーン (アラバマ州),258.0
Auburn (Alabama),258.0
Auburn (Alabama),258.0
Оберн (Алабама),258.0
歐本 (阿拉巴馬州),258.0
Bergen,987.0
برغن,987.0
Bergen (Norwegen),987.0
Bergen,987.0
Bergen (Norvège),987.0
Bergen,987.0
ベルゲン,987.0
Bergen (Noorwegen),987.0
Bergen,987.0
Bergen,987.0
Берген,987.0
卑爾根,987.0
Białystok,160.0
بياويستوك,160.0
Białystok,160.0
Białystok,160.0
Białystok,160.0
Białystok,160.0
ビャウィストク,160.0
Białystok (stad),160.0
Białystok,160.0
Białystok,160.0
Белосток,160.0
比亚韦斯托克,160.0
Bielsko-Biała,1117.0
بييلسكو فيالا,1117.0
Bielsko-Biała,1117.0
Bielsko-Biała,1117.0
Bielsko-Biała,1117.0
Bielsko-Biała,1117.0
ビェルスコ＝ビャワ,1117.0
Bielsko-Biała,1117.0
Bielsko-Biała,1117.0
Bielsko-Biała,1117.0
Бельско-Бяла,1117.0
别尔斯科-比亚瓦,1117.0
Blois,135.0
بلوا,135.0
Blois,135.0
Blois,135.0
Blois,135.0
Blois,135.0
ブロワ,135.0
Blois (stad),135.0
Blois,135.0
Blois,135.0
Блуа,135.0
布卢瓦,135.0
Boulogne-sur-Mer,110.0
بولوني سور مير,110.0
Boulogne-sur-Mer,110.0
Boulogne-sur-Mer,110.0
Boulogne-sur-Mer,110.0
Boulogne-sur-Mer,110.0
ブローニュ＝シュル＝メール,110.0
Boulogne-sur-Mer,110.0
Boulogne-sur-Mer,110.0
Bolonha-sobre-o-Mar,110.0
Булонь-сюр-Мер,110.0
滨海布洛涅,110.0
Bourges,169.0
بورجيز,169.0
Bourges,169.0
Bourges,169.0
Bourges,169.0
Bourges,169.0
ブールジュ,169.0
Bourges,169.0
Bourges,169.0
Bourges,169.0
Бурж,169.0
布尔日,169.0
"Brest, France",103.0
بريست (فرنسا),103.0
Brest (Finistère),103.0
Brest (Francia),103.0
Brest (Francia),103.0
Brest,103.0
ブレスト (フランス),103.0
Brest (Frankrijk),103.0
Brest,103.0
Brest (França),103.0
Брест (Франция),103.0
布雷斯特 (法国),103.0
Brno,425.0
برنو,425.0
Brünn,425.0
Brno,425.0
Brno,425.0
Brno,425.0
ブルノ,425.0
Brno,425.0
Brno,425.0
Brno,425.0
Брно,425.0
布爾諾,425.0
Bytom,330.0
بيطوم,330.0
Bytom,330.0
Bytom,330.0
Bytom,330.0
Bytom,330.0
ビトム,330.0
Bytom,330.0
Bytom,330.0
Bytom,330.0
Бытом,330.0
比托姆,330.0
Cannes,260.0
كان (فرنسا),260.0
Cannes,260.0
Cannes,260.0
Cannes,260.0
Cannes,260.0
カンヌ,260.0
Cannes,260.0
Cannes,260.0
Cannes,260.0
Канны,260.0
戛纳,260.0
Caracas,1400.0
كاراكاس,1400.0
Caracas,1400.0
Caracas,1400.0
Caracas,1400.0
Caracas,1400.0
カラカス,1400.0
Caracas,1400.0
Caracas,1400.0
Caracas,1400.0
Каракас,1400.0
卡拉卡斯,1400.0
Castellón de la Plana,609.0
كاستيون دي لا بلانا,609.0
Castellón de la Plana,609.0
Castellón de la Plana,609.0
Castellón de la Plana,609.0
Castellón de la Plana,609.0
カステリョン・デ・ラ・プラナ,609.0
Castellón de la Plana,609.0
Castellón de la Plana,609.0
Castelló de la Plana,609.0
Кастельон-де-ла-Плана,609.0
卡斯特利翁-德拉普拉納,609.0
Cherbourg-Octeville,139.0
Cherbourg-Octeville,139.0
Cherburgo-Octeville,139.0
Cherbourg-Octeville,139.0
Cherbourg-Octeville,139.0
シェルブール＝オクトヴィル,139.0
Cherbourg-Octeville,139.0
Cherbourg-Octeville,139.0
Cherbourg-Octeville,139.0
Шербур-Октевиль,139.0
瑟堡-奥克特维尔,139.0
Châlons-en-Champagne,84.0
Châlons-en-Champagne,84.0
Châlons-en-Champagne,84.0
Châlons-en-Champagne,84.0
Châlons-en-Champagne,84.0
シャロン＝アン＝シャンパーニュ,84.0
Châlons-en-Champagne,84.0
Châlons-en-Champagne,84.0
Шалон-ан-Шампань,84.0
Châlons-en-Champagne,84.0
香槟沙隆,84.0
"Cohoes, New York",94.488
كوهوس,94.488
Cohoes,94.488
Cohoes (Nueva York),94.488
Cohoes,94.488
Cohoes,94.488
Cohoes,94.488
Dijon,410.0
ديجون,410.0
Dijon,410.0
Dijon,410.0
Digione,410.0
Dijon,410.0
ディジョン,410.0
Dijon,410.0
Dijon,410.0
Dijon,410.0
Дижон,410.0
第戎,410.0
"Du Quoin, Illinois",143.256
دو كيوين,143.256
Du Quoin,143.256
Du Quoin (Illinois),143.256
Du Quoin,143.256
Du Quoin,143.256
Du Quoin,143.256
Du Quoin,143.256
"El Dorado, Arkansas",81.9912
إل دورادو (أركنساس),81.9912
El Dorado (Arkansas),81.9912
El Dorado (Arkansas),81.9912
El Dorado (Arkansas),81.9912
El Dorado (Arkansas),81.9912
El Dorado (Arkansas),81.9912
El Dorado (Arkansas),81.9912
El Dorado (Arkansas),81.9912
Эль-Дорадо (Арканзас),81.9912
Gijón,737.0
Gijón,737.0
Gijón,737.0
Gijón,737.0
Gijón,737.0
ヒホン,737.0
Gijón (stad),737.0
Gijón,737.0
Gijón,737.0
Хихон,737.0
希洪,737.0
Gijón,737.006
Gijón,737.006
Gijón,737.006
Gijón,737.006
Gijón,737.006
ヒホン,737.006
Gijón (stad),737.006
Gijón,737.006
Gijón,737.006
Хихон,737.006
希洪,737.006
Gliwice,278.0
غليفيتسه,278.0
Gliwice,278.0
Gliwice,278.0
Gliwice,278.0
Gliwice,278.0
グリヴィツェ,278.0
Gliwice,278.0
Gliwice,278.0
Gliwice,278.0
Гливице,278.0
格利维采,278.0
Islamabad,609.6
إسلام آباد,609.6
Islamabad,609.6
Islamabad,609.6
Islamabad,609.6
Islamabad,609.6
イスラマバード,609.6
Islamabad,609.6
Islamabad,609.6
Islamabad,609.6
Исламабад,609.6
伊斯兰堡,609.6
Islamabad,620.0
إسلام آباد,620.0
Islamabad,620.0
Islamabad,620.0
Islamabad,620.0
Islamabad,620.0
イスラマバード,620.0
Islamabad,620.0
Islamabad,620.0
Islamabad,620.0
Исламабад,620.0
伊斯兰堡,620.0
"Jaén, Spain",815.0
خاين (مدينة),815.0
Jaén,815.0
Jaén,815.0
Jaén (Espagne),815.0
Jaén,815.0
ハエン,815.0
Jaén (Spanje),815.0
Jaén (Hiszpania),815.0
Xaém,815.0
Хаэн,815.0
哈恩 (西班牙),815.0
Katowice,352.0
كاتوفيتسه,352.0
Katowice,352.0
Katowice,352.0
Katowice,352.0
Katowice,352.0
カトヴィツェ,352.0
Katowice,352.0
Katowice,352.0
Katowice,352.0
Катовице,352.0
卡托维兹,352.0
Kielce,408.0
كيلسي,408.0
Kielce,408.0
Kielce,408.0
Kielce,408.0
Kielce,408.0
キェルツェ,408.0
Kielce,408.0
Kielce,408.0
Kielce,408.0
Кельце,408.0
凯尔采,408.0
La Rochelle,28.0
لا روشيل,28.0
La Rochelle,28.0
La Rochelle,28.0
La Rochelle,28.0
La Rochelle,28.0
ラ・ロシェル,28.0
La Rochelle (Charente-Maritime),28.0
La Rochelle,28.0
La Rochelle,28.0
Ла-Рошель,28.0
拉罗歇尔,28.0
Laon,183.0
لاون,183.0
Laon,183.0
Laon,183.0
Laon,183.0
Laon,183.0
ラン (フランス),183.0
Laon,183.0
Laon,183.0
Laon,183.0
Лан (город),183.0
拉昂,183.0
Metz,256.0
متز,256.0
Metz,256.0
Metz,256.0
Metz,256.0
Metz,256.0
メス (フランス),256.0
Metz,256.0
Metz,256.0
Metz,256.0
Мец,256.0
梅斯,256.0
Miami,12.8016
ميامي,12.8016
Miami,12.8016
Miami,12.8016
Miami,12.8016
Miami,12.8016
マイアミ,12.8016
Miami,12.8016
Miami,12.8016
Miami,12.8016
Майами,12.8016
迈阿密,12.8016
"Middletown, Orange County, New York",225.552
ميدلتاون (نيويورك),225.552
"Middletown (Orange County, New York)",225.552
"Middletown (condado de Orange, Nueva York)",225.552
"Middletown (Contea di Orange, New York)",225.552
ミドルタウン (ニューヨーク州オレンジ郡),225.552
Middletown (New York),225.552
Middletown (Nova Iorque),225.552
Middletown (Nowy Jork),225.552
Montpellier,121.0
مونبلييه,121.0
Montpellier,121.0
Montpellier,121.0
Montpellier,121.0
Montpellier,121.0
モンペリエ,121.0
Montpellier,121.0
Montpellier,121.0
Montpellier,121.0
Монпелье,121.0
蒙彼利埃,121.0
"North Miami, Florida",12.8016
نورث ميامي (فلوريدا),12.8016
North Miami,12.8016
North Miami,12.8016
North Miami (Floride),12.8016
North Miami (Florida),12.8016
North Miami (Florida),12.8016
North Miami (Flórida),12.8016
North Miami (Floryda),12.8016
北迈阿密 (佛罗里达州),12.8016
Nîmes,215.0
نيم,215.0
Nîmes,215.0
Nimes,215.0
Nîmes,215.0
Nîmes,215.0
ニーム (フランス),215.0
Nîmes,215.0
Nîmes,215.0
Nîmes,215.0
Ним,215.0
尼姆,215.0
Odessa,65.0
أوديسا,65.0
Odessa,65.0
Odesa,65.0
Odessa,65.0
Odessa,65.0
オデッサ,65.0
Odessa (stad),65.0
Odessa,65.0
Odessa,65.0
Одесса,65.0
敖德薩,65.0
Olsztyn,154.0
أولشتين,154.0
Olsztyn,154.0
Olsztyn,154.0
Olsztyn,154.0
Olsztyn,154.0
オルシュティン,154.0
Olsztyn,154.0
Olsztyn,154.0
Olsztyn,154.0
Ольштын,154.0
奥尔什丁,154.0
Orléans,124.0
أورليان,124.0
Orléans,124.0
Orleans,124.0
Orléans,124.0
Orléans,124.0
オルレアン,124.0
Orléans,124.0
Orlean,124.0
Orleães,124.0
Орлеан,124.0
奥尔良,124.0
Perpignan,95.0
بيربينيا,95.0
Perpignan,95.0
Perpiñán,95.0
Perpignano,95.0
Perpignan,95.0
ペルピニャン,95.0
Perpignan,95.0
Perpignan,95.0
Perpinhã,95.0
Перпиньян,95.0
佩皮尼昂,95.0
Peshawar,450.0
بيشاور,450.0
Peschawar,450.0
Peshawar,450.0
Peshawar,450.0
Peshawar,450.0
ペシャーワル,450.0
Pesjawar,450.0
Peszawar,450.0
Peshawar,450.0
Пешавар,450.0
白沙瓦,450.0
Plzeň,452.0
بلزن,452.0
Pilsen,452.0
Pilsen,452.0
Plzeň,452.0
Plzeň,452.0
プルゼニ,452.0
Pilsen,452.0
Pilzno,452.0
Plzeň,452.0
Пльзень,452.0
比尔森,452.0
Poitiers,144.0
بواتييه,144.0
Poitiers,144.0
Poitiers,144.0
Poitiers,144.0
Poitiers,144.0
ポワチエ,144.0
Poitiers,144.0
Poitiers,144.0
Poitiers,144.0
Пуатье,144.0
普瓦捷,144.0
"Port St. Joe, Florida",2.4384
بورت سانت جو,2.4384
Port St. Joe,2.4384
Port St. Joe,2.4384
Port Saint Joe,2.4384
Port St. Joe,2.4384
Port St. Joe,2.4384
Port St. Joe,2.4384
Port St. Joe,2.4384
Порт-Сент-Джо,2.4384
圣乔港 (佛罗里达州),2.4384
Porto,149.0
بورتو,149.0
Porto,149.0
Oporto,149.0
Porto,149.0
Porto (Portogallo),149.0
ポルト,149.0
Porto (stad),149.0
Porto,149.0
Porto,149.0
Порту,149.0
波爾圖,149.0
"Quincy, Massachusetts",157.582
كوينسي (ماساتشوستس),157.582
Quincy (Massachusetts),157.582
Quincy (Massachusetts),157.582
Quincy (Massachusetts),157.582
Quincy (Massachusetts),157.582
クインシー (マサチューセッツ州),157.582
Quincy (Massachusetts),157.582
Quincy (Massachusetts),157.582
Куинси (Массачусетс),157.582
昆西 (马萨诸塞州),157.582
Rabat,160.0
الرباط,160.0
Rabat,160.0
Rabat,160.0
Rabat,160.0
Rabat,160.0
ラバト,160.0
Rabat (Marokko),160.0
Rabat (Maroko),160.0
Rabat,160.0
Рабат,160.0
拉巴特,160.0
Rennes,74.0
رين,74.0
Rennes,74.0
Rennes,74.0
Rennes,74.0
Rennes,74.0
レンヌ,74.0
Rennes,74.0
Rennes,74.0
Rennes,74.0
Рен,74.0
雷恩 (伊勒-维莱讷省),74.0
Rybnik,290.0
ريبنيك,290.0
Rybnik,290.0
Rybnik,290.0
Rybnik,290.0
Rybnik,290.0
リブニク,290.0
Rybnik,290.0
Rybnik,290.0
Rybnik,290.0
Рыбник,290.0
雷布尼克,290.0
"Saint John, New Brunswick",80.8
Saint John (New Brunswick),80.8
Saint John (Nuevo Brunswick),80.8
Saint-Jean (Nouveau-Brunswick),80.8
Saint John (Canada),80.8
セントジョン (ニューブランズウィック州),80.8
Saint John (New Brunswick),80.8
Saint John (Nowy Brunszwik),80.8
Saint John,80.8
Сент-Джон (Нью-Брансуик),80.8
圣约翰 (新不伦瑞克),80.8
San Francisco,284.683
سان فرانسيسكو,284.683
San Francisco,284.683
San Francisco (California),284.683
San Francisco,284.683
San Francisco,284.683
サンフランシスコ,284.683
San Francisco,284.683
San Francisco,284.683
São Francisco (Califórnia),284.683
Сан-Франциско,284.683
旧金山,284.683
"San Jose, California",647.7
سان خوسيه (كاليفورنيا),647.7
San José (Kalifornien),647.7
San José (California),647.7
San José (Californie),647.7
San Jose,647.7
サンノゼ,647.7
San Jose (Californië),647.7
San Jose (Kalifornia),647.7
San José (Califórnia),647.7
Сан-Хосе (Калифорния),647.7
聖荷西 (加利福尼亞州),647.7
Tartu,78.9432
تارتو,78.9432
Tartu,78.9432
Tartu,78.9432
Tartu,78.9432
Tartu,78.9432
タルトゥ,78.9432
Tartu,78.9432
Tartu,78.9432
Tartu,78.9432
Тарту,78.9432
塔尔图,78.9432
Tartu,79.0
تارتو,79.0
Tartu,79.0
Tartu,79.0
Tartu,79.0
Tartu,79.0
タルトゥ,79.0
Tartu,79.0
Tartu,79.0
Tartu,79.0
Тарту,79.0
塔尔图,79.0
Thessaloniki,250.0
سالونيك,250.0
Thessaloniki,250.0
Salónica,250.0
Thessalonique,250.0
Salonicco,250.0
テッサロニキ,250.0
Thessaloniki (stad),250.0
Saloniki,250.0
Salonica,250.0
Салоники,250.0
塞萨洛尼基,250.0
Toulon,589.0
تولون,589.0
Toulon,589.0
Tolón,589.0
Toulon,589.0
Tolone,589.0
トゥーロン,589.0
Toulon,589.0
Tulon,589.0
Toulon,589.0
Тулон,589.0
土伦,589.0
Tours,109.0
تور (مدينة),109.0
Tours,109.0
Tours,109.0
Tours,109.0
Tours,109.0
トゥール (アンドル＝エ＝ロワール県),109.0
Tours (Indre-et-Loire),109.0
Tours,109.0
Tours,109.0
Тур (город),109.0
图尔,109.0
"Troy, New York",152.4
تروي (نيويورك),152.4
Troy (New York),152.4
Troy (Nueva York),152.4
Troy (New York),152.4
Troy (New York),152.4
トロイ (ニューヨーク州),152.4
Troy (New York),152.4
Troy (Nowy Jork),152.4
Troy (Nova Iorque),152.4
Трой (Нью-Йорк),152.4
特洛伊 (纽约州),152.4
Tunis,41.0
تونس (مدينة),41.0
Tunis,41.0
Túnez (ciudad),41.0
Tunis,41.0
Tunisi,41.0
チュニス,41.0
Tunis,41.0
Tunis,41.0
Tunes,41.0
Тунис (город),41.0
突尼斯市,41.0
"Vacaville, California",91.44
فاكافيلي (كاليفورنيا),91.44
Vacaville,91.44
Vacaville,91.44
Vacaville,91.44
Vacaville,91.44
Vacaville,91.44
Vacaville,91.44
Vacaville,91.44
瓦卡维尔 (加利福尼亚州),91.44
Verdun,330.0
فردان,330.0
Verdun,330.0
Verdún,330.0
Verdun,330.0
Verdun,330.0
ヴェルダン,330.0
Verdun (Meuse),330.0
Verdun (Moza),330.0
Verdun,330.0
Верден,330.0
凡尔登,330.0
Vichy,317.0
فيشي,317.0
Vichy,317.0
Vichy,317.0
Vichy,317.0
Vichy,317.0
ヴィシー,317.0
Vichy (Allier),317.0
Vichy,317.0
Vichy,317.0
Виши,317.0
維希,317.0
"Worms, Germany",167.0
فورمس,167.0
Worms,167.0
Worms (Alemania),167.0
Worms (Allemagne),167.0
Worms,167.0
ヴォルムス,167.0
Worms (stad),167.0
Wormacja,167.0
Worms,167.0
Вормс,167.0
沃尔姆斯,167.0
Yerevan,1390.0
يريفان,1390.0
Jerewan,1390.0
Ereván,1390.0
Erevan,1390.0
Erevan,1390.0
エレバン,1390.0
Jerevan,1390.0
Erywań,1390.0
Erevan,1390.0
Ереван,1390.0
葉里溫,1390.0
Zagreb,1035.0
زغرب,1035.0
Zagreb,1035.0
Zagreb,1035.0
Zagreb,1035.0
Zagabria,1035.0
ザグレブ,1035.0
Zagreb,1035.0
Zagrzeb,1035.0
Zagreb,1035.0
Загреб,1035.0
萨格勒布,1035.0
Łódź,278.0
وودج,278.0
Łódź,278.0
Łódź,278.0
Łódź,278.0
Łódź,278.0
ウッチ,278.0
Łódź (stad),278.0
Łódź,278.0
Łódź,278.0
Лодзь,278.0
罗兹 (波兰),278.0
Annecy,9.0
آنسي,9.0
Annecy,9.0
Annecy,9.0
Annecy,9.0
Annecy,9.0
アヌシー,9.0
Annecy,9.0
Annecy,9.0
Annecy,9.0
Анси,9.0
阿讷西,9.0
Anshan,1141.0
آنشان,1141.0
Anshan (Liaoning),1141.0
Anshán,1141.0
Anshan (Liaoning),1141.0
Anshan,1141.0
鞍山市,1141.0
Anshan (Liaoning),1141.0
Anshan,1141.0
Anshan (China),1141.0
Аньшань,1141.0
鞍山市,1141.0
Baoding,2286.0
باودينغ,2286.0
Baoding,2286.0
Báoding,2286.0
Baoding,2286.0
Baoding,2286.0
保定市,2286.0
Baoding,2286.0
Baoding,2286.0
Baoding (Hebei),2286.0
Баодин,2286.0
保定市,2286.0
"Bathurst, New Brunswick",62.0
Bathurst (New Brunswick),62.0
Bathurst (Nuevo Brunswick),62.0
Bathurst (Nouveau-Brunswick),62.0
Bathurst (Canada),62.0
バサースト (ニューブランズウィック州),62.0
Bathurst (Nowy Brunszwik),62.0
Bathurst (Nova Brunswick),62.0
Батерст (Нью-Брансуик),62.0
巴瑟斯特,62.0
Beauvais,170.0
بوفيه,170.0
Beauvais,170.0
Beauvais,170.0
Beauvais,170.0
Beauvais,170.0
ボーヴェ,170.0
Beauvais,170.0
Beauvais,170.0
Beauvais,170.0
Бове,170.0
博韦,170.0
Belfort,650.0
بلفور,650.0
Belfort,650.0
Belfort,650.0
Belfort,650.0
Belfort,650.0
ベルフォール,650.0
Belfort (stad),650.0
Belfort,650.0
Belfort,650.0
Бельфор,650.0
贝尔福,650.0
Biarritz,85.0
بياريتز,85.0
Biarritz,85.0
Biarritz,85.0
Biarritz,85.0
Biarritz,85.0
Biarritz,85.0
ビアリッツ,85.0
Biarritz,85.0
Biarritz,85.0
Биарриц,85.0
比亚里茨,85.0
Biała Podlaska,150.0
Biała Podlaska,150.0
Biała Podlaska,150.0
Biała Podlaska,150.0
Biała Podlaska,150.0
Biała Podlaska,150.0
Biała Podlaska,150.0
Biała Podlaska,150.0
Бяла-Подляска,150.0
比亞瓦-波德拉斯卡,150.0
Béthune,42.0
بيثون (باد كاليه),42.0
Béthune,42.0
Béthune,42.0
Béthune,42.0
Béthune,42.0
Béthune,42.0
ベテューヌ,42.0
Béthune,42.0
Béthune,42.0
Бетюн,42.0
贝蒂讷,42.0
Będzin,382.0
Będzin,382.0
Będzin,382.0
Będzin,382.0
Będzin,382.0
Będzin,382.0
Będzin,382.0
Będzin,382.0
Бендзин,382.0
本津,382.0
Caldas da Rainha,255.0
كالداس دا رينها,255.0
Caldas da Rainha,255.0
Caldas da Rainha,255.0
Caldas da Rainha,255.0
Caldas da Rainha,255.0
Caldas da Rainha,255.0
カルダス・ダ・ライーニャ,255.0
Caldas da Rainha,255.0
Caldas da Rainha,255.0
Калдаш-да-Раинья,255.0
卡爾達斯達賴尼亞,255.0
"Campbellton, New Brunswick",148.0
Campbellton (New Brunswick),148.0
Campbellton (Nouveau-Brunswick),148.0
Campbellton,148.0
Campbellton (Nowy Bruszwik),148.0
Campbellton (Nova Brunswick),148.0
Кэмпбелтон (Нью-Брансуик),148.0
坎贝尔顿,148.0
"Canandaigua (city), New York",256.032
كاناندياجو,256.032
Canandaigua,256.032
Canandaigua,256.032
Canandaigua,256.032
カナンデイグア (ニューヨーク州),256.032
Canandaigua,256.032
Canandaigua,256.032
Cancún,10.0
كانكون,10.0
Cancún,10.0
Cancún,10.0
Cancún,10.0
Cancún,10.0
カンクン,10.0
Cancun,10.0
Cancún,10.0
Cancún,10.0
Канкун,10.0
坎昆,10.0
Chengdu,5364.0
تشنغدو,5364.0
Chengdu,5364.0
Chengdú,5364.0
Chengdu,5364.0
Chengdu,5364.0
Chengdu,5364.0
成都市,5364.0
Chengdu,5364.0
Chengdu,5364.0
Чэнду,5364.0
成都市,5364.0
Chełm,153.0
Chełm,153.0
Chełm,153.0
Chełm,153.0
Chełm,153.0
Chełm,153.0
ヘウム,153.0
Chełm,153.0
Chełm,153.0
Хелм,153.0
海乌姆,153.0
Coatzacoalcos,50.0
Coatzacoalcos,50.0
Coatzacoalcos,50.0
Coatzacoalcos,50.0
Coatzacoalcos,50.0
コアツァコアルコス,50.0
Coatzacoalcos (stad),50.0
Coatzacoalcos,50.0
Coatzacoalcos,50.0
Коацакоалькос,50.0
夸察夸爾科斯,50.0
"Cuenca, Ecuador",2550.0
كوينكا,2550.0
Cuenca (Ecuador),2550.0
Cuenca (Ecuador),2550.0
Cuenca (Équateur),2550.0
Cuenca (Ecuador),2550.0
クエンカ (エクアドル),2550.0
Cuenca (Ecuador),2550.0
Cuenca (Ekwador),2550.0
Cuenca (Azuay),2550.0
Куэнка (Эквадор),2550.0
昆卡 (厄瓜多尔),2550.0
Daugavpils,139.0
داوغافبيلس,139.0
Daugavpils,139.0
Daugavpils,139.0
Daugavpils,139.0
Daugavpils,139.0
ダウガフピルス,139.0
Daugavpils,139.0
Dyneburg,139.0
Daugavpils,139.0
Даугавпилс,139.0
陶格夫匹尔斯,139.0
Dharamsala,2352.0
Dharamsala,2352.0
Dharamsala,2352.0
Dharamsala,2352.0
Dharamsala,2352.0
Dharamsala,2352.0
ダラムシャーラー,2352.0
Dharamsala,2352.0
Дармсала,2352.0
Dharamshala,2352.0
达兰萨拉,2352.0
"Dieppe, New Brunswick",45.0
Dieppe (New Brunswick),45.0
Dieppe (Nuevo Brunswick),45.0
Dieppe (Nouveau-Brunswick),45.0
ディエップ (ニューブランズウィック州),45.0
Dieppe (Kanada),45.0
Dieppe (Nova Brunswick),45.0
Дьеп (Нью-Брансуик),45.0
迪耶普 (新不伦瑞克),45.0
Dipolog,486.0
Dipolog City,486.0
Dipólog,486.0
Dipolog,486.0
Dipolog,486.0
ディポログ,486.0
Dipolog,486.0
Диполог,486.0
Inowrocław,100.0
Inowrocław,100.0
Inowrocław,100.0
Inowrocław,100.0
Inowrocław,100.0
Inowrocław,100.0
イノヴロツワフ,100.0
Inowrocław,100.0
Inowrocław,100.0
Иновроцлав,100.0
伊诺弗罗茨瓦夫,100.0
Krosno Odrzańskie,85.0
Krosno Odrzańskie,85.0
Krosno Odrzańskie,85.0
Krosno Odrzańskie,85.0
Krosno Odrzańskie,85.0
Krosno Odrzańskie,85.0
Krosno Odrzańskie,85.0
Кросно-Оджаньске,85.0
奧得河畔克羅斯諾,85.0
Kuching,810.2
كوتشينغ,810.2
Kuching,810.2
Kuching,810.2
Kuching,810.2
Kuching,810.2
クチン,810.2
Kuching,810.2
Kuching,810.2
Kuching,810.2
Кучинг,810.2
古晉,810.2
Las Palmas,300.0
لاس بالماس دي غران كناريا,300.0
Las Palmas de Gran Canaria,300.0
Las Palmas de Gran Canaria,300.0
Las Palmas de Gran Canaria,300.0
Las Palmas de Gran Canaria,300.0
ラス・パルマス・デ・グラン・カナリア,300.0
Las Palmas de Gran Canaria,300.0
Las Palmas de Gran Canaria,300.0
Las Palmas,300.0
Лас-Пальмас-де-Гран-Канария,300.0
拉斯帕尔马斯,300.0
Limoges,431.0
ليموج,431.0
Limoges,431.0
Limoges,431.0
Limoges,431.0
Limoges,431.0
リモージュ,431.0
Limoges,431.0
Limoges,431.0
Limoges,431.0
Лимож,431.0
利摩日,431.0
Lucerne,800.0
لوسرن,800.0
Luzern,800.0
Lucerna (ciudad),800.0
Lucerne,800.0
Lucerna,800.0
ルツェルン,800.0
Luzern (stad),800.0
Lucerna,800.0
Lucerna,800.0
Люцерн,800.0
卢塞恩,800.0
Meycauayan,45.0
Meycauayan City,45.0
Meycauayan,45.0
Meycauayan,45.0
Meycauayan,45.0
Meycauayan,45.0
Meycauayan,45.0
Meycauayan,45.0
"Miramichi, New Brunswick",31.0
Miramichi,31.0
Miramichi,31.0
Miramichi,31.0
Miramichi,31.0
Miramichi,31.0
Miramichi,31.0
Мирамиши (Нью-Брансуик),31.0
Montbéliard,454.0
مونتبليار,454.0
Montbéliard,454.0
Montbéliard,454.0
Montbéliard,454.0
Montbéliard,454.0
モンベリアル,454.0
Montbéliard (stad),454.0
Montbéliard,454.0
Montbéliard,454.0
Монбельяр,454.0
蒙贝利亚尔,454.0
Mulhouse,338.0
ميلوز,338.0
Mülhausen,338.0
Mulhouse,338.0
Mulhouse,338.0
Mulhouse,338.0
ミュルーズ,338.0
Mulhouse,338.0
Miluza,338.0
Mulhouse,338.0
Мюлуз,338.0
米卢斯,338.0
ماكون,347.0
Mâcon,347.0
Mâcon,347.0
Mâcon,347.0
Mâcon,347.0
Mâcon,347.0
マコン,347.0
Mâcon (stad),347.0
Mâcon,347.0
Mâcon,347.0
Макон,347.0
马孔,347.0
Nitra,587.0
نيترا,587.0
Nitra,587.0
Nitra,587.0
Nitra,587.0
Nitra,587.0
ニトラ,587.0
Nitra,587.0
Nitra (miasto),587.0
Nitra,587.0
Нитра,587.0
尼特拉,587.0
Nouméa,167.0
نوميا,167.0
Nouméa,167.0
Numea,167.0
Nouméa,167.0
Nouméa,167.0
ヌメア,167.0
Nouméa (stad),167.0
Numea,167.0
Nouméa,167.0
Нумеа,167.0
努美阿,167.0
Ostrów Wielkopolski,175.0
اوسترو ولكوبوليسكي,175.0
Ostrów Wielkopolski,175.0
Ostrów Wielkopolski,175.0
Ostrów Wielkopolski,175.0
Ostrów Wielkopolski,175.0
Ostrów Wielkopolski,175.0
Ostrów Wielkopolski,175.0
Ostrów Wielkopolski,175.0
Острув-Велькопольский,175.0
大波蘭地區奧斯特魯夫,175.0
Palmerston North,760.0
Palmerston North,760.0
Palmerston North,760.0
Palmerston North,760.0
Palmerston North,760.0
Palmerston North,760.0
パーマストンノース,760.0
Palmerston North,760.0
Palmerston North,760.0
Палмерстон-Норт,760.0
北帕莫斯顿,760.0
Piekary Śląskie,350.0
Piekary Śląskie,350.0
Piekary Śląskie,350.0
Piekary Śląskie,350.0
Piekary Śląskie,350.0
Piekary Śląskie,350.0
ピェカルィ・シロンスキェ,350.0
Piekary Śląskie,350.0
Piekary Śląskie,350.0
Пекары-Слёнске,350.0
希隆斯克地區佩卡雷,350.0
"Poughkeepsie, New York",115.824
بكبسي,115.824
Poughkeepsie,115.824
Poughkeepsie,115.824
Poughkeepsie,115.824
Poughkeepsie,115.824
ポキプシー (ニューヨーク州の市),115.824
Poughkeepsie,115.824
Poughkeepsie (Nowy Jork),115.824
Poughkeepsie,115.824
Поукипзи (Нью-Йорк),115.824
波啟浦夕 (紐約州),115.824
Póvoa de Varzim,202.0
بوفوا دي فارزيم,202.0
Póvoa de Varzim,202.0
Póvoa de Varzim,202.0
Póvoa de Varzim,202.0
Póvoa de Varzim,202.0
Póvoa de Varzim,202.0
Póvoa de Varzim,202.0
Póvoa de Varzim,202.0
Повуа-ди-Варзин,202.0
波瓦-迪瓦爾津,202.0
Saint-Malo,51.0
سان مالو,51.0
Saint-Malo,51.0
Saint-Malo,51.0
Saint-Malo,51.0
Saint-Malo,51.0
サン・マロ,51.0
Saint-Malo,51.0
Saint-Malo,51.0
Saint-Malo,51.0
Сен-Мало,51.0
圣马洛,51.0
Saint-Étienne,1117.0
سانت إتيان,1117.0
Saint-Étienne,1117.0
Saint-Étienne,1117.0
Saint-Étienne,1117.0
Saint-Étienne,1117.0
サン＝テティエンヌ,1117.0
Saint-Étienne,1117.0
Saint-Étienne,1117.0
Saint-Étienne,1117.0
Сент-Этьен,1117.0
圣艾蒂安,1117.0
"Sainte-Anne, Guadeloupe",135.0
سانت-آن (غوادلوب),135.0
Sainte-Anne (Guadeloupe),135.0
Sainte-Anne (Guadalupe),135.0
Sainte-Anne (Guadeloupe),135.0
Sainte-Anne (Guadalupa),135.0
Sainte-Anne (Guadeloupe),135.0
Sainte-Anne (Gwadelupa),135.0
Sainte-Anne (Guadeloupe),135.0
Samobor,860.0
Samobor,860.0
Samobor,860.0
Samobor,860.0
Samobor,860.0
Samobor,860.0
サモボル,860.0
Samobor,860.0
Самобор,860.0
薩莫博爾,860.0
San Jose del Monte,784.0
San Jose del Monte City,784.0
San José del Monte,784.0
San Jose del Monte,784.0
San Jose del Monte,784.0
San Jose del Monte,784.0
サン・ホセ・デル・モンティ,784.0
San Jose del Monte,784.0
San Jose del Monte,784.0
Сан-Хосе-дель-Монте,784.0
Santa Marta,5775.0
سانتا مارتا (كولومبيا),5775.0
Santa Marta,5775.0
Santa Marta (Colombia),5775.0
Santa Marta,5775.0
Santa Marta (Colombia),5775.0
Santa Marta (Colombia),5775.0
サンタ・マルタ (コロンビア),5775.0
Santa Marta,5775.0
Santa Marta (Colômbia),5775.0
Санта-Марта,5775.0
圣玛尔塔 (哥伦比亚),5775.0
Sherbrooke,378.0
شيربروك,378.0
Sherbrooke,378.0
Sherbrooke,378.0
Sherbrooke,378.0
Sherbrooke,378.0
シェルブルック (ケベック州),378.0
Sherbrooke,378.0
Sherbrooke,378.0
Sherbrooke,378.0
Шербрук,378.0
舍布魯克,378.0
Siemianowice Śląskie,295.0
Siemianowice Śląskie,295.0
Siemianowice Śląskie,295.0
Siemianowice Śląskie,295.0
Siemianowice Śląskie,295.0
シェミャノヴィツェ・シロンスキェ,295.0
Siemianowice Śląskie,295.0
Siemianowice Śląskie,295.0
Семяновице-Слёнске,295.0
希隆斯克地區謝米亞諾維采,295.0
Stoke-on-Trent,213.0
ستوك أون ترينت,213.0
Stoke-on-Trent,213.0
Stoke-on-Trent,213.0
Stoke-on-Trent,213.0
Stoke-on-Trent,213.0
ストーク＝オン＝トレント,213.0
Stoke-on-Trent,213.0
Stoke-on-Trent,213.0
Stoke-on-Trent,213.0
Сток-он-Трент,213.0
特倫特河畔斯托克,213.0
Stoke-on-Trent,213.36
ستوك أون ترينت,213.36
Stoke-on-Trent,213.36
Stoke-on-Trent,213.36
Stoke-on-Trent,213.36
Stoke-on-Trent,213.36
ストーク＝オン＝トレント,213.36
Stoke-on-Trent,213.36
Stoke-on-Trent,213.36
Stoke-on-Trent,213.36
Сток-он-Трент,213.36
特倫特河畔斯托克,213.36
Tabaco,2462.0
Tabaco City,2462.0
Tabaco,2462.0
Tabaco,2462.0
タバコ市,2462.0
Tabaco (Albay),2462.0
Tabaco,2462.0
Taiyuan,2670.0
تاي يوان,2670.0
Taiyuan,2670.0
Taiyuan,2670.0
Taiyuan,2670.0
Taiyuan,2670.0
太原市,2670.0
Taiyuan,2670.0
Taiyuan,2670.0
Taiyuan,2670.0
Тайюань,2670.0
太原市,2670.0
Tangier,230.0
طنجة,230.0
Tanger,230.0
Tánger,230.0
Tanger,230.0
Tangeri,230.0
Tanger,230.0
タンジェ,230.0
Tanger,230.0
Tânger,230.0
Танжер,230.0
丹吉尔,230.0
Thun,1172.0
ثون,1172.0
Thun,1172.0
Thun,1172.0
Thoune,1172.0
Thun,1172.0
トゥーン,1172.0
Thun (stad),1172.0
Thun,1172.0
Tune,1172.0
Тун,1172.0
图恩,1172.0
Timaru,95.0
Timaru,95.0
Timaru,95.0
Distretto di Timaru,95.0
ティマルー,95.0
Timaru,95.0
Тимару,95.0
提馬魯,95.0
Tábor,476.0
تابور,476.0
Tábor,476.0
Tábor,476.0
Tábor,476.0
Tábor,476.0
ターボル (チェコ),476.0
Tábor,476.0
Tabor (Czechy),476.0
Табор (город),476.0
Tábor,476.0
塔博尔,476.0
Tétouan,205.0
تطوان,205.0
Tétouan,205.0
Tetuán,205.0
Tétouan,205.0
Tétouan,205.0
Tétouan,205.0
テトゥアン,205.0
Tetuan,205.0
Tetuão,205.0
Тетуан,205.0
得土安,205.0
Wadowice,318.0
Wadowice,318.0
Wadowice,318.0
Wadowice,318.0
Wadowice,318.0
ヴァドヴィツェ,318.0
Wadowice,318.0
Wadowice,318.0
Wadowice,318.0
Вадовице,318.0
瓦多維采,318.0
"Waterbury, Connecticut",249.936
واتربوري,249.936
Waterbury (Connecticut),249.936
Waterbury (Connecticut),249.936
Waterbury (Connecticut),249.936
Waterbury (Connecticut),249.936
ウォーターバリー (コネチカット州),249.936
Waterbury (Connecticut),249.936
Waterbury (Connecticut),249.936
Waterbury (Connecticut),249.936
Уотербери (Коннектикут),249.936
沃特伯里 (康涅狄格州),249.936
Winterthur,687.0
فينترتور,687.0
Winterthur,687.0
Winterthur,687.0
Winterthour,687.0
Winterthur,687.0
ヴィンタートゥール,687.0
Winterthur (stad),687.0
Winterthur,687.0
Winterthur,687.0
Винтертур,687.0
温特图尔,687.0
Zaprešić,130.0
زابرشيتش,130.0
Zaprešić,130.0
Zaprešić,130.0
Zaprešić,130.0
Zaprešić,130.0
ザプレシチ,130.0
Zaprešić,130.0
Zaprešić,130.0
Запрешич,130.0
扎普雷希奇,130.0
Zawiercie,400.0
Zawiercie,400.0
Zawiercie,400.0
Zawiercie,400.0
Zawiercie,400.0
Zawiercie,400.0
Zawiercie,400.0
Заверце,400.0
扎维尔切,400.0
أمباتو,3900.0
"Ambato, Ecuador",3900.0
Ambato,3900.0
Ambato,3900.0
Ambato,3900.0
Ambato,3900.0
アンバート,3900.0
Ambato (Ecuador),3900.0
Ambato,3900.0
Ambato,3900.0
Амбато,3900.0
安巴托,3900.0
بسكنتا,1800.0
Baskinta,1800.0
Baskinta,1800.0
Baskinta,1800.0
Catanzaro,342.0
قطنصار,342.0
Catanzaro,342.0
Catanzaro,342.0
Catanzaro,342.0
Catanzaro,342.0
カタンザーロ,342.0
Catanzaro (stad),342.0
Catanzaro,342.0
Catanzaro,342.0
Катандзаро,342.0
卡坦扎罗,342.0
Chambéry,560.0
شامبيري,560.0
Chambéry,560.0
Chambéry,560.0
Chambéry,560.0
Chambéry,560.0
シャンベリ,560.0
Chambéry,560.0
Chambéry,560.0
Chambéry,560.0
Шамбери,560.0
尚贝里,560.0
Cuneo,615.0
كونيو,615.0
Cuneo,615.0
Cuneo,615.0
Coni,615.0
Cuneo,615.0
クーネオ,615.0
Cuneo (stad),615.0
Cuneo,615.0
Cuneo,615.0
Кунео,615.0
庫內奧,615.0
Dębica,407.0
Dębica,407.0
Dębica,407.0
Dębica,407.0
Dębica (stad),407.0
Dębica,407.0
Dębica,407.0
Дембица,407.0
登比察,407.0
Getafe,704.0
خيتافي,704.0
Getafe,704.0
Getafe,704.0
Getafe,704.0
Getafe,704.0
Getafe (Spanje),704.0
ヘタフェ,704.0
Getafe,704.0
Getafe,704.0
Хетафе,704.0
赫塔费,704.0
Hanzhong,2038.0
Hanzhong,2038.0
Hanzhong,2038.0
Hanzhong,2038.0
Hanzhong,2038.0
漢中市,2038.0
Hanzhong,2038.0
Hanzhong,2038.0
Ханьчжун,2038.0
汉中市,2038.0
Imus,70.0
Imus (Cavite),70.0
Imus,70.0
Imus,70.0
Imus,70.0
Imus,70.0
イムス,70.0
Imus,70.0
Имус,70.0
Linfen,2346.8
Linfen,2346.8
Linfen,2346.8
Linfen,2346.8
Linfen,2346.8
臨汾市,2346.8
Linfen,2346.8
Linfen,2346.8
Линьфэнь,2346.8
Linfen,2346.8
临汾市,2346.8
لينشيا,1960.0
Linxia City,1960.0
Linxia (Stadt),1960.0
Ciudad de Linxia,1960.0
Linxia,1960.0
臨夏市,1960.0
Linxia,1960.0
Linxia,1960.0
Линься,1960.0
临夏市,1960.0
Mianyang,5588.0
Mianyang,5588.0
Mianyang,5588.0
Mianyang,5588.0
Mianyang,5588.0
綿陽市,5588.0
Mianyang,5588.0
Mianyang,5588.0
Mianyang,5588.0
Мяньян,5588.0
绵阳市,5588.0
نيكوجا (كانتون),123.0
Nicoya,123.0
Nicoya (ciudad),123.0
Nicoya,123.0
Nicoya,123.0
Nicoya,123.0
尼科亞,123.0
Pokhara,1740.0
بوخارا,1740.0
Pokhara,1740.0
Pokhara,1740.0
Pokhara,1740.0
Pokhara,1740.0
ポカラ,1740.0
Pokhara (stad),1740.0
Pokhara,1740.0
Pokhara,1740.0
Покхара,1740.0
博克拉,1740.0
Pu'er City,3306.0
Pu’er,3306.0
Pu'er,3306.0
Pu'er,3306.0
Pu'er,3306.0
普ジ市,3306.0
Pu'er,3306.0
Pu’er,3306.0
Пуэр (городской округ),3306.0
普洱市,3306.0
Sant Adrià de Besòs,14.0
سان أدريان دي بيزوس,14.0
Sant Adrià de Besòs,14.0
San Adrián de Besós,14.0
Sant Adrià de Besòs,14.0
Sant Adrià de Besòs,14.0
Sant Adrià de Besòs,14.0
サント・アドリアー・ダ・バゾス,14.0
San Adrián de Besós,14.0
Sant Adrià de Besòs,14.0
圣阿德里安-德贝索斯,14.0
Shiyan,1640.0
Shiyan,1640.0
Shiyan,1640.0
Shiyan,1640.0
Shiyan,1640.0
十堰市,1640.0
Shiyan (Hubei),1640.0
Shiyan,1640.0
Шиянь,1640.0
十堰市,1640.0
Shusha,1800.0
Şuşa,1800.0
Şuşa,1800.0
Chouchi,1800.0
Shusha,1800.0
Şuşa (stad),1800.0
Şuşa,1800.0
Шуша,1800.0
Shusha (Azerbaijão),1800.0
舒沙,1800.0
Siliguri,140.0
سيليجري,140.0
Shiliguri,140.0
Siliguri,140.0
Siliguri,140.0
Siliguri,140.0
シリグリ,140.0
Siliguri,140.0
Силигури,140.0
西里古里,140.0
Tai’an (Shandong),1645.0
Tai'an,1645.0
Tai'an,1645.0
Tai'an,1645.0
Tai'an,1645.0
泰安市,1645.0
Tai'an,1645.0
Tai’an,1645.0
Тайань,1645.0
Tai'an,1645.0
泰安市,1645.0
"Taizhou, Zhejiang",1382.0
تاي زهو,1382.0
Taizhou (Zhejiang),1382.0
Taizhou (Zhejiang),1382.0
Taizhou (Zhejiang),1382.0
Taizhou (Zhejiang),1382.0
台州市,1382.0
Taizhou (Zhejiang),1382.0
Taizhou (Zhejiang),1382.0
Тайчжоу (Чжэцзян),1382.0
台州市,1382.0
تشوتشانغ,1150.6
Xuchang,1150.6
Xuchang,1150.6
Xuchang,1150.6
Xuchang,1150.6
Xuchang,1150.6
許昌市,1150.6
Xuchang,1150.6
Xuchang,1150.6
Сюйчан,1150.6
许昌市,1150.6
Yichang,2427.0
Yichang,2427.0
Yichang,2427.0
Yichang,2427.0
Yichang,2427.0
Yichang,2427.0
宜昌市,2427.0
Yichang,2427.0
Ичан,2427.0
Yichang,2427.0
宜昌市,2427.0
Yuanlin,410.0
員林市,410.0
員林市,410.0
Yvoire,441.0
Yvoire,441.0
Yvoire,441.0
Yvoire,441.0
Yvoire,441.0
Yvoire,441.0
Yvoire,441.0
Yvoire,441.0
Ивуар (Франция),441.0
Zibo,1108.3
زيبو,1108.3
Zibo,1108.3
Zibo,1108.3
Zibo,1108.3
Zibo,1108.3
シ博市,1108.3
Zibo,1108.3
Zibo,1108.3
Zibo,1108.3
Цзыбо,1108.3
淄博市,1108.3
رومية (المتن),700.0
Roumieh,700.0
Roumieh,700.0
Sukhumi,140.0
سوخومي,140.0
Sochumi,140.0
Sujumi,140.0
Soukhoumi,140.0
Sukhumi,140.0
スフミ,140.0
Soechoemi,140.0
Suchumi,140.0
Sukhumi,140.0
Сухум,140.0
苏呼米,140.0
جويبار,50.0
Dschuybār,50.0
Juybar,50.0
Juybar,50.0
Juybar,50.0
Dżujbar,50.0
Джуйбар,50.0
Juybar,50.0
تبنين,800.0
Tebnine,800.0
Tibnine,800.0
Tibnin,800.0
Tibnin,800.0
Seattle,158.0
سياتل,158.0
Seattle,158.0
Seattle,158.0
Seattle,158.0
Seattle,158.0
シアトル,158.0
Seattle,158.0
Seattle,158.0
Seattle,158.0
Сиэтл,158.0
西雅圖,158.0
Seattle,158.496
سياتل,158.496
Seattle,158.496
Seattle,158.496
Seattle,158.496
Seattle,158.496
シアトル,158.496
Seattle,158.496
Seattle,158.496
Seattle,158.496
Сиэтл,158.496
西雅圖,158.496
Scíathos (ciudad),436.0
Skiathos (town),436.0
Skiatos (miejscowość),436.0
القبيات,1900.0
Kobayat,1900.0
Al-Qoubaiyat,1900.0
بعقلين,920.0
Baaklin,920.0
Baakline,920.0
Baakline,920.0
Baklin,920.0
Baakleen,920.0
"Erie, Pennsylvania",223.418
إيري (بنسيلفانيا),223.418
Erie (Pennsylvania),223.418
Erie (Pensilvania),223.418
Érié,223.418
Erie (Pennsylvania),223.418
エリー (ペンシルベニア州),223.418
Erie (Pennsylvania),223.418
Erie (Pensylwania),223.418
Erie (Pensilvânia),223.418
Эри (Пенсильвания),223.418
伊利 (賓夕法尼亞州),223.418
Brescia,874.0
بريشا,874.0
Brescia,874.0
Brescia,874.0
Brescia,874.0
Brescia,874.0
ブレシア,874.0
Brescia (stad),874.0
Brescia,874.0
Bréscia,874.0
Брешиа,874.0
布雷西亚,874.0
City of Leeds,340.0
Città di Leeds,340.0
Cité de Leeds,340.0
City of Leeds,340.0
シティ・オブ・リーズ,340.0
City of Leeds,340.0
Сити-оф-Лидс,340.0
利茲市,340.0
City of Leeds,340.0
"City of Preston, Lancashire",266.0
Cité de Preston,266.0
シティ・オブ・プレストン,266.0
City of Preston,266.0
Сити-оф-Престон,266.0
普雷斯頓市,266.0
Rhodes (city),25.0
رودس (مدينة),25.0
Rhodos (Stadt),25.0
Rodas (ciudad),25.0
Rhodes (ville),25.0
Rodi (città),25.0
Rodos (stad),25.0
ロドス,25.0
Rodos (miasto),25.0
Родос (город),25.0
Rodes (cidade),25.0
羅得市,25.0
Chania,5.0
خانية,5.0
Chania,5.0
La Canea,5.0
La Canée,5.0
La Canea,5.0
Chania (stad),5.0
ハニア,5.0
Chania,5.0
Chania,5.0
Ханья,5.0
干尼亞,5.0
Heraklion,33.0
كاندية,33.0
Iraklio,33.0
Heraclión,33.0
Héraklion,33.0
Candia,33.0
イラクリオン,33.0
Iraklion (stad),33.0
Heraklion,33.0
Heraclião,33.0
Ираклион,33.0
伊拉克利翁,33.0
Pavlohrad,71.0
Pawlohrad,71.0
Pavlohrad,71.0
Pavlohrad,71.0
パウロフラード,71.0
Pavlohrad,71.0
Pawłohrad,71.0
Павлоград,71.0
巴甫洛格勒,71.0
كورفو (مدينة),10.0
Korfu (Stadt),10.0
Corfu (city),10.0
Corfú (ciudad),10.0
Corfou (ville),10.0
Corfù (città),10.0
ケルキラ,10.0
Korfoe (stad),10.0
Korfu (miasto),10.0
Corfu (cidade),10.0
Керкира (город),10.0
克基拉市,10.0
حدث الجبة,2000.0
Hadath El Jebbeh,2000.0
"Allentown, Pennsylvania",134.112
ألينتاون,134.112
Allentown (Pennsylvania),134.112
Allentown (Pensilvania),134.112
Allentown (Pennsylvanie),134.112
Allentown (Pennsylvania),134.112
Allentown (Pennsylvania),134.112
アレンタウン (ペンシルベニア州),134.112
Allentown (Pensylwania),134.112
Allentown (Pensilvânia),134.112
Аллентаун,134.112
阿伦敦 (宾夕法尼亚州),134.112
"Cartagena, Spain",50.0
كارتاخينا (إسبانيا),50.0
Cartagena (Spanien),50.0
Cartagena (España),50.0
Carthagène (Espagne),50.0
Cartagena (Spagna),50.0
カルタヘナ (スペイン),50.0
Cartagena (Spanje),50.0
Kartagena,50.0
Cartagena (Espanha),50.0
Картахена,50.0
卡塔赫纳 (西班牙),50.0
Christchurch,920.0
كرايستشرش,920.0
Christchurch,920.0
Christchurch,920.0
Christchurch,920.0
Christchurch,920.0
クライストチャーチ,920.0
Christchurch (Nieuw-Zeeland),920.0
Christchurch (Nowa Zelandia),920.0
Christchurch,920.0
Крайстчерч,920.0
基督城,920.0
"Hudson, New York",128.016
هدسون (نيويورك),128.016
Hudson (New York),128.016
Hudson (Nueva York),128.016
Hudson (New York),128.016
Hudson (New York),128.016
Hudson (New York),128.016
Hudson (Nova Iorque),128.016
Hudson (Nowy Jork),128.016
Хадсон (Нью-Йорк),128.016
哈德逊 (纽约州),128.016
"Richmond, British Columbia",12.0
ريتشموند (كولومبيا البريطانية),12.0
Richmond (British Columbia),12.0
Richmond (Columbia Británica),12.0
Richmond (Colombie-Britannique),12.0
Richmond (Columbia Britannica),12.0
リッチモンド (ブリティッシュコロンビア州),12.0
Richmond (Brits-Columbia),12.0
Richmond (Kolumbia Brytyjska),12.0
Richmond (Colúmbia Britânica),12.0
Ричмонд (Британская Колумбия),12.0
列治文,12.0
Santa Cruz del Quiché,2500.0
Santa Cruz del Quiché,2500.0
Santa Cruz del Quiché,2500.0
Santa Cruz del Quiché,2500.0
Santa Cruz del Quiché,2500.0
Santa Cruz del Quiché,2500.0
Santa Cruz del Quiché,2500.0
Santa Cruz del Quiché,2500.0
聖克魯斯 (基切省),2500.0
Santiago Atitlán,3516.0
Santiago Atitlán,3516.0
Santiago Atitlán,3516.0
Santiago Atitlán,3516.0
Santiago Atitlán,3516.0
サンティアゴ・アティトラン,3516.0
Santiago Atitlán,3516.0
Santiago Atitlán,3516.0
聖地亞哥阿蒂特蘭,3516.0
"Surrey, British Columbia",134.0
سوري (كولومبيا البريطانية),134.0
Surrey (British Columbia),134.0
Surrey (Columbia Británica),134.0
Surrey (Colombie-Britannique),134.0
Surrey (Columbia Britannica),134.0
サレー,134.0
Surrey (Brits-Columbia),134.0
Surrey (Kanada),134.0
Surrey (Colúmbia Britânica),134.0
Суррей (Британская Колумбия),134.0
素里,134.0
Edmundston,264.0
Edmundston,264.0
Edmundston,264.0
Edmundston,264.0
Edmundston,264.0
エドモンストン,264.0
Edmundston,264.0
Edmundston,264.0
Edmundston,264.0
Эдмундстон (Нью-Брансуик),264.0
埃德蒙兹顿,264.0
Kavala,53.0
كافالا,53.0
Kavala,53.0
Kavala,53.0
Kavala,53.0
Kavala,53.0
Kavala (stad),53.0
カヴァラ (ギリシャ),53.0
Kawala,53.0
Cavala (Grécia),53.0
Кавала (город),53.0
卡瓦拉,53.0
Mandaluyong,67.0
Mandaluyong City,67.0
Mandaluyong,67.0
Mandaluyong,67.0
Mandaluyong,67.0
Mandaluyong,67.0
マンダルヨン,67.0
Mandaluyong,67.0
Mandaluyong,67.0
曼达卢永,67.0
Piraeus,87.0
بيرايوس,87.0
Piräus,87.0
El Pireo,87.0
Le Pirée,87.0
Il Pireo,87.0
ピレウス,87.0
Piraeus (stad),87.0
Pireus,87.0
Pireu,87.0
Пирей,87.0
比雷埃夫斯,87.0
Volos,5.0
فولوس,5.0
Volos,5.0
Volos,5.0
Vólos,5.0
Volo (Grecia),5.0
Volos,5.0
ヴォロス,5.0
Wolos,5.0
Vólos,5.0
Волос (город),5.0
沃洛斯,5.0
Alexandroupoli,11.0
أليكساندروبولي,11.0
Alexandroupoli,11.0
Alejandrópolis,11.0
Alessandropoli,11.0
Alexandroúpoli,11.0
Alexandroupolis,11.0
アレクサンドルーポリ,11.0
Aleksandropolis,11.0
Александруполис,11.0
Alexandrópolis,11.0
亞歷山德魯波利斯,11.0
Komotini,19.0
كوموتيني,19.0
Komotini,19.0
Komotiní,19.0
Komotiní,19.0
Komotini,19.0
コモティニ,19.0
Komotini,19.0
Komotini,19.0
Comotini,19.0
Комотини,19.0
科莫蒂尼,19.0
نيا إيونيا (ماغنيسيا),5.0
"Nea Ionia, Magnesia",5.0
Nea Ionia,5.0
Nea Ionia (Tessaglia),5.0
Néa Ionía (Thessalie),5.0
Tacloban,21.0
تاكلوبان,21.0
Tacloban City,21.0
Tacloban,21.0
Tacloban,21.0
Tacloban,21.0
タクロバン,21.0
Tacloban,21.0
Tacloban,21.0
Tacloban,21.0
Таклобан,21.0
独鲁万市,21.0
زاكينثوس (مدينة),10.0
Zakynthos (Stadt),10.0
Zakynthos (city),10.0
Zante (ville),10.0
Zante (città),10.0
ザキントス,10.0
Zakynthos (stad),10.0
Zakintos (miejscowość),10.0
Закинтос,10.0
扎金索斯,10.0
جدايل,220.0
Jeddayel,220.0
Jeddayel,220.0
كوستناي,185.0
Qostanai,185.0
Kostanái,185.0
Kostanaï,185.0
Qostanay,185.0
コスタナイ,185.0
Qostanay,185.0
Kustanaj,185.0
Qostanay,185.0
Костанай,185.0
庫斯塔奈,185.0
Kostanay,185.0
Naxos (Gemeindebezirk),11.0
Naxos (ciudad),11.0
Nasso (comune),11.0
Náxos (ville),11.0
Naxos (city),11.0
Naxos (cidade),11.0
Наксос (город),11.0
纳克索斯,11.0
شكا,200.0
Chekka,200.0
Chekka,200.0
Szikka,200.0
حصرون,1600.0
Hasroun,1600.0
Hasroun,1600.0
عين سعادة,650.0
Ain Saadeh,650.0
Ain Saadeh,650.0
أيطو,1300.0
Aitou,1300.0
بعبدات,1100.0
Baabdat,1100.0
Baabdat,1100.0
Baabdat,1100.0
Baabdat,1100.0
Baabdat,1100.0
Babdat,1100.0
برمانا,800.0
Brummana,800.0
Broummana,800.0
Brummana,800.0
Brummana,800.0
Burummana,800.0
Cartavio (Ascope),116.0
"Cartavio, Peru",116.0
دير ميماس,650.0
Deir Mimas,650.0
Dajr Mimas,650.0
القوزح,800.0
Qaouzah,800.0
رميش,850.0
Rmaich,850.0
Rumajsz,850.0
سوق الغرب,750.0
Souk El Gharb,750.0
Souk El Gharb,750.0
Souk El Gharb,750.0
Suk al-Gharb,750.0
يارون,800.0
Yaroun,800.0
Jarun,800.0
Rethymno,15.0
ريثيمنو,15.0
Rethymno,15.0
Rétino,15.0
Réthymnon,15.0
Rethymno,15.0
Rethimnon (stad),15.0
レティムノ,15.0
Retimno,15.0
Retimno,15.0
Ретимнон,15.0
罗希姆诺,15.0
عين الصفصاف,1100.0
Ain el Safssaf,1100.0
Ain el Safssaf,1100.0
بيت شباب (المتن),700.0
Beit Chebab,700.0
Beit Chabab,700.0
دير انطار,670.0
Deir Ntar,670.0
Deyrintar,670.0
Haimen,5.2
Haimen,5.2
Haimen,5.2
Haimen,5.2
海門市,5.2
海门市,5.2
Хаймэнь,5.2
Pengzhou,4812.0
Pengzhou,4812.0
Pengzhou,4812.0
彭州市,4812.0
彭州市,4812.0
Пэнчжоу,4812.0
Auckland,196.0
أوكلاند,196.0
Auckland,196.0
Auckland,196.0
Auckland,196.0
Auckland,196.0
オークランド (ニュージーランド),196.0
Auckland,196.0
Auckland,196.0
Auckland,196.0
Окленд (Новая Зеландия),196.0
奧克蘭 (紐西蘭),196.0
إيغومنيتسا,10.0
Igoumenitsa,10.0
Igoumenitsa,10.0
Igumenitsa,10.0
Igoumenítsa,10.0
Igoumenitsa,10.0
Igoemenitsa,10.0
イグメニツァ,10.0
Igumenitsa,10.0
Игуменица,10.0
伊古迈尼察,10.0
Zürich,871.0
زيورخ,871.0
Zürich,871.0
Zúrich,871.0
Zurich,871.0
Zurigo,871.0
チューリッヒ,871.0
Zürich (stad),871.0
Zurych,871.0
Zurique,871.0
Цюрих,871.0
苏黎世,871.0
جديدة (المتن),50.0
Judaydat al-Matn,50.0
Jdeideh,50.0
Jdeideh,50.0
Dżudajda,50.0
Jdeideh,50.0
Эль-Джудейда,50.0
ميفوق,1100.0
Mayfouk,1100.0
Majfuk,1100.0
Mayfouq,1100.0
منصورية (المتن),250.0
Mansourieh,250.0
Mansourieh,250.0
