http://dbpedia.org/ontology/Mountain,Mountain,http://dbpedia.org/ontology/elevation
http://dbpedia.org/resource/Volovec_(Tatra),Volovec (Tatra),2008.5119173699836
http://dbpedia.org/resource/Monte_Orsiera,Monte Orsiera,2867.8762679648294
http://dbpedia.org/resource/Chiaksan,Chiaksan,1272.8520027842892
http://dbpedia.org/resource/Frankland_Peak,Frankland Peak,1158.788073796135
http://dbpedia.org/resource/Gass_Peak,Gass Peak,1839.4433624527264
http://dbpedia.org/resource/Coatepeque_Caldera,Coatepeque Caldera,820.617150826712
http://dbpedia.org/resource/Alport_Height,Alport Height,346.52708113940406
http://dbpedia.org/resource/Salla_Willk'i_Punta,Salla Willk'i Punta,4377.766466429117
http://dbpedia.org/resource/Dalhousie_Mountain,Dalhousie Mountain,371.1524451245625
http://dbpedia.org/resource/Kaweka_J,Kaweka J,1574.2172534702402
http://dbpedia.org/resource/Mount_Hachimantai,Mount Hachimantai,1536.3386191530794
http://dbpedia.org/resource/Sennkogel,Sennkogel,3462.7474999604283
http://dbpedia.org/resource/Alluitz,Alluitz,1106.3085904853224
http://dbpedia.org/resource/Glungezer,Glungezer,2868.767890148096
http://dbpedia.org/resource/Beinn_an_Òir,Beinn an Òir,895.8785630223849
http://dbpedia.org/resource/Clark_Mountain_(Washington),Clark Mountain (Washington),2750.7909066641205
http://dbpedia.org/resource/Beinn_Sciathan,Beinn Sciathan,158.136797564339
http://dbpedia.org/resource/Urdevassfjell,Urdevassfjell,825.2104689953127
http://dbpedia.org/resource/Vakak_Group,Vakak Group,3106.8491788642764
http://dbpedia.org/resource/Myeongbongsan,Myeongbongsan,601.6566078165009
http://dbpedia.org/resource/Lovely_Seat,Lovely Seat,703.4931587869061
http://dbpedia.org/resource/Weißseespitze,Weißseespitze,3463.5801952543984
http://dbpedia.org/resource/Sgùrr_na_Ciste_Duibhe,Sgùrr na Ciste Duibhe,1150.5910059174823
http://dbpedia.org/resource/Caherconree,Caherconree,818.9721205520792
http://dbpedia.org/resource/Puca_Allpa,Puca Allpa,5157.240190735806
http://dbpedia.org/resource/Mount_Shiretoko,Mount Shiretoko,1373.0632132562812
http://dbpedia.org/resource/Shawnee_Peak_(Colorado),Shawnee Peak (Colorado),3926.7547880160264
http://dbpedia.org/resource/Yoke_(Lake_District),Yoke (Lake District),790.4039316299384
"http://dbpedia.org/resource/Elephant_Mountain_(Piscataquis_County,_Maine)","Elephant Mountain (Piscataquis County, Maine)",918.993154081654
http://dbpedia.org/resource/Mount_Jizhen,Mount Jizhen,1015.2291514890647
http://dbpedia.org/resource/Clyde_Mountain,Clyde Mountain,864.8631227261385
http://dbpedia.org/resource/Monte_Viso,Monte Viso,4045.9402254758807
http://dbpedia.org/resource/Whitehorn_Mountain_(British_Columbia),Whitehorn Mountain (British Columbia),3882.035772549347
http://dbpedia.org/resource/Reynolds_Mountain,Reynolds Mountain,2848.9035120173003
http://dbpedia.org/resource/Zufrittspitze,Zufrittspitze,3596.5929180997787
http://dbpedia.org/resource/Inverness_Ridge,Inverness Ridge,290.2536605899337
http://dbpedia.org/resource/Grassy_Ridge,Grassy Ridge,1174.1039544930063
http://dbpedia.org/resource/Hakgala,Hakgala,2212.281410593787
http://dbpedia.org/resource/Mireuksan_(Gangwon),Mireuksan (Gangwon),1199.6563060640715
http://dbpedia.org/resource/Cruachan-paorach,Cruachan-paorach,370.7386655204312
http://dbpedia.org/resource/Serra_do_Marão,Serra do Marão,1306.0631345370907
http://dbpedia.org/resource/Rotstein,Rotstein,415.4183505268225
http://dbpedia.org/resource/Mount_Markham,Mount Markham,4193.889006724537
http://dbpedia.org/resource/Wila_Salla_(Oruro-Potosí),Wila Salla (Oruro-Potosí),5090.078317413054
http://dbpedia.org/resource/P'iqi_Q'ara_(Coroico),P'iqi Q'ara (Coroico),2455.9413815583166
http://dbpedia.org/resource/Hochfeiler,Hochfeiler,3978.6022110881877
http://dbpedia.org/resource/Wamanrasu,Wamanrasu,5432.606386684797
http://dbpedia.org/resource/Katla_(volcano),Katla (volcano),1477.4204798465385
http://dbpedia.org/resource/Thunderhead_Mountain,Thunderhead Mountain,1538.7836036558372
http://dbpedia.org/resource/Gamaksan_(Gyeonggi),Gamaksan (Gyeonggi),687.3143097606272
http://dbpedia.org/resource/Garreg_Las,Garreg Las,551.4789159779104
http://dbpedia.org/resource/Mount_Vaea,Mount Vaea,417.6792904105228
http://dbpedia.org/resource/Sirk'i_(Oruro),Sirk'i (Oruro),4480.416054498393
http://dbpedia.org/resource/Hohe_Dock,Hohe Dock,3373.021074187917
http://dbpedia.org/resource/Superstition_Mountain,Superstition Mountain,1513.2593746424127
http://dbpedia.org/resource/Große_Sandspitze,Große Sandspitze,2973.618143612269
http://dbpedia.org/resource/Chatyr-Dag,Chatyr-Dag,1502.188069252952
http://dbpedia.org/resource/Gayasan_(South_Chungcheong),Gayasan (South Chungcheong),762.5461374348746
http://dbpedia.org/resource/Sumantri,Sumantri,5062.110671963944
"http://dbpedia.org/resource/Hogback_Mountain_(Klamath_County,_Oregon)","Hogback Mountain (Klamath County, Oregon)",2071.1400454746395
"http://dbpedia.org/resource/Mullaghmore,_County_Londonderry","Mullaghmore, County Londonderry",542.7819930878784
http://dbpedia.org/resource/Tahquitz_Peak,Tahquitz Peak,2475.8986384192344
http://dbpedia.org/resource/Čvrsnica,Čvrsnica,2218.1640853738118
http://dbpedia.org/resource/Puka_Q'asa_(Castrovirreyna-Huancavelica),Puka Q'asa (Castrovirreyna-Huancavelica),4157.5356223783465
http://dbpedia.org/resource/Mount_Fridtjof_Nansen,Mount Fridtjof Nansen,4221.878005192363
http://dbpedia.org/resource/Panther_Peak_(New_York),Panther Peak (New York),1433.1616969941042
http://dbpedia.org/resource/Billingen,Billingen,343.6383287238053
http://dbpedia.org/resource/Benarty_Hill,Benarty Hill,382.75504832154024
http://dbpedia.org/resource/Chullpa_Urqu_(Potosí),Chullpa Urqu (Potosí),2771.0540479968795
http://dbpedia.org/resource/Bud_Dajo,Bud Dajo,610.1935976029301
http://dbpedia.org/resource/Mount_Tomuraushi_(Hidaka),Mount Tomuraushi (Hidaka),1433.844073386314
http://dbpedia.org/resource/Kharkush,Kharkush,2873.8729246473986
http://dbpedia.org/resource/Hesperus_Mountain_(Colorado),Hesperus Mountain (Colorado),4061.7611568869097
http://dbpedia.org/resource/Lassen_Peak,Lassen Peak,3073.9160903113316
http://dbpedia.org/resource/Quchayuq_(Chuquisaca),Quchayuq (Chuquisaca),3335.3826713087074
http://dbpedia.org/resource/Myarth,Myarth,255.79701902125134
http://dbpedia.org/resource/Brandhorn_(Steinernes_Meer),Brandhorn (Steinernes Meer),2355.0623937596183
http://dbpedia.org/resource/Puncak_Jaya,Puncak Jaya,4405.786942225019
http://dbpedia.org/resource/Arnison_Crag,Arnison Crag,454.88517803850857
http://dbpedia.org/resource/Mount_Wellington_(British_Columbia),Mount Wellington (British Columbia),1667.517683020634
http://dbpedia.org/resource/Bützistock,Bützistock,2132.966267443695
http://dbpedia.org/resource/Mount_Foster,Mount Foster,1862.6750910452422
http://dbpedia.org/resource/Mount_Michelson_(Brooks_Range),Mount Michelson (Brooks Range),2459.2678689776994
http://dbpedia.org/resource/Mount_Crillon,Mount Crillon,3367.96656208883
http://dbpedia.org/resource/Kita_Raqsa,Kita Raqsa,4719.339997269273
http://dbpedia.org/resource/Wurmaulspitze,Wurmaulspitze,2772.039190821214
http://dbpedia.org/resource/Mount_Baw_Baw,Mount Baw Baw,1648.3549389959126
http://dbpedia.org/resource/Rhos_Fawr,Rhos Fawr,741.8208587316267
http://dbpedia.org/resource/Góra_Świętej_Anny_(hill),Góra Świętej Anny (hill),457.55869209024775
http://dbpedia.org/resource/Constable_Peak,Constable Peak,2588.7329386925153
http://dbpedia.org/resource/Skiddaw_Little_Man,Skiddaw Little Man,781.2218482928971
http://dbpedia.org/resource/Mangere_Mountain,Mangere Mountain,99.51696527941685
http://dbpedia.org/resource/Pigne_de_la_Lé,Pigne de la Lé,3638.350248675793
http://dbpedia.org/resource/Yuraq_Kancha_(Bolivia),Yuraq Kancha (Bolivia),4262.374731990935
http://dbpedia.org/resource/Mount_Rakko,Mount Rakko,1575.2302243908384
http://dbpedia.org/resource/Yamanlar,Yamanlar,1138.8738789992656
http://dbpedia.org/resource/Slipdown_Mountain,Slipdown Mountain,390.90663393055837
http://dbpedia.org/resource/Sinseonbong_(Jecheon),Sinseonbong (Jecheon),818.7976723729712
http://dbpedia.org/resource/Huallanca_(mountain),Huallanca (mountain),5739.296844623321
http://dbpedia.org/resource/Saltoro_Kangri,Saltoro Kangri,7105.180329004069
http://dbpedia.org/resource/Waña_Q'awa_(Tacna),Waña Q'awa (Tacna),3617.681565600562
"http://dbpedia.org/resource/Watson_Peak_(Custer_County,_Idaho)","Watson Peak (Custer County, Idaho)",2902.6336397924447
http://dbpedia.org/resource/Pine_Knob_(Pennsylvania),Pine Knob (Pennsylvania),866.9254500737519
http://dbpedia.org/resource/Veobrehesten,Veobrehesten,2296.9055137134396
http://dbpedia.org/resource/Carn_a'_Chlamain,Carn a' Chlamain,984.5663749851376
http://dbpedia.org/resource/Nagyeongsan,Nagyeongsan,711.1155298466538
http://dbpedia.org/resource/Tikrasqa_(Mizque),Tikrasqa (Mizque),3928.2826586461892
http://dbpedia.org/resource/Monte_Cimone,Monte Cimone,1898.331950858031
http://dbpedia.org/resource/Mount_Church_(Idaho),Mount Church (Idaho),4195.721667975569
http://dbpedia.org/resource/Eiger,Eiger,4341.660788720025
http://dbpedia.org/resource/Mount_Price_(California),Mount Price (California),2853.963306693038
http://dbpedia.org/resource/Pine_Knob,Pine Knob,342.74522696550736
http://dbpedia.org/resource/Gaurishankar,Gaurishankar,7787.80893079946
http://dbpedia.org/resource/Kuntur_Tiyana,Kuntur Tiyana,5004.414159145756
http://dbpedia.org/resource/Mount_Amida,Mount Amida,770.9574036505117
http://dbpedia.org/resource/Mount_Byōbu_(Okinawa),Mount Byōbu (Okinawa),312.57663063416567
http://dbpedia.org/resource/Vesle_Galdhøpiggen,Vesle Galdhøpiggen,2662.92687368708
http://dbpedia.org/resource/Mount_Lyell_(Tasmania),Mount Lyell (Tasmania),910.2210365772901
http://dbpedia.org/resource/Rauher_Kulm,Rauher Kulm,715.7276974327955
http://dbpedia.org/resource/Babuyan_Claro_Volcano,Babuyan Claro Volcano,728.8444311413161
http://dbpedia.org/resource/Cascade_Mountain_(Alberta),Cascade Mountain (Alberta),2963.8455028591334
http://dbpedia.org/resource/Beinn_a'_Chaorainn_(Cairngorms),Beinn a' Chaorainn (Cairngorms),1212.7025906978158
http://dbpedia.org/resource/Paka_(volcano),Paka (volcano),1818.9630468984112
http://dbpedia.org/resource/Maepongsan_(South_Hwanghae),Maepongsan (South Hwanghae),206.26555196252605
http://dbpedia.org/resource/Arlington_Mountain,Arlington Mountain,615.3070523238499
http://dbpedia.org/resource/Penang_Hill,Penang Hill,730.1598094993519
http://dbpedia.org/resource/Piz_Riein,Piz Riein,2536.077134066839
http://dbpedia.org/resource/Quitaraju,Quitaraju,6405.604529041849
http://dbpedia.org/resource/Chawpi_Urqu_(Huanca_Sancos),Chawpi Urqu (Huanca Sancos),4614.913023099778
http://dbpedia.org/resource/Chachakumani_(Quispicanchi),Chachakumani (Quispicanchi),4446.281076281667
http://dbpedia.org/resource/Biseulsan,Biseulsan,1244.3715885872211
http://dbpedia.org/resource/Aiguilles_d'Arves,Aiguilles d'Arves,3187.604595692999
http://dbpedia.org/resource/Creag_Meagaidh,Creag Meagaidh,1078.1460860523737
http://dbpedia.org/resource/Mount_Emmons_(New_York),Mount Emmons (New York),1228.2517747158674
http://dbpedia.org/resource/Widdersgrind,Widdersgrind,2102.3849191958006
http://dbpedia.org/resource/Mount_Hamilton_(California),Mount Hamilton (California),1473.9012552146773
http://dbpedia.org/resource/Janq'u_Qullu_(Pando),Janq'u Qullu (Pando),3971.6529486477843
http://dbpedia.org/resource/Wind_River_Peak,Wind River Peak,3638.0807135524506
http://dbpedia.org/resource/Deomali_(mountain),Deomali (mountain),1673.6759484429165
http://dbpedia.org/resource/West_Buffalo_Peak,West Buffalo Peak,4257.072563690229
http://dbpedia.org/resource/Aucanquilcha,Aucanquilcha,6446.22820736324
http://dbpedia.org/resource/Gillies_Hill,Gillies Hill,140.03684368206396
http://dbpedia.org/resource/Vanil_des_Artses,Vanil des Artses,2041.5930288959373
http://dbpedia.org/resource/Zwölferkofel,Zwölferkofel,3263.9176206094594
http://dbpedia.org/resource/Galgenberg_(Schwarzenberg),Galgenberg (Schwarzenberg),563.1557881068225
http://dbpedia.org/resource/Lower_Wolfjaw_Mountain,Lower Wolfjaw Mountain,1352.002136611789
http://dbpedia.org/resource/Mount_Mestas,Mount Mestas,3489.1963052124147
http://dbpedia.org/resource/Eisenberg_(Knüll),Eisenberg (Knüll),693.9888798626955
http://dbpedia.org/resource/Roche_Jacques,Roche Jacques,2600.063877110894
http://dbpedia.org/resource/Wamanripa_(Cusco),Wamanripa (Cusco),5225.449770829155
http://dbpedia.org/resource/Chomo_Lonzo,Chomo Lonzo,8707.681068800965
http://dbpedia.org/resource/Split_Mountain_(Montana),Split Mountain (Montana),2358.6054943365134
http://dbpedia.org/resource/Fluchthorn,Fluchthorn,3153.5279491165816
http://dbpedia.org/resource/Jacks_Knob,Jacks Knob,988.8919399649642
http://dbpedia.org/resource/Ötscher,Ötscher,1938.1729304509427
http://dbpedia.org/resource/Hohe_Warte_(Rothaar),Hohe Warte (Rothaar),647.028826935459
http://dbpedia.org/resource/Uluguru_Mountains,Uluguru Mountains,2419.3065191115484
http://dbpedia.org/resource/Mount_Koven_(Wyoming),Mount Koven (Wyoming),3702.3908518657017
http://dbpedia.org/resource/Mount_Charleston,Mount Charleston,3386.6170961208195
http://dbpedia.org/resource/Timber_Ridge,Timber Ridge,380.14066587123943
http://dbpedia.org/resource/Gross_Sättelistock,Gross Sättelistock,2649.0306816371585
http://dbpedia.org/resource/Wila_Sirka_(Oruro),Wila Sirka (Oruro),5382.848570433929
http://dbpedia.org/resource/Hohe_Egge_(Süntel),Hohe Egge (Süntel),414.74842433904837
http://dbpedia.org/resource/McIntyre_Bluff,McIntyre Bluff,675.6863380072372
http://dbpedia.org/resource/Mount_Van_Cott,Mount Van Cott,1898.1986344117454
http://dbpedia.org/resource/Gleirscher_Rosskogel,Gleirscher Rosskogel,3347.9671393088106
http://dbpedia.org/resource/Gwaebangsan_(South_Gyeongsang),Gwaebangsan (South Gyeongsang),421.59928770776776
http://dbpedia.org/resource/Bubenik_(hill),Bubenik (hill),341.5117433153613
http://dbpedia.org/resource/Mount_Waddington,Mount Waddington,4384.0539757399065
http://dbpedia.org/resource/Klunst,Klunst,471.980532844786
http://dbpedia.org/resource/Mount_Bogong,Mount Bogong,1717.7435083783234
http://dbpedia.org/resource/Lluqu_Qullu,Lluqu Qullu,4381.772057393247
http://dbpedia.org/resource/Wilder_Pfaff,Wilder Pfaff,3545.730897008143
http://dbpedia.org/resource/Isanotski_Peaks,Isanotski Peaks,2353.9874811011705
http://dbpedia.org/resource/Lindenberg_(Switzerland),Lindenberg (Switzerland),879.6131393770311
http://dbpedia.org/resource/Boris_Yeltsin_Peak,Boris Yeltsin Peak,5886.515772834677
http://dbpedia.org/resource/Piz_dal_Fuorn,Piz dal Fuorn,2602.280402326597
http://dbpedia.org/resource/Rumdoodle_Peak,Rumdoodle Peak,914.134741172067
http://dbpedia.org/resource/Ch-paa-qn_Peak,Ch-paa-qn Peak,2099.1190669311986
http://dbpedia.org/resource/Limestack_Mountain,Limestack Mountain,2123.7125648525766
http://dbpedia.org/resource/Mount_Marcy,Mount Marcy,1631.2055009908331
http://dbpedia.org/resource/Mount_Moturau,Mount Moturau,1696.3050238492488
"http://dbpedia.org/resource/Granite_Peak_(Trinity_County,_California)","Granite Peak (Trinity County, California)",2509.686167448377
http://dbpedia.org/resource/Mount_Andromeda_(Alberta),Mount Andromeda (Alberta),3105.085508963498
http://dbpedia.org/resource/Huampo_(Huaylas),Huampo (Huaylas),4637.21423740376
http://dbpedia.org/resource/Dent_Blanche,Dent Blanche,4323.468363739858
http://dbpedia.org/resource/Mount_McKay,Mount McKay,514.8618978515008
http://dbpedia.org/resource/Phú_Lương_(mountain),Phú Lương (mountain),3031.9557860742952
http://dbpedia.org/resource/Blue_Mountain_(California),Blue Mountain (California),2834.5143373549704
http://dbpedia.org/resource/Piz_Surparé,Piz Surparé,2708.0092350506784
http://dbpedia.org/resource/Whetstone_Mountain,Whetstone Mountain,3649.461633967273
http://dbpedia.org/resource/Vennisfjellet,Vennisfjellet,1872.3621374199174
http://dbpedia.org/resource/Moel_y_Parc,Moel y Parc,434.1697490782177
http://dbpedia.org/resource/Dosolbong_(South_Jeolla),Dosolbong (South Jeolla),1064.497743199278
http://dbpedia.org/resource/Tarapu,Tarapu,4268.929233108313
http://dbpedia.org/resource/Apple_Pie_Hill,Apple Pie Hill,61.424174404521445
http://dbpedia.org/resource/Fil_de_Dragiva,Fil de Dragiva,2522.018567939519
"http://dbpedia.org/resource/Thunder_Mountain_(Amador_County,_California)","Thunder Mountain (Amador County, California)",3238.9887551740285
http://dbpedia.org/resource/Brown_Cliffs_North,Brown Cliffs North,3567.553385633559
http://dbpedia.org/resource/Chachakumani_(Canchis),Chachakumani (Canchis),4293.921224432961
http://dbpedia.org/resource/Krehberg,Krehberg,623.7501491331693
http://dbpedia.org/resource/Forellen_Peak,Forellen Peak,3384.769011702283
http://dbpedia.org/resource/Dodeuramsan,Dodeuramsan,338.9742807134567
http://dbpedia.org/resource/Monte_Vettore,Monte Vettore,2683.273661364336
http://dbpedia.org/resource/Gill_Pinnacle,Gill Pinnacle,724.7243194335143
http://dbpedia.org/resource/Marys_Peak,Marys Peak,1266.722753560581
http://dbpedia.org/resource/Marungu_highlands,Marungu highlands,2636.6933121732995
http://dbpedia.org/resource/Laurel_Hill_(Pennsylvania),Laurel Hill (Pennsylvania),854.1379548858937
http://dbpedia.org/resource/Mount_Bailey_(Colorado),Mount Bailey (Colorado),2776.312705521912
http://dbpedia.org/resource/Kunkush_Kancha,Kunkush Kancha,4694.396388115465
http://dbpedia.org/resource/Schibe,Schibe,2346.3607020454438
http://dbpedia.org/resource/Mount_Liberty_(New_Hampshire),Mount Liberty (New Hampshire),1324.7212399074365
http://dbpedia.org/resource/Aqhu_Phichaqa,Aqhu Phichaqa,5442.307918204086
http://dbpedia.org/resource/Aitz_Txiki,Aitz Txiki,848.1265051829519
http://dbpedia.org/resource/Pizes_de_Cir,Pizes de Cir,2904.347411100926
http://dbpedia.org/resource/Oseosan,Oseosan,677.1706990205062
http://dbpedia.org/resource/Slættaratindur,Slættaratindur,925.0283562732725
http://dbpedia.org/resource/Mascarin_Peak,Mascarin Peak,1160.6966351280034
http://dbpedia.org/resource/Catherine_Mountain,Catherine Mountain,261.20144124637545
http://dbpedia.org/resource/Williams_Cone,Williams Cone,2069.813144188388
http://dbpedia.org/resource/Mount_Bendeleben,Mount Bendeleben,1202.8758819672091
http://dbpedia.org/resource/Khunu_Qullu,Khunu Qullu,5742.02985336589
http://dbpedia.org/resource/Sleepy_Creek_Mountain,Sleepy Creek Mountain,562.7292294978541
http://dbpedia.org/resource/Marble_Peak_(British_Columbia),Marble Peak (British Columbia),2000.6233831649952
http://dbpedia.org/resource/Similaun,Similaun,3757.856560938696
http://dbpedia.org/resource/Gletscherchamm,Gletscherchamm,2999.8011863270194
http://dbpedia.org/resource/Samalayuca_Dune_Fields,Samalayuca Dune Fields,1246.6903961146322
http://dbpedia.org/resource/Baba_Mountain_(Macedonia),Baba Mountain (Macedonia),2694.8381254288747
http://dbpedia.org/resource/Botzer,Botzer,2826.1350422867513
http://dbpedia.org/resource/T'ula_T'ulani_(Inquisivi),T'ula T'ulani (Inquisivi),4826.4147109085225
http://dbpedia.org/resource/Sentinel_Dome,Sentinel Dome,2446.2336169239807
http://dbpedia.org/resource/Jacks_Mountain,Jacks Mountain,691.9892359618775
http://dbpedia.org/resource/Lunq'u,Lunq'u,5448.34868527122
http://dbpedia.org/resource/Gong_Peak,Gong Peak,3429.707843443136
http://dbpedia.org/resource/Pilot_Butte_(Oregon),Pilot Butte (Oregon),1090.614758490781
http://dbpedia.org/resource/Mount_Iyogatake,Mount Iyogatake,360.85875403378895
http://dbpedia.org/resource/Jatun_Q'asa_(Yocalla),Jatun Q'asa (Yocalla),3767.053954446872
http://dbpedia.org/resource/Eldorado_Mountain,Eldorado Mountain,2596.3762691366496
http://dbpedia.org/resource/Ligñon_Hill,Ligñon Hill,134.509742472037
http://dbpedia.org/resource/Waldo_Mountain,Waldo Mountain,1669.8291197392502
http://dbpedia.org/resource/Cerro_Doña_Juana,Cerro Doña Juana,969.0189691484522
http://dbpedia.org/resource/Cheonseongsan,Cheonseongsan,772.611657253631
http://dbpedia.org/resource/Peak_2266,Peak 2266,747.2449741617427
http://dbpedia.org/resource/Sca_Fell,Sca Fell,950.5901728065107
http://dbpedia.org/resource/Kinhorn,Kinhorn,4047.4527508859796
http://dbpedia.org/resource/Musenalper_Grat,Musenalper Grat,1610.1802344598561
http://dbpedia.org/resource/Akademia_Nauk_(volcano),Akademia Nauk (volcano),1221.4587374375833
http://dbpedia.org/resource/May_Hill,May Hill,339.9763195965104
http://dbpedia.org/resource/Mount_Utatsu,Mount Utatsu,123.95919096390278
http://dbpedia.org/resource/Cloudveil_Dome,Cloudveil Dome,3398.07039540647
http://dbpedia.org/resource/Cerros_de_Mavecure,Cerros de Mavecure,491.6244075436189
http://dbpedia.org/resource/Aguja_Saint_Exupery,Aguja Saint Exupery,2557.530687633821
http://dbpedia.org/resource/McLeod_Hill,McLeod Hill,1389.4577930415307
http://dbpedia.org/resource/Snaefell,Snaefell,623.3775500999208
http://dbpedia.org/resource/Ellingwood_Point,Ellingwood Point,4543.7098510562
http://dbpedia.org/resource/Wila_Qullu_(Tarata),Wila Qullu (Tarata),5000.575136340057
http://dbpedia.org/resource/Kinnekulle,Kinnekulle,313.48926800232266
http://dbpedia.org/resource/Cerro_del_Bolsón,Cerro del Bolsón,5118.307453560375
http://dbpedia.org/resource/Red_Mountain_(Birmingham),Red Mountain (Birmingham),293.2218449743817
http://dbpedia.org/resource/The_Citadel_(mountain),The Citadel (mountain),1003.19753519291
http://dbpedia.org/resource/Fløyen,Fløyen,371.45524599649116
http://dbpedia.org/resource/Waka_P'iqi,Waka P'iqi,4276.875725936637
http://dbpedia.org/resource/L'Epée,L'Epée,3761.5842605821317
http://dbpedia.org/resource/Armeleuteberg,Armeleuteberg,463.8214204035986
http://dbpedia.org/resource/Hohstock,Hohstock,3364.3649852882018
http://dbpedia.org/resource/Sankha_Ukru,Sankha Ukru,4972.692125956628
http://dbpedia.org/resource/Mount_Stuart,Mount Stuart,2856.3182102059027
http://dbpedia.org/resource/Hill_of_Allen,Hill of Allen,234.42785361407527
http://dbpedia.org/resource/Mount_Tom_(California),Mount Tom (California),3759.821249378879
http://dbpedia.org/resource/Great_Crag,Great Crag,408.9803385640764
http://dbpedia.org/resource/Herefordshire_Beacon,Herefordshire Beacon,310.5389247252592
http://dbpedia.org/resource/Breithorn_(Steinernes_Meer),Breithorn (Steinernes Meer),2609.132485129902
http://dbpedia.org/resource/Mount_Gough,Mount Gough,436.7708371796654
http://dbpedia.org/resource/Isentällispitz,Isentällispitz,2803.0722214051775
http://dbpedia.org/resource/Bensberg_(Langenberge),Bensberg (Langenberge),400.1149439393547
http://dbpedia.org/resource/Koberg_(Taunus),Koberg (Taunus),523.7610022944177
http://dbpedia.org/resource/El_Toro_(Minorca),El Toro (Minorca),376.1203299003795
http://dbpedia.org/resource/Quilotoa,Quilotoa,3803.070835877292
http://dbpedia.org/resource/Whiteless_Pike,Whiteless Pike,613.049386411652
http://dbpedia.org/resource/Garasan,Garasan,636.800064635338
http://dbpedia.org/resource/Baker_Mountain_(West_Virginia),Baker Mountain (West Virginia),675.8485093460624
http://dbpedia.org/resource/Samdobong,Samdobong,1235.1798861440107
http://dbpedia.org/resource/Whitehorn_Mountain,Whitehorn Mountain,2907.669001017835
http://dbpedia.org/resource/Junkernkopf,Junkernkopf,493.0454601579632
http://dbpedia.org/resource/Turi_Turini_(Malla),Turi Turini (Malla),4685.639194094902
http://dbpedia.org/resource/Kuntur_Tuqlla,Kuntur Tuqlla,3517.122757804886
http://dbpedia.org/resource/Warachani_(Bolivia),Warachani (Bolivia),3921.326561205765
http://dbpedia.org/resource/Mount_Andromeda_(South_Sandwich_Islands),Mount Andromeda (South Sandwich Islands),540.5706316073617
http://dbpedia.org/resource/Purcell_Knob,Purcell Knob,330.6378253479471
http://dbpedia.org/resource/Mount_Farquhar,Mount Farquhar,3551.014288232553
http://dbpedia.org/resource/Mont_Soleil,Mont Soleil,1375.0661606706308
http://dbpedia.org/resource/Uqhu_(Yauli),Uqhu (Yauli),4848.366139584671
http://dbpedia.org/resource/Mont_Durand,Mont Durand,4209.0643059331505
"http://dbpedia.org/resource/Beacon_Hill,_Dorset","Beacon Hill, Dorset",82.95724684651906
http://dbpedia.org/resource/Queenstown_Hill,Queenstown Hill,771.3334317730302
http://dbpedia.org/resource/Rajuntay,Rajuntay,4973.789633282902
http://dbpedia.org/resource/Kit_Carson_Peak,Kit Carson Peak,4763.145742200282
http://dbpedia.org/resource/Mount_Rockwell,Mount Rockwell,3088.104777530317
http://dbpedia.org/resource/Doi_Phi_Pan_Nam,Doi Phi Pan Nam,1856.7685606153682
http://dbpedia.org/resource/The_Tower_(Alberta),The Tower (Alberta),3473.5658100345586
http://dbpedia.org/resource/Lookout_Mountain_(Oregon),Lookout Mountain (Oregon),2197.2264104409405
http://dbpedia.org/resource/Pizzo_Arera,Pizzo Arera,2481.964318481175
http://dbpedia.org/resource/Poncione_della_Marcia,Poncione della Marcia,2751.6602028036773
http://dbpedia.org/resource/Mount_Unwin,Mount Unwin,2903.9794912303296
http://dbpedia.org/resource/Twin_Sisters_Mountain,Twin Sisters Mountain,2386.887423694432
http://dbpedia.org/resource/Buchberg_(Zittau_Mountains),Buchberg (Zittau Mountains),653.3280622621189
http://dbpedia.org/resource/Klínovec,Klínovec,1208.4807980586038
http://dbpedia.org/resource/Douglas_Mountain_(Maine),Douglas Mountain (Maine),397.6027392574314
http://dbpedia.org/resource/Alcamarinayoc,Alcamarinayoc,5517.468082114937
http://dbpedia.org/resource/Tiantang_Peak,Tiantang Peak,1154.8036668422278
http://dbpedia.org/resource/Byeolyusan,Byeolyusan,1032.285598129329
http://dbpedia.org/resource/Dreiländerspitze,Dreiländerspitze,3087.6508072223346
http://dbpedia.org/resource/Fossil_Mountain_(Wyoming),Fossil Mountain (Wyoming),3462.3541272298175
http://dbpedia.org/resource/Mount_Lola,Mount Lola,2519.0964106898987
"http://dbpedia.org/resource/Brush_Mountain_(Blair_County,_Pennsylvania)","Brush Mountain (Blair County, Pennsylvania)",825.8230441721145
http://dbpedia.org/resource/Mount_Bielawski,Mount Bielawski,1029.2220765988839
http://dbpedia.org/resource/Katzenstein_(Pobershau),Katzenstein (Pobershau),620.9529138051354
http://dbpedia.org/resource/Hoher_Kasten,Hoher Kasten,1711.7708121385845
http://dbpedia.org/resource/Cerro_Rabo_de_Mico,Cerro Rabo de Mico,2361.612684240047
http://dbpedia.org/resource/Mount_Wutong,Mount Wutong,838.7840591087635
http://dbpedia.org/resource/Wiedemer_Kopf,Wiedemer Kopf,1883.1051771808593
http://dbpedia.org/resource/Siwinqani_(Mizque),Siwinqani (Mizque),3167.073432614575
http://dbpedia.org/resource/Ilwolsan,Ilwolsan,1232.3254627500535
http://dbpedia.org/resource/Qullpani_(Potosí),Qullpani (Potosí),4407.020723688709
http://dbpedia.org/resource/Mont_Saint-Grégoire,Mont Saint-Grégoire,287.3394694418768
http://dbpedia.org/resource/Vetter_Mountain,Vetter Mountain,1547.4383915360836
http://dbpedia.org/resource/Turnerkamp,Turnerkamp,3399.9630494914645
http://dbpedia.org/resource/Hymettus,Hymettus,889.5531668136776
http://dbpedia.org/resource/Golyam_Perelik,Golyam Perelik,2132.023916855447
http://dbpedia.org/resource/Gungartan,Gungartan,1937.7732090182642
http://dbpedia.org/resource/Pollock_Mountain,Pollock Mountain,2902.2351012074905
http://dbpedia.org/resource/Brokers_Nose,Brokers Nose,392.694246457335
http://dbpedia.org/resource/Jabal_Sawda,Jabal Sawda,3102.628243909874
http://dbpedia.org/resource/Jach'a_Warmi_Qullu,Jach'a Warmi Qullu,4691.743104804067
http://dbpedia.org/resource/Pinnacle_Peak_(Washington),Pinnacle Peak (Washington),1984.9633035350812
http://dbpedia.org/resource/Wila_Salla_(Bolivia),Wila Salla (Bolivia),4209.350481873557
http://dbpedia.org/resource/Lehigh_Mountain,Lehigh Mountain,245.18610162161195
http://dbpedia.org/resource/Saashörner,Saashörner,2943.478295245657
http://dbpedia.org/resource/Velebit,Velebit,1582.197214468375
http://dbpedia.org/resource/Soum_de_Ramond,Soum de Ramond,3518.4908458965765
http://dbpedia.org/resource/Mount_Adams_(New_Hampshire),Mount Adams (New Hampshire),1660.7751420028003
http://dbpedia.org/resource/Strahlhorn_(Baltschieder),Strahlhorn (Baltschieder),2922.3156748231427
http://dbpedia.org/resource/Blorenge,Blorenge,612.5580957292163
http://dbpedia.org/resource/Notch_Peak,Notch Peak,2594.4555476677783
http://dbpedia.org/resource/Le_Gibloux,Le Gibloux,1374.9659458107774
http://dbpedia.org/resource/Double_Spring_Knob,Double Spring Knob,1112.7600322098986
http://dbpedia.org/resource/Chuqi_Nasa,Chuqi Nasa,4793.524523696164
http://dbpedia.org/resource/Weißhorn_(South_Tyrol),Weißhorn (South Tyrol),2563.294320382923
http://dbpedia.org/resource/Cerros_de_Incahuasi,Cerros de Incahuasi,5737.635955569026
http://dbpedia.org/resource/Piz_Alpetta_(Lepontine_Alps),Piz Alpetta (Lepontine Alps),2697.7378521860182
http://dbpedia.org/resource/Mont_Racine,Mont Racine,1536.2764872193209
http://dbpedia.org/resource/Mount_Whitecap,Mount Whitecap,3992.41356110427
http://dbpedia.org/resource/Pico_Paraná,Pico Paraná,1675.8596291783756
http://dbpedia.org/resource/Fineilspitze,Fineilspitze,3626.4770169054614
http://dbpedia.org/resource/Mount_Koikakushusatsunai,Mount Koikakushusatsunai,1828.8092652722114
http://dbpedia.org/resource/Whinlatter,Whinlatter,593.0336650132011
http://dbpedia.org/resource/Piz_Neir,Piz Neir,2661.469029585385
http://dbpedia.org/resource/Seat_Sandal,Seat Sandal,670.9296529749936
http://dbpedia.org/resource/Yaritayuq,Yaritayuq,4156.635970709257
http://dbpedia.org/resource/Mount_Murchison_(Canterbury),Mount Murchison (Canterbury),2602.830280770828
http://dbpedia.org/resource/Monte_Subasio,Monte Subasio,1264.719312904744
http://dbpedia.org/resource/Carnedd_Dafydd,Carnedd Dafydd,945.3661692685479
http://dbpedia.org/resource/Winchus_Hirka,Winchus Hirka,4259.796343504877
http://dbpedia.org/resource/Kuntur_Wachanan,Kuntur Wachanan,4773.778669030617
http://dbpedia.org/resource/Psunj,Psunj,884.8013853733413
http://dbpedia.org/resource/Putaqa_(Junín),Putaqa (Junín),4598.861466180022
http://dbpedia.org/resource/Carl_Side,Carl Side,839.4616041525367
http://dbpedia.org/resource/Bow_Mountain,Bow Mountain,3967.03489973479
http://dbpedia.org/resource/Agglsspitze,Agglsspitze,2888.4712241912503
http://dbpedia.org/resource/Mount_Jukes_(Tasmania),Mount Jukes (Tasmania),1103.4794358267945
http://dbpedia.org/resource/Mount_Poroshiri,Mount Poroshiri,2020.8274593922974
http://dbpedia.org/resource/Las_Pilas,Las Pilas,1066.8016671955654
http://dbpedia.org/resource/Mount_Yūbari,Mount Yūbari,1432.9128779338473
http://dbpedia.org/resource/Hochfirst_(Ötztal_Alps),Hochfirst (Ötztal Alps),3837.0008962216484
http://dbpedia.org/resource/Hatun_Waqya,Hatun Waqya,4630.4965392454
http://dbpedia.org/resource/Store_Hellstugutinden,Store Hellstugutinden,2336.057202750349
http://dbpedia.org/resource/Dowdell's_Knob,Dowdell's Knob,440.1633841776545
http://dbpedia.org/resource/Tjørnholstind,Tjørnholstind,2409.988701733736
http://dbpedia.org/resource/Mount_Tsubakuro,Mount Tsubakuro,2368.3778953009546
http://dbpedia.org/resource/Easby_Moor,Easby Moor,306.6510610232748
http://dbpedia.org/resource/Joseph_Peak,Joseph Peak,3491.821443813999
http://dbpedia.org/resource/Pidurutalagala,Pidurutalagala,2677.7629945986464
http://dbpedia.org/resource/Midsummer_Hill,Midsummer Hill,317.8469081322528
http://dbpedia.org/resource/Devils_Thumb,Devils Thumb,2859.981890844926
http://dbpedia.org/resource/Cullahill_Mountain,Cullahill Mountain,308.3497689612957
http://dbpedia.org/resource/Raynolds_Peak,Raynolds Peak,3631.70067197066
http://dbpedia.org/resource/Suyruqucha_(Huarochirí),Suyruqucha (Huarochirí),4937.057687920365
http://dbpedia.org/resource/Meesenkopf,Meesenkopf,216.69658135228966
http://dbpedia.org/resource/Mount_Cabuyao,Mount Cabuyao,1779.7681529904607
http://dbpedia.org/resource/Mount_Guiting-Guiting,Mount Guiting-Guiting,2325.5802829096588
http://dbpedia.org/resource/Triglav_Lakes_Lodge,Triglav Lakes Lodge,1658.9531551047403
http://dbpedia.org/resource/Mount_Remarkable,Mount Remarkable,1039.0785362725328
http://dbpedia.org/resource/Songnisan,Songnisan,1085.1191642493313
http://dbpedia.org/resource/Aneto,Aneto,3011.937509207224
http://dbpedia.org/resource/Wila_Qullu_(Cochabamba),Wila Qullu (Cochabamba),4083.6839933425354
http://dbpedia.org/resource/Seekopf_(Forbach),Seekopf (Forbach),1068.2354432489656
http://dbpedia.org/resource/Pizzo_Ruscada,Pizzo Ruscada,2133.4199291439472
http://dbpedia.org/resource/Mars_Hill_(Maine),Mars Hill (Maine),507.3065260496362
http://dbpedia.org/resource/Roof_Butte,Roof Butte,2623.80302091639
http://dbpedia.org/resource/Stawamus_Squaw,Stawamus Squaw,753.2235258505136
http://dbpedia.org/resource/Iron_Mountain_(Utah),Iron Mountain (Utah),2697.0602484416922
http://dbpedia.org/resource/East_Beckwith_Mountain,East Beckwith Mountain,3401.4864060200334
http://dbpedia.org/resource/Chetco_Peak,Chetco Peak,1425.3986238581163
"http://dbpedia.org/resource/Snow_Dome,_Concordia","Snow Dome, Concordia",6559.63812546064
http://dbpedia.org/resource/Mainalo,Mainalo,2257.8019560175117
http://dbpedia.org/resource/Mount_Marapi,Mount Marapi,3110.0229051798506
http://dbpedia.org/resource/Belknap_Crater,Belknap Crater,2317.9609990892345
http://dbpedia.org/resource/Tamborine_Mountain,Tamborine Mountain,458.7706176336216
http://dbpedia.org/resource/Peak_5390,Peak 5390,1427.5469879131545
http://dbpedia.org/resource/Misk'i,Misk'i,3232.5891145472274
http://dbpedia.org/resource/Crane_Mountain,Crane Mountain,2581.955532830858
http://dbpedia.org/resource/Glenridding_Dodd,Glenridding Dodd,471.06708475008475
http://dbpedia.org/resource/Campbell_Mountain,Campbell Mountain,2227.827006390162
http://dbpedia.org/resource/Mount_Adam_Joachim,Mount Adam Joachim,3543.0659300381894
http://dbpedia.org/resource/Tara_(mountain),Tara (mountain),1494.0360180330658
http://dbpedia.org/resource/Breithornzwillinge,Breithornzwillinge,4755.440697200638
http://dbpedia.org/resource/Ben_Ledi,Ben Ledi,757.2937819769012
http://dbpedia.org/resource/Kuntur_Punta,Kuntur Punta,3978.318798913459
http://dbpedia.org/resource/Jach'a_Jaqhi,Jach'a Jaqhi,4528.857811256331
http://dbpedia.org/resource/The_Lion_(mountain),The Lion (mountain),1129.4150006067516
http://dbpedia.org/resource/Gletscherhorn,Gletscherhorn,3754.292986491705
http://dbpedia.org/resource/Mount_Stakes,Mount Stakes,1015.5540122228135
http://dbpedia.org/resource/Heidenköpfe,Heidenköpfe,637.6578092593126
http://dbpedia.org/resource/Wila_Qullu_(Turco),Wila Qullu (Turco),4239.849667105029
http://dbpedia.org/resource/Gehrenspitze_(Allgäu_Alps),Gehrenspitze (Allgäu Alps),2425.013871191602
http://dbpedia.org/resource/Mount_Torbreck,Mount Torbreck,1623.75077535217
http://dbpedia.org/resource/Chuqi_Tira,Chuqi Tira,4201.05499319941
http://dbpedia.org/resource/Inka_Pirqa,Inka Pirqa,4478.9575618967765
http://dbpedia.org/resource/Kuwae,Kuwae,-2.238811293489835
http://dbpedia.org/resource/Wilseder_Berg,Wilseder Berg,166.68645951216087
http://dbpedia.org/resource/Yaypuri,Yaypuri,5650.601478160639
http://dbpedia.org/resource/Orenberg_(Upland),Orenberg (Upland),797.3850419732588
http://dbpedia.org/resource/Jangsan_(Busan),Jangsan (Busan),654.413093231441
http://dbpedia.org/resource/Mount_Bishop_(Elk_Range),Mount Bishop (Elk Range),3270.5781921098974
http://dbpedia.org/resource/Burgfeldstand,Burgfeldstand,1805.2973164031473
http://dbpedia.org/resource/Carnedd_y_Filiast_(Glyderau),Carnedd y Filiast (Glyderau),708.8428267149019
http://dbpedia.org/resource/Bigyesan,Bigyesan,1139.1873193706224
http://dbpedia.org/resource/Gangssibong,Gangssibong,813.3803940278001
http://dbpedia.org/resource/Hazaran,Hazaran,4711.170064761028
http://dbpedia.org/resource/Liankang_Kangri,Liankang Kangri,6558.8425674329455
http://dbpedia.org/resource/Coffee_Crater,Coffee Crater,1909.1855794574356
http://dbpedia.org/resource/Mount_Ball,Mount Ball,3479.498120209138
http://dbpedia.org/resource/Pueblo_Mountain,Pueblo Mountain,2869.589580797079
http://dbpedia.org/resource/Luna_Peak_(British_Columbia),Luna Peak (British Columbia),2766.297878693396
http://dbpedia.org/resource/Mount_Brew_(Cheakamus_River),Mount Brew (Cheakamus River),1531.9849745753168
http://dbpedia.org/resource/Kaaterskill_High_Peak,Kaaterskill High Peak,974.0561469052517
http://dbpedia.org/resource/Mount_Hopkins_(California),Mount Hopkins (California),3824.2180404279206
http://dbpedia.org/resource/Satah_Mountain,Satah Mountain,2035.7067884730225
http://dbpedia.org/resource/Geumsusan,Geumsusan,1064.0361014042987
http://dbpedia.org/resource/Mount_Quincy_Adams_(Fairweather_Range),Mount Quincy Adams (Fairweather Range),4077.6187108638715
http://dbpedia.org/resource/Almost-a-Dog_Mountain,Almost-a-Dog Mountain,2786.373872969079
http://dbpedia.org/resource/Meall_Glas,Meall Glas,891.5045719761455
http://dbpedia.org/resource/Brenta_Spire,Brenta Spire,3334.8413240884856
http://dbpedia.org/resource/Thierberg_(Vogtland),Thierberg (Vogtland),867.2995568560822
http://dbpedia.org/resource/Mount_Loch,Mount Loch,2007.0553317143758
http://dbpedia.org/resource/Tunka_Suka,Tunka Suka,4461.326637503649
http://dbpedia.org/resource/Mount_Phillips_(Montana),Mount Phillips (Montana),3130.621517271819
http://dbpedia.org/resource/Bayuda_Volcanic_Field,Bayuda Volcanic Field,590.1756967593196
http://dbpedia.org/resource/Jañuma_Pirwa,Jañuma Pirwa,5135.337172421441
http://dbpedia.org/resource/Rowley's_Hill,Rowley's Hill,56.07472456389577
http://dbpedia.org/resource/Iberger_Kugel,Iberger Kugel,1058.2751692707836
http://dbpedia.org/resource/Uqi_Salli_Punta,Uqi Salli Punta,5464.57767019154
http://dbpedia.org/resource/Mount_Kineo,Mount Kineo,597.8128361380975
http://dbpedia.org/resource/Craig_yr_Allt,Craig yr Allt,281.91215342147245
http://dbpedia.org/resource/Lake_Ilopango,Lake Ilopango,477.49881127655874
http://dbpedia.org/resource/Mount_Taka_(Osaka/Hyōgo),Mount Taka (Osaka/Hyōgo),679.1637247461505
http://dbpedia.org/resource/T'ula_Qullu,T'ula Qullu,5118.5963904550645
http://dbpedia.org/resource/Cotacachi_Volcano,Cotacachi Volcano,4676.643569105276
http://dbpedia.org/resource/Sleeping_Giant_(Connecticut),Sleeping Giant (Connecticut),220.95488070050837
http://dbpedia.org/resource/P'iqi_Q'ara,P'iqi Q'ara,3480.511661064415
http://dbpedia.org/resource/Bagana,Bagana,1901.1115457191443
http://dbpedia.org/resource/Puig_Sesarques,Puig Sesarques,1006.9785379816692
http://dbpedia.org/resource/Puka_Qaqa_(Bolognesi),Puka Qaqa (Bolognesi),4113.668219395048
http://dbpedia.org/resource/Lion's_Head_(Cape_Town),Lion's Head (Cape Town),739.8541461920844
http://dbpedia.org/resource/Store_Lauvhøi,Store Lauvhøi,1754.8031667038306
http://dbpedia.org/resource/The_Thunderer_(Wyoming),The Thunderer (Wyoming),2867.843092708797
http://dbpedia.org/resource/Doi_Tung,Doi Tung,1405.1939480540752
http://dbpedia.org/resource/Mount_Salisbury,Mount Salisbury,3430.114424860403
http://dbpedia.org/resource/Buckden_Pike,Buckden Pike,684.424980444525
http://dbpedia.org/resource/Cerro_El_Pital,Cerro El Pital,2446.4367079420317
http://dbpedia.org/resource/Liaberget,Liaberget,1764.4318697661631
http://dbpedia.org/resource/Maesglase,Maesglase,746.3846679783521
http://dbpedia.org/resource/Tête_de_Ran,Tête de Ran,1388.8772516057943
http://dbpedia.org/resource/Mount_Tatlow,Mount Tatlow,3313.5984353317763
http://dbpedia.org/resource/The_Sawtooth,The Sawtooth,4578.434380268417
http://dbpedia.org/resource/Koh_e_Hindaki,Koh e Hindaki,2077.251562453516
http://dbpedia.org/resource/Altenberg_(Limpurg_Hills),Altenberg (Limpurg Hills),580.7872723917919
http://dbpedia.org/resource/Siwinqani_(Tapacarí),Siwinqani (Tapacarí),3685.9132912030195
http://dbpedia.org/resource/Sapallan_Warmi,Sapallan Warmi,5462.893325563137
http://dbpedia.org/resource/Kawdy_Mountain,Kawdy Mountain,1848.2680234121767
http://dbpedia.org/resource/Pumanuta,Pumanuta,6042.421601579413
http://dbpedia.org/resource/Rossett_Pike,Rossett Pike,593.3926520881887
http://dbpedia.org/resource/Sky_Pilot_Mountain,Sky Pilot Mountain,2085.32806868171
http://dbpedia.org/resource/Nina_Bang_Mountain,Nina Bang Mountain,830.291123747394
http://dbpedia.org/resource/Puwaq_Hanka,Puwaq Hanka,4869.684117443613
http://dbpedia.org/resource/Mount_Calvin,Mount Calvin,1607.483048850882
http://dbpedia.org/resource/Chumash_Peak,Chumash Peak,393.33395144111256
http://dbpedia.org/resource/Le_Tabor,Le Tabor,2454.6421694286482
http://dbpedia.org/resource/Tuckettspitze,Tuckettspitze,3806.130055915836
http://dbpedia.org/resource/Gajisan_(Ulsan/Gyeongsang),Gajisan (Ulsan/Gyeongsang),1074.091503869613
http://dbpedia.org/resource/Hiunchuli,Hiunchuli,7258.748766989155
http://dbpedia.org/resource/La_Spedla,La Spedla,4542.6973197677235
http://dbpedia.org/resource/Hermannsberg_(Hesse),Hermannsberg (Hesse),773.5541002726952
http://dbpedia.org/resource/Yanaorco_(Coris-Locroja),Yanaorco (Coris-Locroja),4169.169655809061
http://dbpedia.org/resource/Hooper_Bald,Hooper Bald,1693.646798675267
http://dbpedia.org/resource/Benbaun,Benbaun,653.3087646274283
http://dbpedia.org/resource/Signal_Mountain_(Alberta),Signal Mountain (Alberta),2383.85894242154
http://dbpedia.org/resource/Gehrdener_Berg,Gehrdener Berg,145.63932982890972
http://dbpedia.org/resource/Churup,Churup,5913.855942427421
http://dbpedia.org/resource/Miller_Peak_(Arizona),Miller Peak (Arizona),2628.283256009003
http://dbpedia.org/resource/Mount_Blue_(New_Hampshire),Mount Blue (New Hampshire),1330.7852002888292
"http://dbpedia.org/resource/North_Head,_New_Zealand","North Head, New Zealand",43.42662096267035
http://dbpedia.org/resource/Duffer_Peak,Duffer Peak,3135.7172234689574
http://dbpedia.org/resource/Pico_do_Vento,Pico do Vento,455.70286293132926
http://dbpedia.org/resource/Langenberg_(Reinhardswald),Langenberg (Reinhardswald),484.1949298581005
http://dbpedia.org/resource/Obongsan_(Yangsan),Obongsan (Yangsan),870.3962169444502
http://dbpedia.org/resource/Q'illu_Q'asa_(Bolivia),Q'illu Q'asa (Bolivia),5099.250019798932
http://dbpedia.org/resource/Phichunchäni,Phichunchäni,5277.4137529197715
http://dbpedia.org/resource/Torfinnstindene,Torfinnstindene,2119.0743345419855
http://dbpedia.org/resource/Guggernell,Guggernell,2580.314252462702
http://dbpedia.org/resource/Katyn-Tau,Katyn-Tau,5298.544598065821
http://dbpedia.org/resource/Wantaeksan,Wantaeksan,823.1920219925206
http://dbpedia.org/resource/Ch'amak_Qullu,Ch'amak Qullu,6058.338135652688
http://dbpedia.org/resource/Monte_Cavo,Monte Cavo,1070.7064349276286
http://dbpedia.org/resource/Eiskastenspitze,Eiskastenspitze,3418.242325160015
http://dbpedia.org/resource/Moel_Hebog,Moel Hebog,888.8143533339878
http://dbpedia.org/resource/Stein_(Obersaxen),Stein (Obersaxen),2176.2722878098866
http://dbpedia.org/resource/Blackmon_Peak,Blackmon Peak,2690.1635704864034
http://dbpedia.org/resource/Creigiau_Gleision_North_Top,Creigiau Gleision North Top,729.0272494756729
http://dbpedia.org/resource/Sherpi_Kangri,Sherpi Kangri,6639.601380181552
http://dbpedia.org/resource/Bluff_Knoll,Bluff Knoll,1178.2022675449512
http://dbpedia.org/resource/Daedunsan,Daedunsan,798.6796979251177
http://dbpedia.org/resource/Kgale_Hill,Kgale Hill,1380.178323452366
http://dbpedia.org/resource/Calton_Hill,Calton Hill,95.15164135597652
http://dbpedia.org/resource/South_Tuya,South Tuya,2038.873240679123
http://dbpedia.org/resource/Pukarani_(La_Paz),Pukarani (La Paz),3860.850901670021
http://dbpedia.org/resource/Mount_Kaplan,Mount Kaplan,4169.430655066477
http://dbpedia.org/resource/Lavender_Peak_(Colorado),Lavender Peak (Colorado),3851.487314289643
http://dbpedia.org/resource/Tsemperou,Tsemperou,1387.849691571104
"http://dbpedia.org/resource/Peak_11,272_(White_Cloud_Mountains)","Peak 11,272 (White Cloud Mountains)",3161.53210912167
http://dbpedia.org/resource/Dent_de_Crolles,Dent de Crolles,2356.2961880309686
http://dbpedia.org/resource/Hünerberg,Hünerberg,391.39070943761493
http://dbpedia.org/resource/Rivey_Hill,Rivey Hill,121.40656229010729
http://dbpedia.org/resource/Culver_Down,Culver Down,116.57412559760303
"http://dbpedia.org/resource/Ward_Hill,_Hoy","Ward Hill, Hoy",532.3765763074161
http://dbpedia.org/resource/Brünlasberg,Brünlasberg,583.4804510684663
http://dbpedia.org/resource/Arennest,Arennest,551.4959139950421
http://dbpedia.org/resource/Stob_na_Boine_Druim-fhinn,Stob na Boine Druim-fhinn,618.4206743647106
http://dbpedia.org/resource/Inka_Q'asa,Inka Q'asa,4614.462311869167
http://dbpedia.org/resource/Pic_de_l'Aurore,Pic de l'Aurore,865.5883833208717
http://dbpedia.org/resource/Eilat_Mountains,Eilat Mountains,772.8354126763754
http://dbpedia.org/resource/Madaesan,Madaesan,994.3105717118212
http://dbpedia.org/resource/Mount_Zagora,Mount Zagora,1056.2819338564752
http://dbpedia.org/resource/Red_Table_Mountain,Red Table Mountain,4182.183284886589
http://dbpedia.org/resource/Great_Calva,Great Calva,768.2425272299721
http://dbpedia.org/resource/Dinara,Dinara,1932.622285025183
http://dbpedia.org/resource/Jabal_Yibir,Jabal Yibir,1503.9224610347514
http://dbpedia.org/resource/Manzanita_Peak,Manzanita Peak,931.8826830157899
http://dbpedia.org/resource/Baegaksan,Baegaksan,738.564630829436
http://dbpedia.org/resource/Wisk'achani_(Aroma),Wisk'achani (Aroma),5131.589792460958
http://dbpedia.org/resource/Cribyn_(mountain),Cribyn (mountain),713.3253330337482
http://dbpedia.org/resource/Garibong,Garibong,1105.1433927451058
http://dbpedia.org/resource/Angilaaq_Mountain,Angilaaq Mountain,2024.6792422842427
http://dbpedia.org/resource/Feuerstein_(Stubai_Alps),Feuerstein (Stubai Alps),2983.6050898270682
http://dbpedia.org/resource/Achachi_Qala_(Cairoma),Achachi Qala (Cairoma),2830.5429878213326
http://dbpedia.org/resource/Nahsukin_Mountain,Nahsukin Mountain,2311.4439866084367
http://dbpedia.org/resource/Mount_Tapuaenuku,Mount Tapuaenuku,2686.6801116668653
http://dbpedia.org/resource/Wisk'achani_(Inquisivi-Loayza),Wisk'achani (Inquisivi-Loayza),5185.6008912749685
http://dbpedia.org/resource/Slieve_Muck,Slieve Muck,703.3223481310357
http://dbpedia.org/resource/Heidenhäuschen,Heidenhäuschen,424.57222319705187
http://dbpedia.org/resource/Hoverla,Hoverla,1832.0227946767766
http://dbpedia.org/resource/Gibson_Knott,Gibson Knott,473.93081929168704
http://dbpedia.org/resource/Little_Hart_Crag,Little Hart Crag,726.564267888307
http://dbpedia.org/resource/Short_Hill_Mountain,Short Hill Mountain,452.7043016759271
http://dbpedia.org/resource/Quinuajirca,Quinuajirca,4372.163260918202
http://dbpedia.org/resource/Mount_Tai,Mount Tai,1749.6444952340119
http://dbpedia.org/resource/Hwangbyeongsan,Hwangbyeongsan,1483.6583441550026
http://dbpedia.org/resource/Black_Hill_(California),Black Hill (California),188.51678757275664
http://dbpedia.org/resource/Freiburg_Castle,Freiburg Castle,408.8186839393776
http://dbpedia.org/resource/Kinver_Edge,Kinver Edge,159.18028984921122
http://dbpedia.org/resource/Trockener_Steg,Trockener Steg,2601.8831968962254
http://dbpedia.org/resource/Klein_Wellhorn,Klein Wellhorn,2784.4788815227057
http://dbpedia.org/resource/Cinder_Mountain,Cinder Mountain,343.1077075064607
http://dbpedia.org/resource/Fan_y_Big,Fan y Big,779.4851205546383
http://dbpedia.org/resource/Mount_Umunhum,Mount Umunhum,1113.0396687768707
http://dbpedia.org/resource/Humantay,Humantay,6275.499777133898
http://dbpedia.org/resource/Mount_Sherrill,Mount Sherrill,973.1351858703151
http://dbpedia.org/resource/Kranzberg_(mountain),Kranzberg (mountain),3423.3872209950487
http://dbpedia.org/resource/Alpine_Peak_(Idaho),Alpine Peak (Idaho),2898.529965739861
http://dbpedia.org/resource/Har_HaMenuchot,Har HaMenuchot,698.4311966087606
http://dbpedia.org/resource/Hahnen,Hahnen,2329.0978536810344
http://dbpedia.org/resource/James_Peak,James Peak,3889.6076827492825
http://dbpedia.org/resource/Fan_Fraith,Fan Fraith,693.2462955661496
http://dbpedia.org/resource/Mount_Davraz,Mount Davraz,2738.869053789017
http://dbpedia.org/resource/Jabal_Zambar,Jabal Zambar,546.2362471927771
http://dbpedia.org/resource/Pocumtuck_Mountain,Pocumtuck Mountain,592.9231059545959
http://dbpedia.org/resource/Christenberg,Christenberg,330.12414720309675
http://dbpedia.org/resource/Yanaqucha_(Quispicanchi),Yanaqucha (Quispicanchi),5231.901009577332
http://dbpedia.org/resource/Seehorn,Seehorn,2307.6017068992196
http://dbpedia.org/resource/Mount_Hunter_(Alaska),Mount Hunter (Alaska),5081.440461941465
http://dbpedia.org/resource/Bruach_na_Frìthe,Bruach na Frìthe,889.539606523912
http://dbpedia.org/resource/Kala_pahar,Kala pahar,307.58730279685085
http://dbpedia.org/resource/Mir_Samir,Mir Samir,6535.091293402818
http://dbpedia.org/resource/Sinqa,Sinqa,3814.8607197846814
http://dbpedia.org/resource/Watch_Tower_(mountain),Watch Tower (mountain),3658.4736175118755
http://dbpedia.org/resource/Planplatten,Planplatten,2061.308329262796
http://dbpedia.org/resource/Butser_Hill,Butser Hill,271.12626980816015
http://dbpedia.org/resource/Carlshaushöhe,Carlshaushöhe,543.4396459923213
http://dbpedia.org/resource/MacNaughton_Mountain,MacNaughton Mountain,1340.213312288796
http://dbpedia.org/resource/Tenaya_Peak,Tenaya Peak,3403.9284890386116
http://dbpedia.org/resource/Laram_Qullu,Laram Qullu,4779.282740427523
http://dbpedia.org/resource/Mount_Tianzhu,Mount Tianzhu,1985.0255870576475
http://dbpedia.org/resource/Peaks_of_Otter,Peaks of Otter,1040.6514619697002
http://dbpedia.org/resource/Wirtsberg,Wirtsberg,659.8403982170609
http://dbpedia.org/resource/Stäfeliflue,Stäfeliflue,1781.9942685110623
http://dbpedia.org/resource/Mount_Edred,Mount Edred,2055.1776456864795
http://dbpedia.org/resource/Cribin_Fawr,Cribin Fawr,649.2152398607935
http://dbpedia.org/resource/Aakenustunturi,Aakenustunturi,523.2182054402737
http://dbpedia.org/resource/Qillqatiri,Qillqatiri,5493.945679685718
http://dbpedia.org/resource/Mount_Eddy,Mount Eddy,2704.025467328848
http://dbpedia.org/resource/Thabana_Ntlenyana,Thabana Ntlenyana,3372.860499911542
http://dbpedia.org/resource/Kirat_Chuli,Kirat Chuli,6559.57261096904
http://dbpedia.org/resource/Tête_Blanche,Tête Blanche,3159.1345902817175
http://dbpedia.org/resource/White_Calf_Mountain,White Calf Mountain,2426.4729608100292
http://dbpedia.org/resource/Puka_Qawiña,Puka Qawiña,3194.5405569013283
http://dbpedia.org/resource/Eagle_Crag,Eagle Crag,512.7497419201151
http://dbpedia.org/resource/Walton_Hill,Walton Hill,302.73981218245154
http://dbpedia.org/resource/Oksunbong,Oksunbong,294.3484964883537
http://dbpedia.org/resource/Deadman_Hill,Deadman Hill,1607.241331966313
http://dbpedia.org/resource/Zhupanovsky,Zhupanovsky,2673.0662998062107
http://dbpedia.org/resource/Hohe_Egge_(Selter),Hohe Egge (Selter),368.2845951256606
http://dbpedia.org/resource/Fil_de_Cassons,Fil de Cassons,2593.1525627177775
http://dbpedia.org/resource/Mount_Pleasant_Caldera,Mount Pleasant Caldera,211.48682914347344
http://dbpedia.org/resource/Seondalsan,Seondalsan,1207.3578518044988
http://dbpedia.org/resource/Haiduk_Peak,Haiduk Peak,2902.582876880304
http://dbpedia.org/resource/Mount_Niblock,Mount Niblock,2586.1504907073804
http://dbpedia.org/resource/Yayamari,Yayamari,5778.899897634872
http://dbpedia.org/resource/Vigia_(mountain),Vigia (mountain),155.5497056717724
http://dbpedia.org/resource/Wichelplanggstock,Wichelplanggstock,2761.8008336712205
http://dbpedia.org/resource/Finisterre_Range,Finisterre Range,4120.95294605085
http://dbpedia.org/resource/Turó_de_la_Dona_Morta,Turó de la Dona Morta,199.54594008364674
http://dbpedia.org/resource/Gefiontinde,Gefiontinde,2183.631622431293
http://dbpedia.org/resource/Kura_Puñusqa,Kura Puñusqa,4988.32331712499
http://dbpedia.org/resource/Hoher_Dachstein,Hoher Dachstein,3235.6998517602874
http://dbpedia.org/resource/Pen_y_Brynfforchog,Pen y Brynfforchog,656.9256503270053
http://dbpedia.org/resource/Phu_Thok,Phu Thok,363.9379499177897
http://dbpedia.org/resource/Corcogemore,Corcogemore,697.3835006771958
http://dbpedia.org/resource/Jarbidge_Peak,Jarbidge Peak,3332.5133356932297
http://dbpedia.org/resource/Rasiva,Rasiva,2613.98700614646
http://dbpedia.org/resource/Siq'i,Siq'i,5007.734162998565
http://dbpedia.org/resource/Scoat_Fell,Scoat Fell,883.9352578035548
http://dbpedia.org/resource/Kleiner_Bärenstein,Kleiner Bärenstein,344.8821754432732
http://dbpedia.org/resource/Schneebiger_Nock,Schneebiger Nock,3584.763992005623
http://dbpedia.org/resource/Galenstock,Galenstock,3423.831660865521
http://dbpedia.org/resource/Albany_Hill,Albany Hill,82.1321784895661
http://dbpedia.org/resource/Niuafoʻou,Niuafoʻou,267.1919428527672
http://dbpedia.org/resource/Cerro_El_Baúl,Cerro El Baúl,2988.922174281738
http://dbpedia.org/resource/Rigi_Hochflue,Rigi Hochflue,1721.8996052495952
http://dbpedia.org/resource/Teufelsberg,Teufelsberg,103.27456508753733
http://dbpedia.org/resource/Tumisa,Tumisa,6225.145554268916
http://dbpedia.org/resource/Mount_Charles_Stewart,Mount Charles Stewart,2851.8635716176304
http://dbpedia.org/resource/Frunthorn,Frunthorn,2888.963499162098
http://dbpedia.org/resource/Cristallo_(mountain),Cristallo (mountain),3442.3679779228646
http://dbpedia.org/resource/King_Lear_Peak,King Lear Peak,2663.875573608834
http://dbpedia.org/resource/Goraesan,Goraesan,579.9275078926318
http://dbpedia.org/resource/Saqra_Waqra,Saqra Waqra,4279.0489870730125
http://dbpedia.org/resource/Mount_Arbel,Mount Arbel,179.14391357697855
http://dbpedia.org/resource/Mount_Hiru,Mount Hiru,1763.605638480911
http://dbpedia.org/resource/Sach'a_Hirka,Sach'a Hirka,4368.286478557244
http://dbpedia.org/resource/Corona_di_Redorta,Corona di Redorta,3023.445161734472
http://dbpedia.org/resource/Iyang-Argapura,Iyang-Argapura,2907.4382283892382
http://dbpedia.org/resource/Bvumba_Mountains,Bvumba Mountains,2131.1058511433152
http://dbpedia.org/resource/Poamsan,Poamsan,968.7541408106692
http://dbpedia.org/resource/Kone_(volcano),Kone (volcano),1787.1818198106816
http://dbpedia.org/resource/Baekhwasan_(Goesan/Mungyeong),Baekhwasan (Goesan/Mungyeong),951.9357438039779
http://dbpedia.org/resource/Schiehallion,Schiehallion,1071.3584193204651
http://dbpedia.org/resource/Mount_Hiragatake,Mount Hiragatake,2144.0742846460407
http://dbpedia.org/resource/Skåla_(Sogn_og_Fjordane),Skåla (Sogn og Fjordane),1637.9560009760821
http://dbpedia.org/resource/Lhotse_Shar,Lhotse Shar,8822.058037767785
http://dbpedia.org/resource/Whitaker_Mountain,Whitaker Mountain,390.4761790904786
http://dbpedia.org/resource/Qullqa_Punta,Qullqa Punta,3884.5515677168223
http://dbpedia.org/resource/Tuya_volcanic_field,Tuya volcanic field,1904.7555383079127
http://dbpedia.org/resource/Baiselsberg,Baiselsberg,520.1438412561126
http://dbpedia.org/resource/Daemisan_(North_Gyeongsang/North_Chungcheong),Daemisan (North Gyeongsang/North Chungcheong),1263.852027382148
http://dbpedia.org/resource/Grauer_Kopf_(Holzhausen),Grauer Kopf (Holzhausen),539.2945930456244
http://dbpedia.org/resource/Mount_Batu_Brinchang,Mount Batu Brinchang,1770.9702463812648
http://dbpedia.org/resource/Silverthrone_Caldera,Silverthrone Caldera,2855.765077833246
http://dbpedia.org/resource/Sinister_Peak,Sinister Peak,2623.1722536616853
http://dbpedia.org/resource/Fuchshöhe,Fuchshöhe,701.232467110883
http://dbpedia.org/resource/Hemed_(mountain),Hemed (mountain),1144.5969334616975
http://dbpedia.org/resource/Grawand,Grawand,3728.1451432930326
http://dbpedia.org/resource/Dewdney_Peak,Dewdney Peak,922.348633451139
http://dbpedia.org/resource/Chikoida_Mountain,Chikoida Mountain,2160.6587690494453
http://dbpedia.org/resource/Letterbreckaun,Letterbreckaun,668.2801979193357
http://dbpedia.org/resource/Anarchist_Mountain,Anarchist Mountain,1406.6767443830167
http://dbpedia.org/resource/Inielika,Inielika,1480.0149990806337
http://dbpedia.org/resource/North_Peak_(California),North Peak (California),3430.711180165644
http://dbpedia.org/resource/Sgùrr_a'_Mhàim,Sgùrr a' Mhàim,1098.4290841972709
http://dbpedia.org/resource/Mount_Confederation,Mount Confederation,2660.9627966402286
http://dbpedia.org/resource/Mount_Miyama,Mount Miyama,725.3660729974124
http://dbpedia.org/resource/Phujuni,Phujuni,4788.295724905343
http://dbpedia.org/resource/Arrowhead_Mountain,Arrowhead Mountain,1672.1781669217155
http://dbpedia.org/resource/Helvellyn,Helvellyn,928.0061037768742
http://dbpedia.org/resource/Beinn_Dearg_(Torridon),Beinn Dearg (Torridon),947.0564594190721
http://dbpedia.org/resource/Hundwiler_Höhi,Hundwiler Höhi,1214.4587080773001
http://dbpedia.org/resource/Loka_Lodge_at_Raduha,Loka Lodge at Raduha,1499.3512970501165
http://dbpedia.org/resource/Pumahuanca,Pumahuanca,5031.743702430828
http://dbpedia.org/resource/Antarasu,Antarasu,5353.06803471568
http://dbpedia.org/resource/Corni_di_Canzo,Corni di Canzo,1457.822678381207
http://dbpedia.org/resource/Kinnaur_Kailash,Kinnaur Kailash,5413.40724833649
http://dbpedia.org/resource/Bouřňák,Bouřňák,834.4499127101906
http://dbpedia.org/resource/Mount_Breakenridge,Mount Breakenridge,2563.417341949352
http://dbpedia.org/resource/T'uruqucha_(Junín),T'uruqucha (Junín),5168.099278331798
http://dbpedia.org/resource/Trakta,Trakta,963.8353373558778
http://dbpedia.org/resource/Casanna,Casanna,2462.9315438688213
http://dbpedia.org/resource/Laguna_Volcanic_Field,Laguna Volcanic Field,1069.487836274242
http://dbpedia.org/resource/Itombwe_Mountains,Itombwe Mountains,3073.82271906505
http://dbpedia.org/resource/Myohyangsan,Myohyangsan,2177.253652178286
http://dbpedia.org/resource/Chhuqu_P'ukru,Chhuqu P'ukru,4842.766143972418
http://dbpedia.org/resource/Dongaksan,Dongaksan,740.6527199077706
http://dbpedia.org/resource/Ha_Ling_Peak,Ha Ling Peak,2156.539717335105
http://dbpedia.org/resource/Wayunkayuq,Wayunkayuq,3607.876091565544
http://dbpedia.org/resource/Mount_Ephraim_(Vermont),Mount Ephraim (Vermont),481.91608683146603
http://dbpedia.org/resource/Torrone_di_Nav,Torrone di Nav,3063.815102558421
http://dbpedia.org/resource/Ard_Crags,Ard Crags,605.2694993291898
http://dbpedia.org/resource/Menoikio,Menoikio,1914.9437492667719
http://dbpedia.org/resource/Bishop_Peak_(Antarctica),Bishop Peak (Antarctica),3888.4675114436814
http://dbpedia.org/resource/Mount_Steele,Mount Steele,5167.817776027976
http://dbpedia.org/resource/Inca_Huagansa,Inca Huagansa,3723.71256045373
http://dbpedia.org/resource/Wayruru_Punku,Wayruru Punku,5995.87815067766
http://dbpedia.org/resource/Mount_Disappointment_(Australia),Mount Disappointment (Australia),701.8643180339309
http://dbpedia.org/resource/Whiteface_Mountain,Whiteface Mountain,1610.8957653601683
http://dbpedia.org/resource/Peck_NW2,Peck NW2,2805.8194146654605
http://dbpedia.org/resource/White_Cloud_Peak_6,White Cloud Peak 6,2728.7698275119815
http://dbpedia.org/resource/Jabal_Ram,Jabal Ram,1911.317357291177
http://dbpedia.org/resource/Bugwisan,Bugwisan,805.013552981231
http://dbpedia.org/resource/Croix_Scaille,Croix Scaille,538.9112196184672
http://dbpedia.org/resource/Hogusan,Hogusan,650.5208249673536
http://dbpedia.org/resource/Donaldson_Peak,Donaldson Peak,3146.4802224165214
http://dbpedia.org/resource/Mount_Chiquita,Mount Chiquita,4124.6725124708755
http://dbpedia.org/resource/Redoubt_Mountain,Redoubt Mountain,3269.274976393466
http://dbpedia.org/resource/Teakettle_Mountain,Teakettle Mountain,4481.341151686679
http://dbpedia.org/resource/Rockchuck_Peak,Rockchuck Peak,3763.0112947020625
http://dbpedia.org/resource/Doi_Mae_Salong,Doi Mae Salong,1290.3664337324929
http://dbpedia.org/resource/Äschhorn,Äschhorn,3569.77762954853
http://dbpedia.org/resource/Mount_Sembrano,Mount Sembrano,810.7776248804523
http://dbpedia.org/resource/Piz_di_Sassiglion,Piz di Sassiglion,2808.4692736370353
http://dbpedia.org/resource/Bălănești_Hill,Bălănești Hill,482.57088964405875
http://dbpedia.org/resource/Falkenberg_(Lüneburg_Heath),Falkenberg (Lüneburg Heath),147.4670513675674
http://dbpedia.org/resource/Wei-Assipu-tepui,Wei-Assipu-tepui,2655.8902934665357
http://dbpedia.org/resource/Allt_Lwyd,Allt Lwyd,727.79134266907
http://dbpedia.org/resource/Regenboldshorn,Regenboldshorn,2023.78257865176
http://dbpedia.org/resource/Piz_digl_Gurschus,Piz digl Gurschus,2703.3387015479107
http://dbpedia.org/resource/Cooper_Mountain_(West_Virginia),Cooper Mountain (West Virginia),640.3550388661412
http://dbpedia.org/resource/Monte_Baldo,Monte Baldo,2281.0263389947218
http://dbpedia.org/resource/Tai_Mun_Shan,Tai Mun Shan,330.5212903978583
http://dbpedia.org/resource/Hungry_Hill,Hungry Hill,705.5553668539391
http://dbpedia.org/resource/Corno_Bianco,Corno Bianco,3421.6530065748907
http://dbpedia.org/resource/Beinn_Reithe,Beinn Reithe,622.6292800235258
http://dbpedia.org/resource/Midtre_Tverråtinden,Midtre Tverråtinden,1995.4827532373126
http://dbpedia.org/resource/Eungbongsan_(Seoul),Eungbongsan (Seoul),90.3693504294017
http://dbpedia.org/resource/Vly_Mountain,Vly Mountain,1187.5421016802657
http://dbpedia.org/resource/Cuyoc_(mountain),Cuyoc (mountain),5657.77905231783
http://dbpedia.org/resource/Mount_Karifuri,Mount Karifuri,1401.6221535902812
http://dbpedia.org/resource/Mount_Cannon,Mount Cannon,2515.301322162295
http://dbpedia.org/resource/Colonel_Bob_Mountain,Colonel Bob Mountain,1346.9905600344325
"http://dbpedia.org/resource/Diamond_Head,_Hawaii","Diamond Head, Hawaii",259.4511403330949
http://dbpedia.org/resource/Bartlett_Haystack,Bartlett Haystack,982.1196341392558
http://dbpedia.org/resource/Stanage_Edge,Stanage Edge,472.1198958417809
http://dbpedia.org/resource/Mount_Chamah,Mount Chamah,1937.0156360287356
http://dbpedia.org/resource/Goldsborough_(hill),Goldsborough (hill),426.90393532085915
http://dbpedia.org/resource/Namdeogyusan,Namdeogyusan,1684.2714937541728
http://dbpedia.org/resource/Haukefjellet,Haukefjellet,1938.386970830949
http://dbpedia.org/resource/Kunkush,Kunkush,4472.447589827858
http://dbpedia.org/resource/Grmovšek_Lodge_Below_Big_Kopa,Grmovšek Lodge Below Big Kopa,1271.3673003264753
http://dbpedia.org/resource/Cerro_El_Huehuentón,Cerro El Huehuentón,2621.0885151025022
http://dbpedia.org/resource/Jatun_Rumi,Jatun Rumi,4092.9658504426316
http://dbpedia.org/resource/Ice_Mountain_(Colorado),Ice Mountain (Colorado),4703.468809489089
http://dbpedia.org/resource/Mount_Cabuyao,Mount Cabuyao,1737.590069414629
http://dbpedia.org/resource/Round_Top_(Oregon),Round Top (Oregon),861.7902106176734
http://dbpedia.org/resource/Maja_Bojs,Maja Bojs,2276.1036330233133
http://dbpedia.org/resource/Wayra_Willk'i,Wayra Willk'i,4497.160211255607
http://dbpedia.org/resource/Kuntur_Wachanan_(Lima),Kuntur Wachanan (Lima),5230.66715811883
http://dbpedia.org/resource/Poncione_del_Vènn,Poncione del Vènn,2719.203101787349
http://dbpedia.org/resource/P'utu_P'utu,P'utu P'utu,5146.871171108445
http://dbpedia.org/resource/Mount_Marathon,Mount Marathon,1241.0376748750518
http://dbpedia.org/resource/Kostal_Cone,Kostal Cone,1425.8686486986505
http://dbpedia.org/resource/Chandrashila,Chandrashila,3799.1801650573925
http://dbpedia.org/resource/La_Tossa_d'Alp,La Tossa d'Alp,2830.7790389886654
http://dbpedia.org/resource/Hualālai,Hualālai,2289.735309786986
http://dbpedia.org/resource/Kanjut_Sar,Kanjut Sar,8579.55314983022
http://dbpedia.org/resource/Desatoya_Peak,Desatoya Peak,2749.7101144471394
http://dbpedia.org/resource/San_Juan_(mountain),San Juan (mountain),5678.650177483349
http://dbpedia.org/resource/Slieve_Binnian,Slieve Binnian,680.0885566417891
http://dbpedia.org/resource/Mallos_de_Riglos,Mallos de Riglos,1069.4357899575728
http://dbpedia.org/resource/Bulmosan,Bulmosan,441.19958902052474
http://dbpedia.org/resource/Janq'u_Ch'utu,Janq'u Ch'utu,3746.269065263377
http://dbpedia.org/resource/Double_Mountain_(California),Double Mountain (California),2145.530841957407
http://dbpedia.org/resource/Medvezhya,Medvezhya,1273.8120780143072
http://dbpedia.org/resource/Huayanay,Huayanay,5743.790290786644
http://dbpedia.org/resource/Baden-Powell_Peak,Baden-Powell Peak,5786.890696502922
http://dbpedia.org/resource/Nevelfjell,Nevelfjell,1035.5804019903649
http://dbpedia.org/resource/Ch'uxña_Quta_(Larecaja),Ch'uxña Quta (Larecaja),4413.827952687511
http://dbpedia.org/resource/Mukhra_Thuthai_haphong,Mukhra Thuthai haphong,974.1099156367306
http://dbpedia.org/resource/Mount_Odin_(British_Columbia),Mount Odin (British Columbia),3186.1554695776704
http://dbpedia.org/resource/Hole_in_the_Mountain_Peak,Hole in the Mountain Peak,3364.076054636886
http://dbpedia.org/resource/Cerro_Cañapa,Cerro Cañapa,6555.460137438181
http://dbpedia.org/resource/C._H._Ostenfeld_Nunatak,C. H. Ostenfeld Nunatak,961.1570990916499
http://dbpedia.org/resource/Culebra_Peak,Culebra Peak,4090.9347345889496
http://dbpedia.org/resource/Guryongsan,Guryongsan,1183.5586824612385
http://dbpedia.org/resource/Middle_Yandang_Mountains,Middle Yandang Mountains,512.3450239205334
http://dbpedia.org/resource/Kuh-e_Chuk_Shakh,Kuh-e Chuk Shakh,4744.947922123416
http://dbpedia.org/resource/Nine_Standards_Rigg,Nine Standards Rigg,597.8536892178022
http://dbpedia.org/resource/Pico_Naiguatá,Pico Naiguatá,2400.4531731502652
http://dbpedia.org/resource/Rossbodenstock,Rossbodenstock,2912.4718941024753
http://dbpedia.org/resource/Mount_Oshiki,Mount Oshiki,1699.9852981692027
http://dbpedia.org/resource/Mount_Alice_(Colorado),Mount Alice (Colorado),4219.256163671121
http://dbpedia.org/resource/Ch'uxña_Quta_(Loayza),Ch'uxña Quta (Loayza),5232.765874864756
http://dbpedia.org/resource/Monte_Gorzano,Monte Gorzano,2318.5248196293924
http://dbpedia.org/resource/Naeyeonsan,Naeyeonsan,777.4752832061422
http://dbpedia.org/resource/Amicombe_Hill,Amicombe Hill,525.6371776138313
http://dbpedia.org/resource/Mount_Pleasant_(Australian_Capital_Territory),Mount Pleasant (Australian Capital Territory),604.8899704875041
http://dbpedia.org/resource/Jebibong,Jebibong,615.3422305022596
http://dbpedia.org/resource/Rocca_dei_Tre_Vescovi,Rocca dei Tre Vescovi,2598.9631738807393
http://dbpedia.org/resource/Ramolkogel,Ramolkogel,3614.9103296454077
http://dbpedia.org/resource/Muela_del_Diablo,Muela del Diablo,3662.997255657021
http://dbpedia.org/resource/Round_Top,Round Top,554.5666569493033
http://dbpedia.org/resource/Sommerberg_(Taunus),Sommerberg (Taunus),502.12141796863347
http://dbpedia.org/resource/Rastkogel,Rastkogel,2842.387128440127
http://dbpedia.org/resource/Chawpi_Urqu_(Huancavelica),Chawpi Urqu (Huancavelica),3820.952797637212
http://dbpedia.org/resource/North_Berwick_Law,North Berwick Law,163.5408936636909
http://dbpedia.org/resource/Mount_Prophet,Mount Prophet,2576.727660636928
http://dbpedia.org/resource/Pico_Bolívar,Pico Bolívar,4288.256150149445
http://dbpedia.org/resource/Dreiskopf,Dreiskopf,877.5356921028427
"http://dbpedia.org/resource/Murray_Hill,_Christmas_Island","Murray Hill, Christmas Island",349.1182218849451
http://dbpedia.org/resource/Mount_Katsuma,Mount Katsuma,400.3147017437577
http://dbpedia.org/resource/Pukamuqu,Pukamuqu,3548.852538544177
http://dbpedia.org/resource/Mount_Tahat,Mount Tahat,2829.0733168470038
http://dbpedia.org/resource/Mount_Langley,Mount Langley,3779.392441278139
http://dbpedia.org/resource/Nun_Kun,Nun Kun,7282.351247565544
http://dbpedia.org/resource/Moanbane,Moanbane,762.7378177526617
http://dbpedia.org/resource/Ports_de_Tortosa-Beseit,Ports de Tortosa-Beseit,1433.1764161131803
http://dbpedia.org/resource/Red_Pike_(Buttermere),Red Pike (Buttermere),668.3766115436496
http://dbpedia.org/resource/Mount_Maya,Mount Maya,787.0031902618966
http://dbpedia.org/resource/Mullaghcleevaun,Mullaghcleevaun,891.6915986293375
http://dbpedia.org/resource/Mount_Woodring,Mount Woodring,4034.724255233362
http://dbpedia.org/resource/Muyu_Urqu,Muyu Urqu,3107.8848923053647
http://dbpedia.org/resource/Kongde_Ri,Kongde Ri,6580.171069142627
http://dbpedia.org/resource/Mount_Blaurock,Mount Blaurock,3806.688919082072
http://dbpedia.org/resource/Poppy_Mountain,Poppy Mountain,643.6146005931564
http://dbpedia.org/resource/Waña_Quta_(Potosí),Waña Quta (Potosí),4346.122136657064
http://dbpedia.org/resource/Schooley's_Mountain,Schooley's Mountain,349.43903080621
http://dbpedia.org/resource/Muruq'u_(Chuquisaca),Muruq'u (Chuquisaca),4676.046493275094
http://dbpedia.org/resource/Mount_Guero,Mount Guero,3201.83178513216
http://dbpedia.org/resource/Staufenberg_(Reinhardswald),Staufenberg (Reinhardswald),448.48732187665644
http://dbpedia.org/resource/Caldera_del_Atuel,Caldera del Atuel,4836.053604705859
http://dbpedia.org/resource/Horton_Peak,Horton Peak,3419.275225766789
http://dbpedia.org/resource/Kimsa_Kunturiri,Kimsa Kunturiri,4424.169214298526
http://dbpedia.org/resource/Split_Mountain_(California),Split Mountain (California),4070.3708206766296
http://dbpedia.org/resource/Mount_Richard-Molard,Mount Richard-Molard,1590.4575774554228
http://dbpedia.org/resource/Y_Groes_Fagl,Y Groes Fagl,704.9032895398934
http://dbpedia.org/resource/Cairnie_Hill,Cairnie Hill,256.29718681276796
http://dbpedia.org/resource/Healey_Nab,Healey Nab,217.0971665986726
http://dbpedia.org/resource/Tyatya,Tyatya,1780.887510330001
http://dbpedia.org/resource/San_Mateo_Peak,San Mateo Peak,970.9365324412142
http://dbpedia.org/resource/Werneth_Low,Werneth Low,253.9375335586195
http://dbpedia.org/resource/An_Gearanach,An Gearanach,1107.2633098209676
http://dbpedia.org/resource/Mount_Tanigawa,Mount Tanigawa,1750.8104624351088
http://dbpedia.org/resource/Ganwolsan,Ganwolsan,1099.582311111655
http://dbpedia.org/resource/Shavnabada,Shavnabada,780.8096167868521
http://dbpedia.org/resource/Mont_Ngaoui,Mont Ngaoui,1221.3962198305578
http://dbpedia.org/resource/Veslbreatinden,Veslbreatinden,1921.1428908041719
http://dbpedia.org/resource/Daxue_Mountain_(Taiwan),Daxue Mountain (Taiwan),3043.406407323402
http://dbpedia.org/resource/Hochalp,Hochalp,1525.4353523520747
http://dbpedia.org/resource/Rumi_Pukyu,Rumi Pukyu,4196.924676701755
http://dbpedia.org/resource/Stob_an_Eas,Stob an Eas,649.6399274604197
http://dbpedia.org/resource/Blue_Angels_Peak,Blue Angels Peak,1277.7786572951516
http://dbpedia.org/resource/Yana_Uqsha_(Cajatambo),Yana Uqsha (Cajatambo),4994.440155788885
http://dbpedia.org/resource/Mount_Jackson_(Colorado),Mount Jackson (Colorado),3681.719527067175
http://dbpedia.org/resource/Storstyggesvånåtinden,Storstyggesvånåtinden,2210.561723755128
http://dbpedia.org/resource/Nevado_Mismi,Nevado Mismi,5972.1344064850655
http://dbpedia.org/resource/Hundsmarter,Hundsmarter,926.1223634507908
http://dbpedia.org/resource/Am_Basteir,Am Basteir,912.4409412915782
http://dbpedia.org/resource/Simiyuq_Wank'a,Simiyuq Wank'a,4800.772484816236
http://dbpedia.org/resource/Pilsdon_Pen,Pilsdon Pen,249.2123749301196
http://dbpedia.org/resource/Mount_Damfool,Mount Damfool,1870.7438535232966
http://dbpedia.org/resource/Mühlenkopf,Mühlenkopf,838.4261394415474
http://dbpedia.org/resource/Wallatiri_(Poopó),Wallatiri (Poopó),4411.3103975283775
http://dbpedia.org/resource/Qulluta_(Recuay),Qulluta (Recuay),4616.7693069316365
http://dbpedia.org/resource/Kellerskopf_(Taunus),Kellerskopf (Taunus),452.11485202510517
http://dbpedia.org/resource/Kalabak,Kalabak,2493.3261844045946
http://dbpedia.org/resource/Mont_d'Amin,Mont d'Amin,1609.6142140571803
http://dbpedia.org/resource/Vernadskii_Ridge,Vernadskii Ridge,1097.4045643589225
http://dbpedia.org/resource/Mount_Skook_Davidson,Mount Skook Davidson,2353.8487144607393
http://dbpedia.org/resource/Maithai_jama_Haphong,Maithai jama Haphong,913.4324873903048
http://dbpedia.org/resource/White_Rock_(Taconic_Mountains),White Rock (Taconic Mountains),777.3119526668418
http://dbpedia.org/resource/Mount_Blackwood,Mount Blackwood,626.6660832157235
http://dbpedia.org/resource/Gunnbjørn_Fjeld,Gunnbjørn Fjeld,3567.5177812203137
http://dbpedia.org/resource/Meru_Peak,Meru Peak,7356.892919297468
http://dbpedia.org/resource/Gemauerter_Stein,Gemauerter Stein,669.5094169103667
http://dbpedia.org/resource/Ben_Alder,Ben Alder,1184.1530796832062
http://dbpedia.org/resource/Qutañani_(Peru),Qutañani (Peru),4182.80375401829
http://dbpedia.org/resource/Mount_Tokachiporoshiri,Mount Tokachiporoshiri,1672.1627021609622
http://dbpedia.org/resource/Qiajivik_Mountain,Qiajivik Mountain,2085.7361896954753
http://dbpedia.org/resource/Mount_King_George,Mount King George,3720.001750863331
http://dbpedia.org/resource/Makindye,Makindye,1369.7004852163977
http://dbpedia.org/resource/Pilot_Mountain_(Alberta),Pilot Mountain (Alberta),3272.494178762492
http://dbpedia.org/resource/Pizzo_Pianca,Pizzo Pianca,2557.6186390191992
http://dbpedia.org/resource/Daeyasan,Daeyasan,995.9217131215687
http://dbpedia.org/resource/Hallgarter_Zange,Hallgarter Zange,503.61857721478975
http://dbpedia.org/resource/Pfaffenberg_(Hohenstein-Ernstthal),Pfaffenberg (Hohenstein-Ernstthal),421.8281494939771
http://dbpedia.org/resource/Abert_Rim,Abert Rim,2544.875211876363
http://dbpedia.org/resource/Kings_Pinnacle,Kings Pinnacle,530.311628612707
http://dbpedia.org/resource/Heidalsmuen,Heidalsmuen,1508.1680732339385
http://dbpedia.org/resource/Thamserku,Thamserku,6989.6296392003405
http://dbpedia.org/resource/Hochseiler,Hochseiler,3133.774042806367
http://dbpedia.org/resource/Mount_Gibbs,Mount Gibbs,4455.037823107681
"http://dbpedia.org/resource/Silver_Star_Mountain_(Okanogan_County,_Washington)","Silver Star Mountain (Okanogan County, Washington)",3054.063597297191
http://dbpedia.org/resource/Chau_Chau_Kang_Nilda,Chau Chau Kang Nilda,5900.622984529516
http://dbpedia.org/resource/Mount_Si,Mount Si,1132.048566252276
http://dbpedia.org/resource/Pico_da_Cruz,Pico da Cruz,1709.7387360074526
http://dbpedia.org/resource/Wachwa,Wachwa,5821.545157567704
http://dbpedia.org/resource/Kimsachata_(Quispicanchi),Kimsachata (Quispicanchi),5806.476584693761
http://dbpedia.org/resource/Sunbeam_Peak,Sunbeam Peak,4637.189900558817
http://dbpedia.org/resource/Geomunsan,Geomunsan,1294.68111933462
http://dbpedia.org/resource/Grand_Cornier,Grand Cornier,3895.2916155496096
http://dbpedia.org/resource/Mount_Elkins,Mount Elkins,2476.0727730938056
http://dbpedia.org/resource/Chilcayoc_Grande,Chilcayoc Grande,2937.5678593039347
http://dbpedia.org/resource/Monte_Montona,Monte Montona,239.2146642830328
http://dbpedia.org/resource/Mont_Sokbaro,Mont Sokbaro,660.8716894706604
http://dbpedia.org/resource/Foel_Fraith,Foel Fraith,544.7527968413293
http://dbpedia.org/resource/Ilú–Tramen_Massif,Ilú–Tramen Massif,2597.7211704480496
http://dbpedia.org/resource/Columbia_Peak,Columbia Peak,2331.0319350886007
http://dbpedia.org/resource/Koh_e_Hindu,Koh e Hindu,2947.327048465538
http://dbpedia.org/resource/Mount_Napier,Mount Napier,438.1943222554303
http://dbpedia.org/resource/Jichu_Quta,Jichu Quta,5146.287102400781
http://dbpedia.org/resource/Greenhorn_Mountain,Greenhorn Mountain,4183.388082087564
"http://dbpedia.org/resource/Twin_Peaks_(Santa_Clara_County,_California)","Twin Peaks (Santa Clara County, California)",392.84000641810997
http://dbpedia.org/resource/Bigerhorn,Bigerhorn,3477.675889854448
http://dbpedia.org/resource/Arenig_Fawr_South_Ridge_Top,Arenig Fawr South Ridge Top,766.8495992609872
http://dbpedia.org/resource/Mount_Heyburn,Mount Heyburn,3535.8675407263795
http://dbpedia.org/resource/Veneziaspitze,Veneziaspitze,3208.673961333716
http://dbpedia.org/resource/Comanche_Point,Comanche Point,351.24398750902253
http://dbpedia.org/resource/Eagle_Peak_(California),Eagle Peak (California),2977.887510295946
http://dbpedia.org/resource/Feechopf,Feechopf,4206.594245337057
http://dbpedia.org/resource/Frog_Woman_Rock,Frog Woman Rock,275.4284347326455
http://dbpedia.org/resource/Wiki_Peak,Wiki Peak,2399.720692107399
http://dbpedia.org/resource/Laufskopf,Laufskopf,566.5441972012793
http://dbpedia.org/resource/Todoko-Ranu,Todoko-Ranu,1099.8134760730418
"http://dbpedia.org/resource/Sugarloaf_Mountain_(Franklin_County,_Maine)","Sugarloaf Mountain (Franklin County, Maine)",1424.0338253250784
http://dbpedia.org/resource/Chilbosan_(North_Jeolla),Chilbosan (North Jeolla),528.5003443642131
http://dbpedia.org/resource/Tongosan,Tongosan,1157.8135291378835
http://dbpedia.org/resource/Palgongsan_(North_Jeolla),Palgongsan (North Jeolla),1144.7195803072784
http://dbpedia.org/resource/Skrzyczne,Skrzyczne,1384.3785248546228
http://dbpedia.org/resource/Housetop_Mountain,Housetop Mountain,3504.3332028438526
http://dbpedia.org/resource/Storjuvtinden,Storjuvtinden,2152.3416631938526
http://dbpedia.org/resource/Turini_(Ingavi),Turini (Ingavi),4588.229606019522
http://dbpedia.org/resource/Lawrani_(Oruro),Lawrani (Oruro),3481.0984293194288
http://dbpedia.org/resource/Mont_Aigoual,Mont Aigoual,1428.2747910249245
http://dbpedia.org/resource/Seoraksan,Seoraksan,1829.2684860145466
http://dbpedia.org/resource/Amelungsburg_(Lippe_Uplands),Amelungsburg (Lippe Uplands),298.4383842593976
http://dbpedia.org/resource/Crestone_Needle,Crestone Needle,4536.094541926837
http://dbpedia.org/resource/Kidsty_Pike,Kidsty Pike,885.3819973461493
http://dbpedia.org/resource/Japu_Punta,Japu Punta,5329.823906141304
http://dbpedia.org/resource/Limburg_(Weilheim_an_der_Teck),Limburg (Weilheim an der Teck),527.5292694938286
http://dbpedia.org/resource/Wila_Qullu_Punta,Wila Qullu Punta,4586.724034590618
http://dbpedia.org/resource/Viștea_Mare,Viștea Mare,2534.8302134587652
http://dbpedia.org/resource/Machaqa_Marka_(Cochabamba),Machaqa Marka (Cochabamba),3763.2274232964364
http://dbpedia.org/resource/Langtang_Lirung,Langtang Lirung,7179.932677005888
http://dbpedia.org/resource/Solitary_Mountain,Solitary Mountain,1724.0280300108336
http://dbpedia.org/resource/Wasserflue,Wasserflue,825.1653707779682
http://dbpedia.org/resource/Guide_Rock_(hill),Guide Rock (hill),568.101609901624
http://dbpedia.org/resource/Ramberg_(Harz),Ramberg (Harz),527.9632116904174
http://dbpedia.org/resource/Mount_McNeil,Mount McNeil,2750.1103513521853
http://dbpedia.org/resource/Kiwicha_(Peru),Kiwicha (Peru),5651.473324175823
http://dbpedia.org/resource/Chasia,Chasia,1704.3268954886917
http://dbpedia.org/resource/Hochstollen,Hochstollen,2766.4608470117814
http://dbpedia.org/resource/Munt_Arlas,Munt Arlas,3473.8269523101008
http://dbpedia.org/resource/Schiben,Schiben,2951.0946742115566
http://dbpedia.org/resource/Glatthorn,Glatthorn,2279.763921883473
http://dbpedia.org/resource/Golaš,Golaš,1467.3587360560869
http://dbpedia.org/resource/Jicarilla_Mountains,Jicarilla Mountains,2344.932207515846
http://dbpedia.org/resource/Petit_Combin,Petit Combin,3440.9346740869755
http://dbpedia.org/resource/Mount_Neacola,Mount Neacola,3220.2189178036015
http://dbpedia.org/resource/Mont_Idoukal-n-Taghès,Mont Idoukal-n-Taghès,2165.013378437754
http://dbpedia.org/resource/Mantapsan,Mantapsan,2018.2776825245703
http://dbpedia.org/resource/Rogan's_Seat,Rogan's Seat,737.4897406763035
http://dbpedia.org/resource/Beinn_Shiantaidh,Beinn Shiantaidh,817.9159746322956
http://dbpedia.org/resource/Piz_Surgonda,Piz Surgonda,2799.1766344018943
http://dbpedia.org/resource/Black_Peak_(Washington),Black Peak (Washington),2778.8205576228806
http://dbpedia.org/resource/Zwölferkogel_(Stubai_Alps),Zwölferkogel (Stubai Alps),2931.8699908691383
http://dbpedia.org/resource/Khao_Ok_Talu,Khao Ok Talu,195.47422470971495
"http://dbpedia.org/resource/Càrn_Dearg,_Monadh_Liath","Càrn Dearg, Monadh Liath",989.566023605289
http://dbpedia.org/resource/Ratangad,Ratangad,1268.719824118456
http://dbpedia.org/resource/Le_Toûno,Le Toûno,2824.1533252412587
http://dbpedia.org/resource/Ohrenspitzen,Ohrenspitzen,3385.0938790914056
http://dbpedia.org/resource/Mount_Lowe_(California),Mount Lowe (California),1625.909684028985
http://dbpedia.org/resource/Quyllurqucha_(Huaylas),Quyllurqucha (Huaylas),4960.45092875699
http://dbpedia.org/resource/Monte_Meta,Monte Meta,2180.6273415594233
http://dbpedia.org/resource/Gairich,Gairich,1006.8182661572798
